{
    "high": {
        "precision": 0.0,
        "recall": 0.0,
        "f1-score": 0.0,
        "support": 8.0
    },
    "low": {
        "precision": 0.5394736842105263,
        "recall": 0.9534883720930233,
        "f1-score": 0.6890756302521008,
        "support": 43.0
    },
    "medium": {
        "precision": 0.0,
        "recall": 0.0,
        "f1-score": 0.0,
        "support": 26.0
    },
    "normal": {
        "precision": 0.8536585365853658,
        "recall": 0.875,
        "f1-score": 0.8641975308641975,
        "support": 40.0
    },
    "accuracy": 0.6495726495726496,
    "macro_avg": {
        "precision": 0.34828305519897307,
        "recall": 0.4571220930232558,
        "f1-score": 0.3883182902790746,
        "support": 117.0
    },
    "weighted_avg": {
        "precision": 0.4901171784997203,
        "recall": 0.6495726495726496,
        "f1-score": 0.5487021652598995,
        "support": 117.0
    },
    "micro_avg": {
        "precision": 0.6495726495726496,
        "recall": 0.6495726495726496,
        "f1-score": 0.6495726495726496
    },
    "regression": {
        "mse": 0.6581196581196581,
        "rmse": 0.8112457445926345,
        "mae": 0.452991452991453,
        "kendall": 0.619410428635782
    }
}