{
    "high": {
        "precision": 1.0,
        "recall": 0.375,
        "f1-score": 0.5454545454545454,
        "support": 8.0
    },
    "low": {
        "precision": 0.8292682926829268,
        "recall": 0.7906976744186046,
        "f1-score": 0.8095238095238095,
        "support": 43.0
    },
    "medium": {
        "precision": 0.6285714285714286,
        "recall": 0.8461538461538461,
        "f1-score": 0.7213114754098361,
        "support": 26.0
    },
    "normal": {
        "precision": 0.9473684210526315,
        "recall": 0.9,
        "f1-score": 0.9230769230769231,
        "support": 40.0
    },
    "accuracy": 0.811965811965812,
    "macro_avg": {
        "precision": 0.8513020355767467,
        "recall": 0.7279628801431127,
        "f1-score": 0.7498416883662786,
        "support": 117.0
    },
    "weighted_avg": {
        "precision": 0.8367190647036603,
        "recall": 0.811965811965812,
        "f1-score": 0.8106866278366909,
        "support": 117.0
    },
    "micro_avg": {
        "precision": 0.811965811965812,
        "recall": 0.811965811965812,
        "f1-score": 0.811965811965812
    },
    "regression": {
        "mse": 0.3162393162393162,
        "rmse": 0.5623515948579823,
        "mae": 0.23076923076923078,
        "kendall": 0.779001477006939
    }
}