{
    "high": {
        "precision": 0.4444444444444444,
        "recall": 0.5,
        "f1-score": 0.47058823529411764,
        "support": 8.0
    },
    "low": {
        "precision": 0.875,
        "recall": 0.813953488372093,
        "f1-score": 0.8433734939759037,
        "support": 43.0
    },
    "medium": {
        "precision": 0.76,
        "recall": 0.7307692307692307,
        "f1-score": 0.7450980392156863,
        "support": 26.0
    },
    "normal": {
        "precision": 0.9069767441860465,
        "recall": 0.975,
        "f1-score": 0.9397590361445783,
        "support": 40.0
    },
    "accuracy": 0.8290598290598291,
    "macro_avg": {
        "precision": 0.7466052971576227,
        "recall": 0.754930679785331,
        "f1-score": 0.7497047011575715,
        "support": 117.0
    },
    "weighted_avg": {
        "precision": 0.8309369685726274,
        "recall": 0.8290598290598291,
        "f1-score": 0.8289972358009212,
        "support": 117.0
    },
    "micro_avg": {
        "precision": 0.8290598290598291,
        "recall": 0.8290598290598291,
        "f1-score": 0.8290598290598291
    },
    "regression": {
        "mse": 0.46153846153846156,
        "rmse": 0.6793662204867574,
        "mae": 0.2564102564102564,
        "kendall": 0.7533898748550885
    }
}