{
    "high": {
        "precision": 0.4,
        "recall": 0.5,
        "f1-score": 0.4444444444444444,
        "support": 8.0
    },
    "low": {
        "precision": 0.8461538461538461,
        "recall": 0.7674418604651163,
        "f1-score": 0.8048780487804879,
        "support": 43.0
    },
    "medium": {
        "precision": 0.7692307692307693,
        "recall": 0.7692307692307693,
        "f1-score": 0.7692307692307693,
        "support": 26.0
    },
    "normal": {
        "precision": 0.9285714285714286,
        "recall": 0.975,
        "f1-score": 0.9512195121951219,
        "support": 40.0
    },
    "accuracy": 0.8205128205128205,
    "macro_avg": {
        "precision": 0.735989010989011,
        "recall": 0.7529181574239714,
        "f1-score": 0.7424431936627058,
        "support": 117.0
    },
    "weighted_avg": {
        "precision": 0.8267305344228423,
        "recall": 0.8205128205128205,
        "f1-score": 0.8223426678711232,
        "support": 117.0
    },
    "micro_avg": {
        "precision": 0.8205128205128205,
        "recall": 0.8205128205128205,
        "f1-score": 0.8205128205128205
    },
    "regression": {
        "mse": 0.41025641025641024,
        "rmse": 0.6405126152203485,
        "mae": 0.2564102564102564,
        "kendall": 0.7731247967347675
    }
}