{
    "high": {
        "precision": 0.0,
        "recall": 0.0,
        "f1-score": 0.0,
        "support": 8.0
    },
    "low": {
        "precision": 0.5342465753424658,
        "recall": 0.9069767441860465,
        "f1-score": 0.6724137931034483,
        "support": 43.0
    },
    "medium": {
        "precision": 0.0,
        "recall": 0.0,
        "f1-score": 0.0,
        "support": 26.0
    },
    "normal": {
        "precision": 0.8636363636363636,
        "recall": 0.95,
        "f1-score": 0.9047619047619048,
        "support": 40.0
    },
    "accuracy": 0.6581196581196581,
    "macro_avg": {
        "precision": 0.34947073474470736,
        "recall": 0.46424418604651163,
        "f1-score": 0.39429392446633826,
        "support": 117.0
    },
    "weighted_avg": {
        "precision": 0.4916073272237656,
        "recall": 0.6581196581196581,
        "f1-score": 0.5564467461019185,
        "support": 117.0
    },
    "micro_avg": {
        "precision": 0.6581196581196581,
        "recall": 0.6581196581196581,
        "f1-score": 0.6581196581196581
    },
    "regression": {
        "mse": 0.5982905982905983,
        "rmse": 0.7734924681537618,
        "mae": 0.42735042735042733,
        "kendall": 0.7045533049437149
    }
}