{
    "high": {
        "precision": 0.0,
        "recall": 0.0,
        "f1-score": 0.0,
        "support": 8.0
    },
    "low": {
        "precision": 0.7647058823529411,
        "recall": 0.9069767441860465,
        "f1-score": 0.8297872340425532,
        "support": 43.0
    },
    "medium": {
        "precision": 0.7037037037037037,
        "recall": 0.7307692307692307,
        "f1-score": 0.7169811320754716,
        "support": 26.0
    },
    "normal": {
        "precision": 0.8974358974358975,
        "recall": 0.875,
        "f1-score": 0.8860759493670886,
        "support": 40.0
    },
    "accuracy": 0.7948717948717948,
    "macro_avg": {
        "precision": 0.5914613708731356,
        "recall": 0.6281864937388193,
        "f1-score": 0.6082110788712783,
        "support": 117.0
    },
    "weighted_avg": {
        "precision": 0.7442400438881083,
        "recall": 0.7948717948717948,
        "f1-score": 0.7672256279698769,
        "support": 117.0
    },
    "micro_avg": {
        "precision": 0.7948717948717948,
        "recall": 0.7948717948717948,
        "f1-score": 0.7948717948717948
    },
    "regression": {
        "mse": 0.41025641025641024,
        "rmse": 0.6405126152203485,
        "mae": 0.27350427350427353,
        "kendall": 0.7279256662996201
    }
}