{
    "high": {
        "precision": 0.0,
        "recall": 0.0,
        "f1-score": 0.0,
        "support": 8.0
    },
    "low": {
        "precision": 0.5454545454545454,
        "recall": 0.9767441860465116,
        "f1-score": 0.7,
        "support": 43.0
    },
    "medium": {
        "precision": 0.0,
        "recall": 0.0,
        "f1-score": 0.0,
        "support": 26.0
    },
    "normal": {
        "precision": 0.95,
        "recall": 0.95,
        "f1-score": 0.95,
        "support": 40.0
    },
    "accuracy": 0.6837606837606838,
    "macro_avg": {
        "precision": 0.37386363636363634,
        "recall": 0.4816860465116279,
        "f1-score": 0.4125,
        "support": 117.0
    },
    "weighted_avg": {
        "precision": 0.5252525252525252,
        "recall": 0.6837606837606838,
        "f1-score": 0.582051282051282,
        "support": 117.0
    },
    "micro_avg": {
        "precision": 0.6837606837606838,
        "recall": 0.6837606837606838,
        "f1-score": 0.6837606837606838
    },
    "regression": {
        "mse": 0.5470085470085471,
        "rmse": 0.7396002616336389,
        "mae": 0.39316239316239315,
        "kendall": 0.7438067370387629
    }
}