{
    "high": {
        "precision": 1.0,
        "recall": 0.75,
        "f1-score": 0.8571428571428571,
        "support": 8.0
    },
    "low": {
        "precision": 0.9908256880733946,
        "recall": 1.0,
        "f1-score": 0.9953917050691244,
        "support": 108.0
    },
    "medium": {
        "precision": 0.9875,
        "recall": 1.0,
        "f1-score": 0.9937106918238994,
        "support": 158.0
    },
    "normal": {
        "precision": 1.0,
        "recall": 0.9942528735632183,
        "f1-score": 0.9971181556195965,
        "support": 174.0
    },
    "accuracy": 0.9933035714285714,
    "macro_avg": {
        "precision": 0.9945814220183486,
        "recall": 0.9360632183908046,
        "f1-score": 0.9608408524138694,
        "support": 448.0
    },
    "weighted_avg": {
        "precision": 0.9933798533748363,
        "recall": 0.9933035714285714,
        "f1-score": 0.9930006593540048,
        "support": 448.0
    },
    "micro_avg": {
        "precision": 0.9933035714285714,
        "recall": 0.9933035714285714,
        "f1-score": 0.9933035714285714
    },
    "regression": {
        "mse": 0.020089285714285716,
        "rmse": 0.1417366773784602,
        "mae": 0.011160714285714286,
        "kendall": 0.9874245207824459
    }
}