{
    "high": {
        "precision": 0.4,
        "recall": 0.25,
        "f1-score": 0.3076923076923077,
        "support": 8.0
    },
    "low": {
        "precision": 0.9444444444444444,
        "recall": 0.7906976744186046,
        "f1-score": 0.8607594936708861,
        "support": 43.0
    },
    "medium": {
        "precision": 0.6216216216216216,
        "recall": 0.8846153846153846,
        "f1-score": 0.7301587301587301,
        "support": 26.0
    },
    "normal": {
        "precision": 0.9487179487179487,
        "recall": 0.925,
        "f1-score": 0.9367088607594937,
        "support": 40.0
    },
    "accuracy": 0.8205128205128205,
    "macro_avg": {
        "precision": 0.7286960036960037,
        "recall": 0.7125782647584973,
        "f1-score": 0.7088298480703544,
        "support": 117.0
    },
    "weighted_avg": {
        "precision": 0.8369400959144548,
        "recall": 0.8205128205128205,
        "f1-score": 0.8198861376401136,
        "support": 117.0
    },
    "micro_avg": {
        "precision": 0.8205128205128205,
        "recall": 0.8205128205128205,
        "f1-score": 0.8205128205128205
    },
    "regression": {
        "mse": 0.358974358974359,
        "rmse": 0.5991446895152781,
        "mae": 0.23931623931623933,
        "kendall": 0.7796401065269088
    }
}