{
    "high": {
        "precision": 1.0,
        "recall": 0.25,
        "f1-score": 0.4,
        "support": 8.0
    },
    "low": {
        "precision": 0.8222222222222222,
        "recall": 0.8604651162790697,
        "f1-score": 0.8409090909090909,
        "support": 43.0
    },
    "medium": {
        "precision": 0.6666666666666666,
        "recall": 0.7692307692307693,
        "f1-score": 0.7142857142857143,
        "support": 26.0
    },
    "normal": {
        "precision": 0.95,
        "recall": 0.95,
        "f1-score": 0.95,
        "support": 40.0
    },
    "accuracy": 0.8290598290598291,
    "macro_avg": {
        "precision": 0.8597222222222223,
        "recall": 0.7074239713774597,
        "f1-score": 0.7262987012987012,
        "support": 117.0
    },
    "weighted_avg": {
        "precision": 0.8434947768281101,
        "recall": 0.8290598290598291,
        "f1-score": 0.8199189699189701,
        "support": 117.0
    },
    "micro_avg": {
        "precision": 0.8290598290598291,
        "recall": 0.8290598290598291,
        "f1-score": 0.8290598290598291
    },
    "regression": {
        "mse": 0.3247863247863248,
        "rmse": 0.5699002761767402,
        "mae": 0.2222222222222222,
        "kendall": 0.7844817878554619
    }
}