{
    "high": {
        "precision": 1.0,
        "recall": 0.25,
        "f1-score": 0.4,
        "support": 8.0
    },
    "low": {
        "precision": 0.8604651162790697,
        "recall": 0.8604651162790697,
        "f1-score": 0.8604651162790697,
        "support": 43.0
    },
    "medium": {
        "precision": 0.6764705882352942,
        "recall": 0.8846153846153846,
        "f1-score": 0.7666666666666667,
        "support": 26.0
    },
    "normal": {
        "precision": 0.9736842105263158,
        "recall": 0.925,
        "f1-score": 0.9487179487179487,
        "support": 40.0
    },
    "accuracy": 0.8461538461538461,
    "macro_avg": {
        "precision": 0.87765497876017,
        "recall": 0.7300201252236136,
        "f1-score": 0.7439624329159213,
        "support": 117.0
    },
    "weighted_avg": {
        "precision": 0.8678256727792332,
        "recall": 0.8461538461538461,
        "f1-score": 0.8383081306158229,
        "support": 117.0
    },
    "micro_avg": {
        "precision": 0.8461538461538461,
        "recall": 0.8461538461538461,
        "f1-score": 0.8461538461538461
    },
    "regression": {
        "mse": 0.3076923076923077,
        "rmse": 0.5547001962252291,
        "mae": 0.20512820512820512,
        "kendall": 0.7970475310183059
    }
}