{
    "high": {
        "precision": 1.0,
        "recall": 0.375,
        "f1-score": 0.5454545454545454,
        "support": 8.0
    },
    "low": {
        "precision": 0.7647058823529411,
        "recall": 0.9069767441860465,
        "f1-score": 0.8297872340425532,
        "support": 43.0
    },
    "medium": {
        "precision": 0.7037037037037037,
        "recall": 0.7307692307692307,
        "f1-score": 0.7169811320754716,
        "support": 26.0
    },
    "normal": {
        "precision": 0.9444444444444444,
        "recall": 0.85,
        "f1-score": 0.8947368421052632,
        "support": 40.0
    },
    "accuracy": 0.811965811965812,
    "macro_avg": {
        "precision": 0.8532135076252723,
        "recall": 0.7156864937388193,
        "f1-score": 0.7467399384194584,
        "support": 117.0
    },
    "weighted_avg": {
        "precision": 0.8286874103867568,
        "recall": 0.811965811965812,
        "f1-score": 0.8074826542362302,
        "support": 117.0
    },
    "micro_avg": {
        "precision": 0.811965811965812,
        "recall": 0.811965811965812,
        "f1-score": 0.811965811965812
    },
    "regression": {
        "mse": 0.36752136752136755,
        "rmse": 0.6062354060275328,
        "mae": 0.24786324786324787,
        "kendall": 0.7403238682182458
    }
}