{
    "high": {
        "precision": 0.0,
        "recall": 0.0,
        "f1-score": 0.0,
        "support": 8.0
    },
    "low": {
        "precision": 0.5441176470588235,
        "recall": 0.8604651162790697,
        "f1-score": 0.6666666666666666,
        "support": 43.0
    },
    "medium": {
        "precision": 0.0,
        "recall": 0.0,
        "f1-score": 0.0,
        "support": 26.0
    },
    "normal": {
        "precision": 0.7755102040816326,
        "recall": 0.95,
        "f1-score": 0.8539325842696629,
        "support": 40.0
    },
    "accuracy": 0.6410256410256411,
    "macro_avg": {
        "precision": 0.329906962785114,
        "recall": 0.4526162790697674,
        "f1-score": 0.3801498127340824,
        "support": 117.0
    },
    "weighted_avg": {
        "precision": 0.46510655544268986,
        "recall": 0.6410256410256411,
        "f1-score": 0.5369570088671212,
        "support": 117.0
    },
    "micro_avg": {
        "precision": 0.6410256410256411,
        "recall": 0.6410256410256411,
        "f1-score": 0.6410256410256411
    },
    "regression": {
        "mse": 0.6923076923076923,
        "rmse": 0.8320502943378437,
        "mae": 0.4700854700854701,
        "kendall": 0.6321769956573693
    }
}