{
    "high": {
        "precision": 0.8,
        "recall": 0.5,
        "f1-score": 0.6153846153846154,
        "support": 8.0
    },
    "low": {
        "precision": 0.8604651162790697,
        "recall": 0.8604651162790697,
        "f1-score": 0.8604651162790697,
        "support": 43.0
    },
    "medium": {
        "precision": 0.7096774193548387,
        "recall": 0.8461538461538461,
        "f1-score": 0.7719298245614035,
        "support": 26.0
    },
    "normal": {
        "precision": 0.9736842105263158,
        "recall": 0.925,
        "f1-score": 0.9487179487179487,
        "support": 40.0
    },
    "accuracy": 0.8547008547008547,
    "macro_avg": {
        "precision": 0.8359566865400561,
        "recall": 0.782904740608229,
        "f1-score": 0.7991243762357594,
        "support": 117.0
    },
    "weighted_avg": {
        "precision": 0.8615297549083627,
        "recall": 0.8547008547008547,
        "f1-score": 0.8542048744477894,
        "support": 117.0
    },
    "micro_avg": {
        "precision": 0.8547008547008547,
        "recall": 0.8547008547008547,
        "f1-score": 0.8547008547008547
    },
    "regression": {
        "mse": 0.29914529914529914,
        "rmse": 0.5469417694282447,
        "mae": 0.19658119658119658,
        "kendall": 0.8033935518612364
    }
}