{
    "high": {
        "precision": 0.75,
        "recall": 0.375,
        "f1-score": 0.5,
        "support": 8.0
    },
    "low": {
        "precision": 0.7727272727272727,
        "recall": 0.7906976744186046,
        "f1-score": 0.7816091954022989,
        "support": 43.0
    },
    "medium": {
        "precision": 0.6666666666666666,
        "recall": 0.6923076923076923,
        "f1-score": 0.6792452830188679,
        "support": 26.0
    },
    "normal": {
        "precision": 0.8571428571428571,
        "recall": 0.9,
        "f1-score": 0.8780487804878049,
        "support": 40.0
    },
    "accuracy": 0.7777777777777778,
    "macro_avg": {
        "precision": 0.7616341991341992,
        "recall": 0.6895013416815743,
        "f1-score": 0.7097258147272428,
        "support": 117.0
    },
    "weighted_avg": {
        "precision": 0.7764642764642764,
        "recall": 0.7777777777777778,
        "f1-score": 0.7725771280367659,
        "support": 117.0
    },
    "micro_avg": {
        "precision": 0.7777777777777778,
        "recall": 0.7777777777777778,
        "f1-score": 0.7777777777777778
    },
    "regression": {
        "mse": 0.452991452991453,
        "rmse": 0.6730463973541891,
        "mae": 0.29914529914529914,
        "kendall": 0.6961810238337489
    }
}