{
    "high": {
        "precision": 0.7142857142857143,
        "recall": 0.625,
        "f1-score": 0.6666666666666666,
        "support": 8.0
    },
    "low": {
        "precision": 0.926605504587156,
        "recall": 0.9351851851851852,
        "f1-score": 0.9308755760368663,
        "support": 108.0
    },
    "medium": {
        "precision": 0.9620253164556962,
        "recall": 0.9620253164556962,
        "f1-score": 0.9620253164556962,
        "support": 158.0
    },
    "normal": {
        "precision": 0.9885057471264368,
        "recall": 0.9885057471264368,
        "f1-score": 0.9885057471264368,
        "support": 174.0
    },
    "accuracy": 0.9598214285714286,
    "macro_avg": {
        "precision": 0.8978555706137509,
        "recall": 0.8776790621918295,
        "f1-score": 0.8870183265714165,
        "support": 448.0
    },
    "weighted_avg": {
        "precision": 0.9593475004680772,
        "recall": 0.9598214285714286,
        "f1-score": 0.9595265525565065,
        "support": 448.0
    },
    "micro_avg": {
        "precision": 0.9598214285714286,
        "recall": 0.9598214285714286,
        "f1-score": 0.9598214285714286
    },
    "regression": {
        "mse": 0.07142857142857142,
        "rmse": 0.2672612419124244,
        "mae": 0.049107142857142856,
        "kendall": 0.951038547526249
    }
}