{
    "high": {
        "precision": 0.6666666666666666,
        "recall": 0.5,
        "f1-score": 0.5714285714285714,
        "support": 8.0
    },
    "low": {
        "precision": 0.8333333333333334,
        "recall": 0.813953488372093,
        "f1-score": 0.8235294117647058,
        "support": 43.0
    },
    "medium": {
        "precision": 0.7,
        "recall": 0.8076923076923077,
        "f1-score": 0.75,
        "support": 26.0
    },
    "normal": {
        "precision": 0.9230769230769231,
        "recall": 0.9,
        "f1-score": 0.9113924050632911,
        "support": 40.0
    },
    "accuracy": 0.8205128205128205,
    "macro_avg": {
        "precision": 0.7807692307692309,
        "recall": 0.7554114490161002,
        "f1-score": 0.7640875970641421,
        "support": 117.0
    },
    "weighted_avg": {
        "precision": 0.8229892614508001,
        "recall": 0.8205128205128205,
        "f1-score": 0.8199905083747228,
        "support": 117.0
    },
    "micro_avg": {
        "precision": 0.8205128205128205,
        "recall": 0.8205128205128205,
        "f1-score": 0.8205128205128205
    },
    "regression": {
        "mse": 0.3333333333333333,
        "rmse": 0.5773502691896257,
        "mae": 0.23076923076923078,
        "kendall": 0.7787864309186374
    }
}