{
    "high": {
        "precision": 0.5,
        "recall": 0.25,
        "f1-score": 0.3333333333333333,
        "support": 8.0
    },
    "low": {
        "precision": 0.8297872340425532,
        "recall": 0.9069767441860465,
        "f1-score": 0.8666666666666667,
        "support": 43.0
    },
    "medium": {
        "precision": 0.7391304347826086,
        "recall": 0.6538461538461539,
        "f1-score": 0.6938775510204082,
        "support": 26.0
    },
    "normal": {
        "precision": 0.8604651162790697,
        "recall": 0.925,
        "f1-score": 0.891566265060241,
        "support": 40.0
    },
    "accuracy": 0.811965811965812,
    "macro_avg": {
        "precision": 0.732345696276058,
        "recall": 0.6839557245080501,
        "f1-score": 0.6963609540201623,
        "support": 117.0
    },
    "weighted_avg": {
        "precision": 0.7975798890541914,
        "recall": 0.811965811965812,
        "f1-score": 0.8003145321561844,
        "support": 117.0
    },
    "micro_avg": {
        "precision": 0.811965811965812,
        "recall": 0.811965811965812,
        "f1-score": 0.811965811965812
    },
    "regression": {
        "mse": 0.4444444444444444,
        "rmse": 0.6666666666666666,
        "mae": 0.27350427350427353,
        "kendall": 0.7179226661517363
    }
}