{
    "high": {
        "precision": 0.5,
        "recall": 0.375,
        "f1-score": 0.42857142857142855,
        "support": 8.0
    },
    "low": {
        "precision": 0.8974358974358975,
        "recall": 0.813953488372093,
        "f1-score": 0.8536585365853658,
        "support": 43.0
    },
    "medium": {
        "precision": 0.6666666666666666,
        "recall": 0.7692307692307693,
        "f1-score": 0.7142857142857143,
        "support": 26.0
    },
    "normal": {
        "precision": 0.8333333333333334,
        "recall": 0.875,
        "f1-score": 0.8536585365853658,
        "support": 40.0
    },
    "accuracy": 0.7948717948717948,
    "macro_avg": {
        "precision": 0.7243589743589743,
        "recall": 0.7082960644007156,
        "f1-score": 0.7125435540069686,
        "support": 117.0
    },
    "weighted_avg": {
        "precision": 0.797063335524874,
        "recall": 0.7948717948717948,
        "f1-score": 0.7936210131332082,
        "support": 117.0
    },
    "micro_avg": {
        "precision": 0.7948717948717948,
        "recall": 0.7948717948717948,
        "f1-score": 0.7948717948717948
    },
    "regression": {
        "mse": 0.49572649572649574,
        "rmse": 0.7040784727049221,
        "mae": 0.2905982905982906,
        "kendall": 0.6997057616539505
    }
}