{
    "high": {
        "precision": 0.75,
        "recall": 0.375,
        "f1-score": 0.5,
        "support": 8.0
    },
    "low": {
        "precision": 0.9,
        "recall": 0.8372093023255814,
        "f1-score": 0.8674698795180723,
        "support": 43.0
    },
    "medium": {
        "precision": 0.7307692307692307,
        "recall": 0.7307692307692307,
        "f1-score": 0.7307692307692307,
        "support": 26.0
    },
    "normal": {
        "precision": 0.851063829787234,
        "recall": 1.0,
        "f1-score": 0.9195402298850575,
        "support": 40.0
    },
    "accuracy": 0.8376068376068376,
    "macro_avg": {
        "precision": 0.8079582651391162,
        "recall": 0.7357446332737031,
        "f1-score": 0.7544448350430901,
        "support": 117.0
    },
    "weighted_avg": {
        "precision": 0.8354064375340972,
        "recall": 0.8376068376068376,
        "f1-score": 0.829767641151106,
        "support": 117.0
    },
    "micro_avg": {
        "precision": 0.8376068376068376,
        "recall": 0.8376068376068376,
        "f1-score": 0.8376068376068376
    },
    "regression": {
        "mse": 0.3333333333333333,
        "rmse": 0.5773502691896257,
        "mae": 0.21367521367521367,
        "kendall": 0.7954875831367388
    }
}