{
    "high": {
        "precision": 0.75,
        "recall": 0.375,
        "f1-score": 0.5,
        "support": 8.0
    },
    "low": {
        "precision": 0.825,
        "recall": 0.7674418604651163,
        "f1-score": 0.7951807228915663,
        "support": 43.0
    },
    "medium": {
        "precision": 0.6176470588235294,
        "recall": 0.8076923076923077,
        "f1-score": 0.7,
        "support": 26.0
    },
    "normal": {
        "precision": 0.9487179487179487,
        "recall": 0.925,
        "f1-score": 0.9367088607594937,
        "support": 40.0
    },
    "accuracy": 0.8034188034188035,
    "macro_avg": {
        "precision": 0.7853412518853695,
        "recall": 0.718783542039356,
        "f1-score": 0.732972395912765,
        "support": 117.0
    },
    "weighted_avg": {
        "precision": 0.8160900981036728,
        "recall": 0.8034188034188035,
        "f1-score": 0.8022318420061291,
        "support": 117.0
    },
    "micro_avg": {
        "precision": 0.8034188034188035,
        "recall": 0.8034188034188035,
        "f1-score": 0.8034188034188035
    },
    "regression": {
        "mse": 0.3504273504273504,
        "rmse": 0.5919690451597536,
        "mae": 0.24786324786324787,
        "kendall": 0.7654645997143088
    }
}