{
    "high": {
        "precision": 0.6,
        "recall": 0.375,
        "f1-score": 0.46153846153846156,
        "support": 8.0
    },
    "low": {
        "precision": 0.8636363636363636,
        "recall": 0.8837209302325582,
        "f1-score": 0.8735632183908046,
        "support": 43.0
    },
    "medium": {
        "precision": 0.7,
        "recall": 0.8076923076923077,
        "f1-score": 0.75,
        "support": 26.0
    },
    "normal": {
        "precision": 0.9736842105263158,
        "recall": 0.925,
        "f1-score": 0.9487179487179487,
        "support": 40.0
    },
    "accuracy": 0.8461538461538461,
    "macro_avg": {
        "precision": 0.7843301435406699,
        "recall": 0.7478533094812165,
        "f1-score": 0.7584549071618036,
        "support": 117.0
    },
    "weighted_avg": {
        "precision": 0.8468695047642416,
        "recall": 0.8461538461538461,
        "f1-score": 0.8436260173660705,
        "support": 117.0
    },
    "micro_avg": {
        "precision": 0.8461538461538461,
        "recall": 0.8461538461538461,
        "f1-score": 0.8461538461538461
    },
    "regression": {
        "mse": 0.3076923076923077,
        "rmse": 0.5547001962252291,
        "mae": 0.20512820512820512,
        "kendall": 0.8040821055621779
    }
}