{
    "high": {
        "precision": 0.5,
        "recall": 0.25,
        "f1-score": 0.3333333333333333,
        "support": 8.0
    },
    "low": {
        "precision": 0.8372093023255814,
        "recall": 0.8372093023255814,
        "f1-score": 0.8372093023255814,
        "support": 43.0
    },
    "medium": {
        "precision": 0.65625,
        "recall": 0.8076923076923077,
        "f1-score": 0.7241379310344828,
        "support": 26.0
    },
    "normal": {
        "precision": 0.9736842105263158,
        "recall": 0.925,
        "f1-score": 0.9487179487179487,
        "support": 40.0
    },
    "accuracy": 0.8205128205128205,
    "macro_avg": {
        "precision": 0.7417858782129744,
        "recall": 0.7049754025044723,
        "f1-score": 0.7108496288528365,
        "support": 117.0
    },
    "weighted_avg": {
        "precision": 0.8205971659919028,
        "recall": 0.8205128205128205,
        "f1-score": 0.8157518873699244,
        "support": 117.0
    },
    "micro_avg": {
        "precision": 0.8205128205128205,
        "recall": 0.8205128205128205,
        "f1-score": 0.8205128205128205
    },
    "regression": {
        "mse": 0.358974358974359,
        "rmse": 0.5991446895152781,
        "mae": 0.23931623931623933,
        "kendall": 0.7730390890382397
    }
}