{
    "high": {
        "precision": 0.0,
        "recall": 0.0,
        "f1-score": 0.0,
        "support": 8.0
    },
    "low": {
        "precision": 0.8536585365853658,
        "recall": 0.813953488372093,
        "f1-score": 0.8333333333333334,
        "support": 43.0
    },
    "medium": {
        "precision": 0.0,
        "recall": 0.0,
        "f1-score": 0.0,
        "support": 26.0
    },
    "normal": {
        "precision": 0.5,
        "recall": 0.95,
        "f1-score": 0.6551724137931034,
        "support": 40.0
    },
    "accuracy": 0.6239316239316239,
    "macro_avg": {
        "precision": 0.33841463414634143,
        "recall": 0.4409883720930232,
        "f1-score": 0.37212643678160917,
        "support": 117.0
    },
    "weighted_avg": {
        "precision": 0.48467792370231394,
        "recall": 0.6239316239316239,
        "f1-score": 0.5302583750859613,
        "support": 117.0
    },
    "micro_avg": {
        "precision": 0.6239316239316239,
        "recall": 0.6239316239316239,
        "f1-score": 0.6239316239316239
    },
    "regression": {
        "mse": 1.452991452991453,
        "rmse": 1.2054009511326316,
        "mae": 0.7008547008547008,
        "kendall": 0.11020982867879629
    }
}