{
    "high": {
        "precision": 0.4,
        "recall": 0.25,
        "f1-score": 0.3076923076923077,
        "support": 8.0
    },
    "low": {
        "precision": 1.0,
        "recall": 0.023255813953488372,
        "f1-score": 0.045454545454545456,
        "support": 43.0
    },
    "medium": {
        "precision": 0.6666666666666666,
        "recall": 0.7692307692307693,
        "f1-score": 0.7142857142857143,
        "support": 26.0
    },
    "normal": {
        "precision": 0.4691358024691358,
        "recall": 0.95,
        "f1-score": 0.628099173553719,
        "support": 40.0
    },
    "accuracy": 0.5213675213675214,
    "macro_avg": {
        "precision": 0.6339506172839505,
        "recall": 0.4981216457960644,
        "f1-score": 0.4238829352465716,
        "support": 117.0
    },
    "weighted_avg": {
        "precision": 0.7034082515563996,
        "recall": 0.5213675213675214,
        "f1-score": 0.4112092258945406,
        "support": 117.0
    },
    "micro_avg": {
        "precision": 0.5213675213675214,
        "recall": 0.5213675213675214,
        "f1-score": 0.5213675213675214
    },
    "regression": {
        "mse": 0.8461538461538461,
        "rmse": 0.9198662110077999,
        "mae": 0.5897435897435898,
        "kendall": 0.5607181047736259
    }
}