{
    "high": {
        "precision": 0.36363636363636365,
        "recall": 0.5,
        "f1-score": 0.42105263157894735,
        "support": 8.0
    },
    "low": {
        "precision": 0.85,
        "recall": 0.7906976744186046,
        "f1-score": 0.8192771084337349,
        "support": 43.0
    },
    "medium": {
        "precision": 0.7407407407407407,
        "recall": 0.7692307692307693,
        "f1-score": 0.7547169811320755,
        "support": 26.0
    },
    "normal": {
        "precision": 0.9230769230769231,
        "recall": 0.9,
        "f1-score": 0.9113924050632911,
        "support": 40.0
    },
    "accuracy": 0.8034188034188035,
    "macro_avg": {
        "precision": 0.7193635068635069,
        "recall": 0.7399821109123434,
        "f1-score": 0.7266097815520123,
        "support": 117.0
    },
    "weighted_avg": {
        "precision": 0.8174480947985221,
        "recall": 0.8034188034188035,
        "f1-score": 0.8091937985234854,
        "support": 117.0
    },
    "micro_avg": {
        "precision": 0.8034188034188035,
        "recall": 0.8034188034188035,
        "f1-score": 0.8034188034188035
    },
    "regression": {
        "mse": 0.4444444444444444,
        "rmse": 0.6666666666666666,
        "mae": 0.27350427350427353,
        "kendall": 0.7545495363209109
    }
}