{
    "high": {
        "precision": 0.8,
        "recall": 0.5,
        "f1-score": 0.6153846153846154,
        "support": 8.0
    },
    "low": {
        "precision": 0.8461538461538461,
        "recall": 0.7674418604651163,
        "f1-score": 0.8048780487804879,
        "support": 43.0
    },
    "medium": {
        "precision": 0.6470588235294118,
        "recall": 0.8461538461538461,
        "f1-score": 0.7333333333333333,
        "support": 26.0
    },
    "normal": {
        "precision": 0.9487179487179487,
        "recall": 0.925,
        "f1-score": 0.9367088607594937,
        "support": 40.0
    },
    "accuracy": 0.8205128205128205,
    "macro_avg": {
        "precision": 0.8104826546003017,
        "recall": 0.7596489266547406,
        "f1-score": 0.7725762145644826,
        "support": 117.0
    },
    "weighted_avg": {
        "precision": 0.8338193397016926,
        "recall": 0.8205128205128205,
        "f1-score": 0.821092770236618,
        "support": 117.0
    },
    "micro_avg": {
        "precision": 0.8205128205128205,
        "recall": 0.8205128205128205,
        "f1-score": 0.8205128205128205
    },
    "regression": {
        "mse": 0.3333333333333333,
        "rmse": 0.5773502691896257,
        "mae": 0.23076923076923078,
        "kendall": 0.7784468904168348
    }
}