{
    "high": {
        "precision": 0.0,
        "recall": 0.0,
        "f1-score": 0.0,
        "support": 8.0
    },
    "low": {
        "precision": 0.7169811320754716,
        "recall": 0.8837209302325582,
        "f1-score": 0.7916666666666666,
        "support": 43.0
    },
    "medium": {
        "precision": 1.0,
        "recall": 0.038461538461538464,
        "f1-score": 0.07407407407407407,
        "support": 26.0
    },
    "normal": {
        "precision": 0.5873015873015873,
        "recall": 0.925,
        "f1-score": 0.7184466019417476,
        "support": 40.0
    },
    "accuracy": 0.6495726495726496,
    "macro_avg": {
        "precision": 0.5760706798442647,
        "recall": 0.46179561717352413,
        "f1-score": 0.39604683567062204,
        "support": 117.0
    },
    "weighted_avg": {
        "precision": 0.6865149758231519,
        "recall": 0.6495726495726496,
        "f1-score": 0.5530380911988247,
        "support": 117.0
    },
    "micro_avg": {
        "precision": 0.6495726495726496,
        "recall": 0.6495726495726496,
        "f1-score": 0.6495726495726496
    },
    "regression": {
        "mse": 1.1452991452991452,
        "rmse": 1.0701865002414976,
        "mae": 0.5982905982905983,
        "kendall": 0.29078664703784757
    }
}