{
    "high": {
        "precision": 0.0,
        "recall": 0.0,
        "f1-score": 0.0,
        "support": 8.0
    },
    "low": {
        "precision": 0.6290322580645161,
        "recall": 0.9069767441860465,
        "f1-score": 0.7428571428571429,
        "support": 43.0
    },
    "medium": {
        "precision": 0.0,
        "recall": 0.0,
        "f1-score": 0.0,
        "support": 26.0
    },
    "normal": {
        "precision": 0.6727272727272727,
        "recall": 0.925,
        "f1-score": 0.7789473684210526,
        "support": 40.0
    },
    "accuracy": 0.6495726495726496,
    "macro_avg": {
        "precision": 0.3254398826979472,
        "recall": 0.45799418604651165,
        "f1-score": 0.3804511278195489,
        "support": 117.0
    },
    "weighted_avg": {
        "precision": 0.4611750256911547,
        "recall": 0.6495726495726496,
        "f1-score": 0.5393226656384551,
        "support": 117.0
    },
    "micro_avg": {
        "precision": 0.6495726495726496,
        "recall": 0.6495726495726496,
        "f1-score": 0.6495726495726496
    },
    "regression": {
        "mse": 0.9487179487179487,
        "rmse": 0.9740215340114143,
        "mae": 0.5384615384615384,
        "kendall": 0.42414028786923236
    }
}