{
    "high": {
        "precision": 0.4,
        "recall": 0.5,
        "f1-score": 0.4444444444444444,
        "support": 8.0
    },
    "low": {
        "precision": 0.8,
        "recall": 0.8372093023255814,
        "f1-score": 0.8181818181818182,
        "support": 43.0
    },
    "medium": {
        "precision": 0.782608695652174,
        "recall": 0.6923076923076923,
        "f1-score": 0.7346938775510204,
        "support": 26.0
    },
    "normal": {
        "precision": 0.8717948717948718,
        "recall": 0.85,
        "f1-score": 0.8607594936708861,
        "support": 40.0
    },
    "accuracy": 0.7863247863247863,
    "macro_avg": {
        "precision": 0.7136008918617615,
        "recall": 0.7198792486583184,
        "f1-score": 0.7145199084620423,
        "support": 117.0
    },
    "weighted_avg": {
        "precision": 0.7933300936645419,
        "recall": 0.7863247863247863,
        "f1-score": 0.7886307205173994,
        "support": 117.0
    },
    "micro_avg": {
        "precision": 0.7863247863247863,
        "recall": 0.7863247863247863,
        "f1-score": 0.7863247863247863
    },
    "regression": {
        "mse": 0.5811965811965812,
        "rmse": 0.7623624998624875,
        "mae": 0.3247863247863248,
        "kendall": 0.6698224178147769
    }
}