{
    "high": {
        "precision": 0.0,
        "recall": 0.0,
        "f1-score": 0.0,
        "support": 8.0
    },
    "low": {
        "precision": 0.7708333333333334,
        "recall": 0.8604651162790697,
        "f1-score": 0.8131868131868132,
        "support": 43.0
    },
    "medium": {
        "precision": 0.0,
        "recall": 0.0,
        "f1-score": 0.0,
        "support": 26.0
    },
    "normal": {
        "precision": 0.5797101449275363,
        "recall": 1.0,
        "f1-score": 0.7339449541284404,
        "support": 40.0
    },
    "accuracy": 0.6581196581196581,
    "macro_avg": {
        "precision": 0.3376358695652174,
        "recall": 0.46511627906976744,
        "f1-score": 0.3867829418288134,
        "support": 117.0
    },
    "weighted_avg": {
        "precision": 0.4814892233370494,
        "recall": 0.6581196581196581,
        "f1-score": 0.5497848814715434,
        "support": 117.0
    },
    "micro_avg": {
        "precision": 0.6581196581196581,
        "recall": 0.6581196581196581,
        "f1-score": 0.6581196581196581
    },
    "regression": {
        "mse": 1.188034188034188,
        "rmse": 1.0899698106067837,
        "mae": 0.6068376068376068,
        "kendall": 0.3068305576388061
    }
}