{
    "high": {
        "precision": 0.0,
        "recall": 0.0,
        "f1-score": 0.0,
        "support": 8.0
    },
    "low": {
        "precision": 0.7547169811320755,
        "recall": 0.9302325581395349,
        "f1-score": 0.8333333333333334,
        "support": 43.0
    },
    "medium": {
        "precision": 0.0,
        "recall": 0.0,
        "f1-score": 0.0,
        "support": 26.0
    },
    "normal": {
        "precision": 0.5625,
        "recall": 0.9,
        "f1-score": 0.6923076923076923,
        "support": 40.0
    },
    "accuracy": 0.6495726495726496,
    "macro_avg": {
        "precision": 0.3293042452830189,
        "recall": 0.4575581395348837,
        "f1-score": 0.3814102564102564,
        "support": 117.0
    },
    "weighted_avg": {
        "precision": 0.46968230930495086,
        "recall": 0.6495726495726496,
        "f1-score": 0.5429541968003507,
        "support": 117.0
    },
    "micro_avg": {
        "precision": 0.6495726495726496,
        "recall": 0.6495726495726496,
        "f1-score": 0.6495726495726496
    },
    "regression": {
        "mse": 1.264957264957265,
        "rmse": 1.1247031897159645,
        "mae": 0.6324786324786325,
        "kendall": 0.18510326836735772
    }
}