{
    "high": {
        "precision": 0.25,
        "recall": 0.125,
        "f1-score": 0.16666666666666666,
        "support": 8.0
    },
    "low": {
        "precision": 0.7755102040816326,
        "recall": 0.8837209302325582,
        "f1-score": 0.8260869565217391,
        "support": 43.0
    },
    "medium": {
        "precision": 0.8181818181818182,
        "recall": 0.6923076923076923,
        "f1-score": 0.75,
        "support": 26.0
    },
    "normal": {
        "precision": 0.8571428571428571,
        "recall": 0.9,
        "f1-score": 0.8780487804878049,
        "support": 40.0
    },
    "accuracy": 0.7948717948717948,
    "macro_avg": {
        "precision": 0.675208719851577,
        "recall": 0.6502571556350626,
        "f1-score": 0.6552006009190526,
        "support": 117.0
    },
    "weighted_avg": {
        "precision": 0.7769690626833484,
        "recall": 0.7948717948717948,
        "f1-score": 0.7818549032759002,
        "support": 117.0
    },
    "micro_avg": {
        "precision": 0.7948717948717948,
        "recall": 0.7948717948717948,
        "f1-score": 0.7948717948717948
    },
    "regression": {
        "mse": 0.5470085470085471,
        "rmse": 0.7396002616336389,
        "mae": 0.3076923076923077,
        "kendall": 0.6866875565339879
    }
}