{
    "high": {
        "precision": 0.5,
        "recall": 0.5,
        "f1-score": 0.5,
        "support": 8.0
    },
    "low": {
        "precision": 0.8372093023255814,
        "recall": 0.8372093023255814,
        "f1-score": 0.8372093023255814,
        "support": 43.0
    },
    "medium": {
        "precision": 0.6896551724137931,
        "recall": 0.7692307692307693,
        "f1-score": 0.7272727272727273,
        "support": 26.0
    },
    "normal": {
        "precision": 0.972972972972973,
        "recall": 0.9,
        "f1-score": 0.935064935064935,
        "support": 40.0
    },
    "accuracy": 0.8205128205128205,
    "macro_avg": {
        "precision": 0.7499593619280869,
        "recall": 0.7516100178890877,
        "f1-score": 0.7498867411658109,
        "support": 117.0
    },
    "weighted_avg": {
        "precision": 0.8277773795015174,
        "recall": 0.8205128205128205,
        "f1-score": 0.8231768231768231,
        "support": 117.0
    },
    "micro_avg": {
        "precision": 0.8205128205128205,
        "recall": 0.8205128205128205,
        "f1-score": 0.8205128205128205
    },
    "regression": {
        "mse": 0.358974358974359,
        "rmse": 0.5991446895152781,
        "mae": 0.23931623931623933,
        "kendall": 0.7783535568709127
    }
}