{
    "high": {
        "precision": 1.0,
        "recall": 0.25,
        "f1-score": 0.4,
        "support": 8.0
    },
    "low": {
        "precision": 0.76,
        "recall": 0.8837209302325582,
        "f1-score": 0.8172043010752689,
        "support": 43.0
    },
    "medium": {
        "precision": 0.7,
        "recall": 0.8076923076923077,
        "f1-score": 0.75,
        "support": 26.0
    },
    "normal": {
        "precision": 0.9428571428571428,
        "recall": 0.825,
        "f1-score": 0.88,
        "support": 40.0
    },
    "accuracy": 0.8034188034188035,
    "macro_avg": {
        "precision": 0.8507142857142858,
        "recall": 0.6916033094812164,
        "f1-score": 0.7118010752688172,
        "support": 117.0
    },
    "weighted_avg": {
        "precision": 0.8255921855921856,
        "recall": 0.8034188034188035,
        "f1-score": 0.795211837147321,
        "support": 117.0
    },
    "micro_avg": {
        "precision": 0.8034188034188035,
        "recall": 0.8034188034188035,
        "f1-score": 0.8034188034188035
    },
    "regression": {
        "mse": 0.4017094017094017,
        "rmse": 0.633805492015809,
        "mae": 0.26495726495726496,
        "kendall": 0.7221857274504901
    }
}