{
    "high": {
        "precision": 0.0,
        "recall": 0.0,
        "f1-score": 0.0,
        "support": 8.0
    },
    "low": {
        "precision": 0.72,
        "recall": 0.8372093023255814,
        "f1-score": 0.7741935483870968,
        "support": 43.0
    },
    "medium": {
        "precision": 1.0,
        "recall": 0.038461538461538464,
        "f1-score": 0.07407407407407407,
        "support": 26.0
    },
    "normal": {
        "precision": 0.5757575757575758,
        "recall": 0.95,
        "f1-score": 0.7169811320754716,
        "support": 40.0
    },
    "accuracy": 0.6410256410256411,
    "macro_avg": {
        "precision": 0.573939393939394,
        "recall": 0.45641771019677996,
        "f1-score": 0.3913121886341606,
        "support": 117.0
    },
    "weighted_avg": {
        "precision": 0.6836778036778036,
        "recall": 0.6410256410256411,
        "f1-score": 0.5461153315349568,
        "support": 117.0
    },
    "micro_avg": {
        "precision": 0.6410256410256411,
        "recall": 0.6410256410256411,
        "f1-score": 0.6410256410256411
    },
    "regression": {
        "mse": 1.1538461538461537,
        "rmse": 1.0741723110591492,
        "mae": 0.6068376068376068,
        "kendall": 0.30783354901420523
    }
}