{
    "high": {
        "precision": 1.0,
        "recall": 0.25,
        "f1-score": 0.4,
        "support": 8.0
    },
    "low": {
        "precision": 0.8181818181818182,
        "recall": 0.8372093023255814,
        "f1-score": 0.8275862068965517,
        "support": 43.0
    },
    "medium": {
        "precision": 0.6129032258064516,
        "recall": 0.7307692307692307,
        "f1-score": 0.6666666666666666,
        "support": 26.0
    },
    "normal": {
        "precision": 0.95,
        "recall": 0.95,
        "f1-score": 0.95,
        "support": 40.0
    },
    "accuracy": 0.811965811965812,
    "macro_avg": {
        "precision": 0.8452712609970674,
        "recall": 0.691994633273703,
        "f1-score": 0.7110632183908046,
        "support": 117.0
    },
    "weighted_avg": {
        "precision": 0.830062410707572,
        "recall": 0.811965811965812,
        "f1-score": 0.8044405147853424,
        "support": 117.0
    },
    "micro_avg": {
        "precision": 0.811965811965812,
        "recall": 0.811965811965812,
        "f1-score": 0.811965811965812
    },
    "regression": {
        "mse": 0.3162393162393162,
        "rmse": 0.5623515948579823,
        "mae": 0.23076923076923078,
        "kendall": 0.783713681879333
    }
}