{
    "high": {
        "precision": 0.0,
        "recall": 0.0,
        "f1-score": 0.0,
        "support": 8.0
    },
    "low": {
        "precision": 0.6896551724137931,
        "recall": 0.9302325581395349,
        "f1-score": 0.7920792079207921,
        "support": 43.0
    },
    "medium": {
        "precision": 0.0,
        "recall": 0.0,
        "f1-score": 0.0,
        "support": 26.0
    },
    "normal": {
        "precision": 0.6440677966101694,
        "recall": 0.95,
        "f1-score": 0.7676767676767676,
        "support": 40.0
    },
    "accuracy": 0.6666666666666666,
    "macro_avg": {
        "precision": 0.3334307422559907,
        "recall": 0.47005813953488373,
        "f1-score": 0.3899389938993899,
        "support": 117.0
    },
    "weighted_avg": {
        "precision": 0.473657130582905,
        "recall": 0.6666666666666666,
        "f1-score": 0.5535596294672203,
        "support": 117.0
    },
    "micro_avg": {
        "precision": 0.6666666666666666,
        "recall": 0.6666666666666666,
        "f1-score": 0.6666666666666666
    },
    "regression": {
        "mse": 1.0341880341880343,
        "rmse": 1.0169503597462535,
        "mae": 0.5555555555555556,
        "kendall": 0.3695723410630804
    }
}