{
    "high": {
        "precision": 0.5,
        "recall": 0.375,
        "f1-score": 0.42857142857142855,
        "support": 8.0
    },
    "low": {
        "precision": 0.8666666666666667,
        "recall": 0.9069767441860465,
        "f1-score": 0.8863636363636364,
        "support": 43.0
    },
    "medium": {
        "precision": 0.7916666666666666,
        "recall": 0.7307692307692307,
        "f1-score": 0.76,
        "support": 26.0
    },
    "normal": {
        "precision": 0.9285714285714286,
        "recall": 0.975,
        "f1-score": 0.9512195121951219,
        "support": 40.0
    },
    "accuracy": 0.8547008547008547,
    "macro_avg": {
        "precision": 0.7717261904761905,
        "recall": 0.7469364937388193,
        "f1-score": 0.7565386442825467,
        "support": 117.0
    },
    "weighted_avg": {
        "precision": 0.846092796092796,
        "recall": 0.8547008547008547,
        "f1-score": 0.8491537459830143,
        "support": 117.0
    },
    "micro_avg": {
        "precision": 0.8547008547008547,
        "recall": 0.8547008547008547,
        "f1-score": 0.8547008547008547
    },
    "regression": {
        "mse": 0.3247863247863248,
        "rmse": 0.5699002761767402,
        "mae": 0.20512820512820512,
        "kendall": 0.8086527169596764
    }
}