{
    "high": {
        "precision": 0.0,
        "recall": 0.0,
        "f1-score": 0.0,
        "support": 8.0
    },
    "low": {
        "precision": 0.7755102040816326,
        "recall": 0.8837209302325582,
        "f1-score": 0.8260869565217391,
        "support": 43.0
    },
    "medium": {
        "precision": 0.782608695652174,
        "recall": 0.6923076923076923,
        "f1-score": 0.7346938775510204,
        "support": 26.0
    },
    "normal": {
        "precision": 0.8666666666666667,
        "recall": 0.975,
        "f1-score": 0.9176470588235294,
        "support": 40.0
    },
    "accuracy": 0.811965811965812,
    "macro_avg": {
        "precision": 0.6061963916001183,
        "recall": 0.6377571556350626,
        "f1-score": 0.6196069732240722,
        "support": 117.0
    },
    "weighted_avg": {
        "precision": 0.7552259105054137,
        "recall": 0.811965811965812,
        "f1-score": 0.7805954042709614,
        "support": 117.0
    },
    "micro_avg": {
        "precision": 0.811965811965812,
        "recall": 0.811965811965812,
        "f1-score": 0.811965811965812
    },
    "regression": {
        "mse": 0.41025641025641024,
        "rmse": 0.6405126152203485,
        "mae": 0.2564102564102564,
        "kendall": 0.7625465886387057
    }
}