{
    "high": {
        "precision": 0.75,
        "recall": 0.375,
        "f1-score": 0.5,
        "support": 8.0
    },
    "low": {
        "precision": 0.8409090909090909,
        "recall": 0.8604651162790697,
        "f1-score": 0.8505747126436781,
        "support": 43.0
    },
    "medium": {
        "precision": 0.68,
        "recall": 0.6538461538461539,
        "f1-score": 0.6666666666666666,
        "support": 26.0
    },
    "normal": {
        "precision": 0.8636363636363636,
        "recall": 0.95,
        "f1-score": 0.9047619047619048,
        "support": 40.0
    },
    "accuracy": 0.811965811965812,
    "macro_avg": {
        "precision": 0.7836363636363637,
        "recall": 0.709827817531306,
        "f1-score": 0.7305008210180624,
        "support": 117.0
    },
    "weighted_avg": {
        "precision": 0.8067055167055167,
        "recall": 0.811965811965812,
        "f1-score": 0.8042608732263905,
        "support": 117.0
    },
    "micro_avg": {
        "precision": 0.811965811965812,
        "recall": 0.811965811965812,
        "f1-score": 0.811965811965812
    },
    "regression": {
        "mse": 0.36752136752136755,
        "rmse": 0.6062354060275328,
        "mae": 0.24786324786324787,
        "kendall": 0.75487908069254
    }
}