{
    "high": {
        "precision": 0.0,
        "recall": 0.0,
        "f1-score": 0.0,
        "support": 8.0
    },
    "low": {
        "precision": 0.8048780487804879,
        "recall": 0.7674418604651163,
        "f1-score": 0.7857142857142857,
        "support": 43.0
    },
    "medium": {
        "precision": 0.0,
        "recall": 0.0,
        "f1-score": 0.0,
        "support": 26.0
    },
    "normal": {
        "precision": 0.5131578947368421,
        "recall": 0.975,
        "f1-score": 0.6724137931034483,
        "support": 40.0
    },
    "accuracy": 0.6153846153846154,
    "macro_avg": {
        "precision": 0.3295089858793325,
        "recall": 0.4356104651162791,
        "f1-score": 0.3645320197044335,
        "support": 117.0
    },
    "weighted_avg": {
        "precision": 0.47124847766696293,
        "recall": 0.6153846153846154,
        "f1-score": 0.5186518462380532,
        "support": 117.0
    },
    "micro_avg": {
        "precision": 0.6153846153846154,
        "recall": 0.6153846153846154,
        "f1-score": 0.6153846153846154
    },
    "regression": {
        "mse": 1.3846153846153846,
        "rmse": 1.1766968108291043,
        "mae": 0.6837606837606838,
        "kendall": 0.1855891926336334
    }
}