{
    "high": {
        "precision": 0.2,
        "recall": 0.125,
        "f1-score": 0.15384615384615385,
        "support": 8.0
    },
    "low": {
        "precision": 0.85,
        "recall": 0.7906976744186046,
        "f1-score": 0.8192771084337349,
        "support": 43.0
    },
    "medium": {
        "precision": 0.65625,
        "recall": 0.8076923076923077,
        "f1-score": 0.7241379310344828,
        "support": 26.0
    },
    "normal": {
        "precision": 0.95,
        "recall": 0.95,
        "f1-score": 0.95,
        "support": 40.0
    },
    "accuracy": 0.8034188034188035,
    "macro_avg": {
        "precision": 0.6640625,
        "recall": 0.668347495527728,
        "f1-score": 0.6618152983285929,
        "support": 117.0
    },
    "weighted_avg": {
        "precision": 0.7966880341880342,
        "recall": 0.8034188034188035,
        "f1-score": 0.7973271034215076,
        "support": 117.0
    },
    "micro_avg": {
        "precision": 0.8034188034188035,
        "recall": 0.8034188034188035,
        "f1-score": 0.8034188034188035
    },
    "regression": {
        "mse": 0.37606837606837606,
        "rmse": 0.6132441406718666,
        "mae": 0.2564102564102564,
        "kendall": 0.7774062239972893
    }
}