{
    "high": {
        "precision": 0.0,
        "recall": 0.0,
        "f1-score": 0.0,
        "support": 8.0
    },
    "low": {
        "precision": 0.7551020408163265,
        "recall": 0.8604651162790697,
        "f1-score": 0.8043478260869565,
        "support": 43.0
    },
    "medium": {
        "precision": 0.5,
        "recall": 0.038461538461538464,
        "f1-score": 0.07142857142857142,
        "support": 26.0
    },
    "normal": {
        "precision": 0.5757575757575758,
        "recall": 0.95,
        "f1-score": 0.7169811320754716,
        "support": 40.0
    },
    "accuracy": 0.6495726495726496,
    "macro_avg": {
        "precision": 0.4577149041434756,
        "recall": 0.462231663685152,
        "f1-score": 0.3981893823977499,
        "support": 117.0
    },
    "weighted_avg": {
        "precision": 0.5854674426102998,
        "recall": 0.6495726495726496,
        "f1-score": 0.5566097834350501,
        "support": 117.0
    },
    "micro_avg": {
        "precision": 0.6495726495726496,
        "recall": 0.6495726495726496,
        "f1-score": 0.6495726495726496
    },
    "regression": {
        "mse": 1.2136752136752136,
        "rmse": 1.101669285073889,
        "mae": 0.6153846153846154,
        "kendall": 0.26181153096075355
    }
}