{
    "high": {
        "precision": 0.0,
        "recall": 0.0,
        "f1-score": 0.0,
        "support": 8.0
    },
    "low": {
        "precision": 0.5857142857142857,
        "recall": 0.9534883720930233,
        "f1-score": 0.7256637168141593,
        "support": 43.0
    },
    "medium": {
        "precision": 0.5,
        "recall": 0.07692307692307693,
        "f1-score": 0.13333333333333333,
        "support": 26.0
    },
    "normal": {
        "precision": 0.7906976744186046,
        "recall": 0.85,
        "f1-score": 0.8192771084337349,
        "support": 40.0
    },
    "accuracy": 0.6581196581196581,
    "macro_avg": {
        "precision": 0.46910299003322264,
        "recall": 0.4701028622540251,
        "f1-score": 0.4195685396453069,
        "support": 117.0
    },
    "weighted_avg": {
        "precision": 0.5966976176278501,
        "recall": 0.6581196581196581,
        "f1-score": 0.5764212891198711,
        "support": 117.0
    },
    "micro_avg": {
        "precision": 0.6581196581196581,
        "recall": 0.6581196581196581,
        "f1-score": 0.6581196581196581
    },
    "regression": {
        "mse": 0.7264957264957265,
        "rmse": 0.852347186594598,
        "mae": 0.4700854700854701,
        "kendall": 0.5319120249272002
    }
}