{
    "high": {
        "precision": 0.42857142857142855,
        "recall": 0.375,
        "f1-score": 0.4,
        "support": 8.0
    },
    "low": {
        "precision": 0.8571428571428571,
        "recall": 0.6976744186046512,
        "f1-score": 0.7692307692307693,
        "support": 43.0
    },
    "medium": {
        "precision": 0.7096774193548387,
        "recall": 0.8461538461538461,
        "f1-score": 0.7719298245614035,
        "support": 26.0
    },
    "normal": {
        "precision": 0.9090909090909091,
        "recall": 1.0,
        "f1-score": 0.9523809523809523,
        "support": 40.0
    },
    "accuracy": 0.811965811965812,
    "macro_avg": {
        "precision": 0.7261206535400083,
        "recall": 0.7297070661896243,
        "f1-score": 0.7233853865432813,
        "support": 117.0
    },
    "weighted_avg": {
        "precision": 0.8128287483126192,
        "recall": 0.811965811965812,
        "f1-score": 0.8071994582116041,
        "support": 117.0
    },
    "micro_avg": {
        "precision": 0.811965811965812,
        "recall": 0.811965811965812,
        "f1-score": 0.811965811965812
    },
    "regression": {
        "mse": 0.36752136752136755,
        "rmse": 0.6062354060275328,
        "mae": 0.24786324786324787,
        "kendall": 0.7862028971012242
    }
}