{
    "high": {
        "precision": 0.0,
        "recall": 0.0,
        "f1-score": 0.0,
        "support": 8.0
    },
    "low": {
        "precision": 0.7735849056603774,
        "recall": 0.9534883720930233,
        "f1-score": 0.8541666666666666,
        "support": 43.0
    },
    "medium": {
        "precision": 0.6956521739130435,
        "recall": 0.6153846153846154,
        "f1-score": 0.6530612244897959,
        "support": 26.0
    },
    "normal": {
        "precision": 0.9024390243902439,
        "recall": 0.925,
        "f1-score": 0.9135802469135802,
        "support": 40.0
    },
    "accuracy": 0.8034188034188035,
    "macro_avg": {
        "precision": 0.5929190259909162,
        "recall": 0.6234682468694097,
        "f1-score": 0.6052020345175106,
        "support": 117.0
    },
    "weighted_avg": {
        "precision": 0.747424516587565,
        "recall": 0.8034188034188035,
        "f1-score": 0.7713843451277314,
        "support": 117.0
    },
    "micro_avg": {
        "precision": 0.8034188034188035,
        "recall": 0.8034188034188035,
        "f1-score": 0.8034188034188035
    },
    "regression": {
        "mse": 0.4444444444444444,
        "rmse": 0.6666666666666666,
        "mae": 0.27350427350427353,
        "kendall": 0.725909097258847
    }
}