{
    "high": {
        "precision": 0.4,
        "recall": 0.75,
        "f1-score": 0.5217391304347826,
        "support": 8.0
    },
    "low": {
        "precision": 0.9514563106796117,
        "recall": 0.9074074074074074,
        "f1-score": 0.9289099526066351,
        "support": 108.0
    },
    "medium": {
        "precision": 0.9620253164556962,
        "recall": 0.9620253164556962,
        "f1-score": 0.9620253164556962,
        "support": 158.0
    },
    "normal": {
        "precision": 0.9941860465116279,
        "recall": 0.9827586206896551,
        "f1-score": 0.9884393063583815,
        "support": 174.0
    },
    "accuracy": 0.953125,
    "macro_avg": {
        "precision": 0.8269169184117339,
        "recall": 0.9005478361381897,
        "f1-score": 0.8502784264638737,
        "support": 448.0
    },
    "weighted_avg": {
        "precision": 0.961932262603619,
        "recall": 0.953125,
        "f1-score": 0.9564389000699849,
        "support": 448.0
    },
    "micro_avg": {
        "precision": 0.953125,
        "recall": 0.953125,
        "f1-score": 0.953125
    },
    "regression": {
        "mse": 0.08035714285714286,
        "rmse": 0.2834733547569204,
        "mae": 0.05803571428571429,
        "kendall": 0.9456712698781555
    }
}