{
    "high": {
        "precision": 0.0,
        "recall": 0.0,
        "f1-score": 0.0,
        "support": 8.0
    },
    "low": {
        "precision": 0.5507246376811594,
        "recall": 0.8837209302325582,
        "f1-score": 0.6785714285714286,
        "support": 43.0
    },
    "medium": {
        "precision": 0.0,
        "recall": 0.0,
        "f1-score": 0.0,
        "support": 26.0
    },
    "normal": {
        "precision": 0.7916666666666666,
        "recall": 0.95,
        "f1-score": 0.8636363636363636,
        "support": 40.0
    },
    "accuracy": 0.6495726495726496,
    "macro_avg": {
        "precision": 0.33559782608695654,
        "recall": 0.4584302325581395,
        "f1-score": 0.38555194805194803,
        "support": 117.0
    },
    "weighted_avg": {
        "precision": 0.47305834262355995,
        "recall": 0.6495726495726496,
        "f1-score": 0.5446497946497947,
        "support": 117.0
    },
    "micro_avg": {
        "precision": 0.6495726495726496,
        "recall": 0.6495726495726496,
        "f1-score": 0.6495726495726496
    },
    "regression": {
        "mse": 0.717948717948718,
        "rmse": 0.8473185457363234,
        "mae": 0.46153846153846156,
        "kendall": 0.6184514033590727
    }
}