{
    "high": {
        "precision": 0.6666666666666666,
        "recall": 0.5,
        "f1-score": 0.5714285714285714,
        "support": 8.0
    },
    "low": {
        "precision": 0.868421052631579,
        "recall": 0.7674418604651163,
        "f1-score": 0.8148148148148148,
        "support": 43.0
    },
    "medium": {
        "precision": 0.6388888888888888,
        "recall": 0.8846153846153846,
        "f1-score": 0.7419354838709677,
        "support": 26.0
    },
    "normal": {
        "precision": 0.972972972972973,
        "recall": 0.9,
        "f1-score": 0.935064935064935,
        "support": 40.0
    },
    "accuracy": 0.8205128205128205,
    "macro_avg": {
        "precision": 0.786737395290027,
        "recall": 0.7630143112701252,
        "f1-score": 0.7658109512948222,
        "support": 117.0
    },
    "weighted_avg": {
        "precision": 0.839362979713857,
        "recall": 0.8205128205128205,
        "f1-score": 0.8230887657410955,
        "support": 117.0
    },
    "micro_avg": {
        "precision": 0.8205128205128205,
        "recall": 0.8205128205128205,
        "f1-score": 0.8205128205128205
    },
    "regression": {
        "mse": 0.38461538461538464,
        "rmse": 0.6201736729460423,
        "mae": 0.24786324786324787,
        "kendall": 0.7561456855008195
    }
}