{
    "high": {
        "precision": 1.0,
        "recall": 0.125,
        "f1-score": 0.2222222222222222,
        "support": 8.0
    },
    "low": {
        "precision": 0.918918918918919,
        "recall": 0.7906976744186046,
        "f1-score": 0.85,
        "support": 43.0
    },
    "medium": {
        "precision": 0.6388888888888888,
        "recall": 0.8846153846153846,
        "f1-score": 0.7419354838709677,
        "support": 26.0
    },
    "normal": {
        "precision": 0.9069767441860465,
        "recall": 0.975,
        "f1-score": 0.9397590361445783,
        "support": 40.0
    },
    "accuracy": 0.8290598290598291,
    "macro_avg": {
        "precision": 0.8661961379984635,
        "recall": 0.6938282647584973,
        "f1-score": 0.6884791855594421,
        "support": 117.0
    },
    "weighted_avg": {
        "precision": 0.8581512341202263,
        "recall": 0.8290598290598291,
        "f1-score": 0.8137475367880861,
        "support": 117.0
    },
    "micro_avg": {
        "precision": 0.8290598290598291,
        "recall": 0.8290598290598291,
        "f1-score": 0.8290598290598291
    },
    "regression": {
        "mse": 0.29914529914529914,
        "rmse": 0.5469417694282447,
        "mae": 0.21367521367521367,
        "kendall": 0.8055206347063414
    }
}