{
    "high": {
        "precision": 0.6666666666666666,
        "recall": 0.5,
        "f1-score": 0.5714285714285714,
        "support": 8.0
    },
    "low": {
        "precision": 0.7959183673469388,
        "recall": 0.9069767441860465,
        "f1-score": 0.8478260869565217,
        "support": 43.0
    },
    "medium": {
        "precision": 0.6923076923076923,
        "recall": 0.6923076923076923,
        "f1-score": 0.6923076923076923,
        "support": 26.0
    },
    "normal": {
        "precision": 0.9722222222222222,
        "recall": 0.875,
        "f1-score": 0.9210526315789473,
        "support": 40.0
    },
    "accuracy": 0.8205128205128205,
    "macro_avg": {
        "precision": 0.78177873713588,
        "recall": 0.7435711091234347,
        "f1-score": 0.7581537455679331,
        "support": 117.0
    },
    "weighted_avg": {
        "precision": 0.8243308719499195,
        "recall": 0.8205128205128205,
        "f1-score": 0.8194021843907427,
        "support": 117.0
    },
    "micro_avg": {
        "precision": 0.8205128205128205,
        "recall": 0.8205128205128205,
        "f1-score": 0.8205128205128205
    },
    "regression": {
        "mse": 0.3076923076923077,
        "rmse": 0.5547001962252291,
        "mae": 0.2222222222222222,
        "kendall": 0.7877004829354218
    }
}