{
    "high": {
        "precision": 0.5,
        "recall": 0.375,
        "f1-score": 0.42857142857142855,
        "support": 8.0
    },
    "low": {
        "precision": 0.813953488372093,
        "recall": 0.813953488372093,
        "f1-score": 0.813953488372093,
        "support": 43.0
    },
    "medium": {
        "precision": 0.7,
        "recall": 0.8076923076923077,
        "f1-score": 0.75,
        "support": 26.0
    },
    "normal": {
        "precision": 0.868421052631579,
        "recall": 0.825,
        "f1-score": 0.8461538461538461,
        "support": 40.0
    },
    "accuracy": 0.7863247863247863,
    "macro_avg": {
        "precision": 0.7205936352509179,
        "recall": 0.7054114490161002,
        "f1-score": 0.7096696907743419,
        "support": 117.0
    },
    "weighted_avg": {
        "precision": 0.7857849752586595,
        "recall": 0.7863247863247863,
        "f1-score": 0.7843993613224384,
        "support": 117.0
    },
    "micro_avg": {
        "precision": 0.7863247863247863,
        "recall": 0.7863247863247863,
        "f1-score": 0.7863247863247863
    },
    "regression": {
        "mse": 0.5299145299145299,
        "rmse": 0.7279522854655585,
        "mae": 0.3076923076923077,
        "kendall": 0.6776386388385782
    }
}