{
    "high": {
        "precision": 0.0,
        "recall": 0.0,
        "f1-score": 0.0,
        "support": 8.0
    },
    "low": {
        "precision": 0.7346938775510204,
        "recall": 0.8372093023255814,
        "f1-score": 0.782608695652174,
        "support": 43.0
    },
    "medium": {
        "precision": 0.6428571428571429,
        "recall": 0.6923076923076923,
        "f1-score": 0.6666666666666666,
        "support": 26.0
    },
    "normal": {
        "precision": 0.875,
        "recall": 0.875,
        "f1-score": 0.875,
        "support": 40.0
    },
    "accuracy": 0.7606837606837606,
    "macro_avg": {
        "precision": 0.5631377551020409,
        "recall": 0.6011292486583184,
        "f1-score": 0.5810688405797102,
        "support": 117.0
    },
    "weighted_avg": {
        "precision": 0.7120181405895691,
        "recall": 0.7606837606837606,
        "f1-score": 0.7349188653536479,
        "support": 117.0
    },
    "micro_avg": {
        "precision": 0.7606837606837606,
        "recall": 0.7606837606837606,
        "f1-score": 0.7606837606837606
    },
    "regression": {
        "mse": 0.39316239316239315,
        "rmse": 0.6270266287506402,
        "mae": 0.2905982905982906,
        "kendall": 0.7302243472352345
    }
}