{
    "high": {
        "precision": 0.0,
        "recall": 0.0,
        "f1-score": 0.0,
        "support": 8.0
    },
    "low": {
        "precision": 0.7959183673469388,
        "recall": 0.9069767441860465,
        "f1-score": 0.8478260869565217,
        "support": 43.0
    },
    "medium": {
        "precision": 0.65625,
        "recall": 0.8076923076923077,
        "f1-score": 0.7241379310344828,
        "support": 26.0
    },
    "normal": {
        "precision": 0.9444444444444444,
        "recall": 0.85,
        "f1-score": 0.8947368421052632,
        "support": 40.0
    },
    "accuracy": 0.8034188034188035,
    "macro_avg": {
        "precision": 0.5991532029478458,
        "recall": 0.6411672629695886,
        "f1-score": 0.616675215024067,
        "support": 117.0
    },
    "weighted_avg": {
        "precision": 0.7612373296897106,
        "recall": 0.8034188034188035,
        "f1-score": 0.7784066806003207,
        "support": 117.0
    },
    "micro_avg": {
        "precision": 0.8034188034188035,
        "recall": 0.8034188034188035,
        "f1-score": 0.8034188034188035
    },
    "regression": {
        "mse": 0.3247863247863248,
        "rmse": 0.5699002761767402,
        "mae": 0.23931623931623933,
        "kendall": 0.7765839207947219
    }
}