{
    "high": {
        "precision": 0.0,
        "recall": 0.0,
        "f1-score": 0.0,
        "support": 8.0
    },
    "low": {
        "precision": 1.0,
        "recall": 0.023255813953488372,
        "f1-score": 0.045454545454545456,
        "support": 43.0
    },
    "medium": {
        "precision": 0.5833333333333334,
        "recall": 0.8076923076923077,
        "f1-score": 0.6774193548387096,
        "support": 26.0
    },
    "normal": {
        "precision": 0.475,
        "recall": 0.95,
        "f1-score": 0.6333333333333333,
        "support": 40.0
    },
    "accuracy": 0.5128205128205128,
    "macro_avg": {
        "precision": 0.5145833333333334,
        "recall": 0.445237030411449,
        "f1-score": 0.33905180840664706,
        "support": 117.0
    },
    "weighted_avg": {
        "precision": 0.6595441595441596,
        "recall": 0.5128205128205128,
        "f1-score": 0.38376736763833535,
        "support": 117.0
    },
    "micro_avg": {
        "precision": 0.5128205128205128,
        "recall": 0.5128205128205128,
        "f1-score": 0.5128205128205128
    },
    "regression": {
        "mse": 0.8034188034188035,
        "rmse": 0.8963363227153095,
        "mae": 0.5811965811965812,
        "kendall": 0.5693988264302612
    }
}