{
    "high": {
        "precision": 0.0,
        "recall": 0.0,
        "f1-score": 0.0,
        "support": 8.0
    },
    "low": {
        "precision": 0.43157894736842106,
        "recall": 0.9534883720930233,
        "f1-score": 0.5942028985507246,
        "support": 43.0
    },
    "medium": {
        "precision": 0.0,
        "recall": 0.0,
        "f1-score": 0.0,
        "support": 26.0
    },
    "normal": {
        "precision": 0.09090909090909091,
        "recall": 0.05,
        "f1-score": 0.06451612903225806,
        "support": 40.0
    },
    "accuracy": 0.36752136752136755,
    "macro_avg": {
        "precision": 0.130622009569378,
        "recall": 0.2508720930232558,
        "f1-score": 0.16467975689574565,
        "support": 117.0
    },
    "weighted_avg": {
        "precision": 0.1896945160103055,
        "recall": 0.36752136752136755,
        "f1-score": 0.24043905811086735,
        "support": 117.0
    },
    "micro_avg": {
        "precision": 0.36752136752136755,
        "recall": 0.36752136752136755,
        "f1-score": 0.36752136752136755
    },
    "regression": {
        "mse": 1.3504273504273505,
        "rmse": 1.1620788916538114,
        "mae": 0.8547008547008547,
        "kendall": -0.4157682751546004
    }
}