{
    "high": {
        "precision": 0.6666666666666666,
        "recall": 0.25,
        "f1-score": 0.36363636363636365,
        "support": 8.0
    },
    "low": {
        "precision": 0.7916666666666666,
        "recall": 0.8837209302325582,
        "f1-score": 0.8351648351648352,
        "support": 43.0
    },
    "medium": {
        "precision": 0.6896551724137931,
        "recall": 0.7692307692307693,
        "f1-score": 0.7272727272727273,
        "support": 26.0
    },
    "normal": {
        "precision": 0.8918918918918919,
        "recall": 0.825,
        "f1-score": 0.8571428571428571,
        "support": 40.0
    },
    "accuracy": 0.7948717948717948,
    "macro_avg": {
        "precision": 0.7599700994097547,
        "recall": 0.6819879248658318,
        "f1-score": 0.6958041958041958,
        "support": 117.0
    },
    "weighted_avg": {
        "precision": 0.7947154714396094,
        "recall": 0.7948717948717948,
        "f1-score": 0.7864614018460171,
        "support": 117.0
    },
    "micro_avg": {
        "precision": 0.7948717948717948,
        "recall": 0.7948717948717948,
        "f1-score": 0.7948717948717948
    },
    "regression": {
        "mse": 0.41025641025641024,
        "rmse": 0.6405126152203485,
        "mae": 0.27350427350427353,
        "kendall": 0.7167117678934556
    }
}