{
    "high": {
        "precision": 0.0,
        "recall": 0.0,
        "f1-score": 0.0,
        "support": 8.0
    },
    "low": {
        "precision": 0.813953488372093,
        "recall": 0.813953488372093,
        "f1-score": 0.813953488372093,
        "support": 43.0
    },
    "medium": {
        "precision": 0.0,
        "recall": 0.0,
        "f1-score": 0.0,
        "support": 26.0
    },
    "normal": {
        "precision": 0.4864864864864865,
        "recall": 0.9,
        "f1-score": 0.631578947368421,
        "support": 40.0
    },
    "accuracy": 0.6068376068376068,
    "macro_avg": {
        "precision": 0.3251099937146449,
        "recall": 0.42848837209302326,
        "f1-score": 0.3613831089351285,
        "support": 117.0
    },
    "weighted_avg": {
        "precision": 0.46546546546546547,
        "recall": 0.6068376068376068,
        "f1-score": 0.5150697255960414,
        "support": 117.0
    },
    "micro_avg": {
        "precision": 0.6068376068376068,
        "recall": 0.6068376068376068,
        "f1-score": 0.6068376068376068
    },
    "regression": {
        "mse": 1.4700854700854702,
        "rmse": 1.2124708120550656,
        "mae": 0.717948717948718,
        "kendall": 0.06944913992381281
    }
}