{
    "high": {
        "precision": 0.0,
        "recall": 0.0,
        "f1-score": 0.0,
        "support": 8.0
    },
    "low": {
        "precision": 0.7708333333333334,
        "recall": 0.8604651162790697,
        "f1-score": 0.8131868131868132,
        "support": 43.0
    },
    "medium": {
        "precision": 1.0,
        "recall": 0.038461538461538464,
        "f1-score": 0.07407407407407407,
        "support": 26.0
    },
    "normal": {
        "precision": 0.5441176470588235,
        "recall": 0.925,
        "f1-score": 0.6851851851851852,
        "support": 40.0
    },
    "accuracy": 0.6410256410256411,
    "macro_avg": {
        "precision": 0.5787377450980392,
        "recall": 0.455981663685152,
        "f1-score": 0.3931115181115181,
        "support": 117.0
    },
    "weighted_avg": {
        "precision": 0.6915430702195408,
        "recall": 0.6410256410256411,
        "f1-score": 0.5495757803450111,
        "support": 117.0
    },
    "micro_avg": {
        "precision": 0.6410256410256411,
        "recall": 0.6410256410256411,
        "f1-score": 0.6410256410256411
    },
    "regression": {
        "mse": 1.2735042735042734,
        "rmse": 1.1284964658802763,
        "mae": 0.6410256410256411,
        "kendall": 0.2091408475501215
    }
}