{
    "high": {
        "precision": 0.6,
        "recall": 0.375,
        "f1-score": 0.46153846153846156,
        "support": 8.0
    },
    "low": {
        "precision": 0.8536585365853658,
        "recall": 0.813953488372093,
        "f1-score": 0.8333333333333334,
        "support": 43.0
    },
    "medium": {
        "precision": 0.65625,
        "recall": 0.8076923076923077,
        "f1-score": 0.7241379310344828,
        "support": 26.0
    },
    "normal": {
        "precision": 0.9743589743589743,
        "recall": 0.95,
        "f1-score": 0.9620253164556962,
        "support": 40.0
    },
    "accuracy": 0.8290598290598291,
    "macro_avg": {
        "precision": 0.7710668777360851,
        "recall": 0.7366614490161002,
        "f1-score": 0.7452587605904935,
        "support": 117.0
    },
    "weighted_avg": {
        "precision": 0.8337109063891428,
        "recall": 0.8290598290598291,
        "f1-score": 0.827643075989448,
        "support": 117.0
    },
    "micro_avg": {
        "precision": 0.8290598290598291,
        "recall": 0.8290598290598291,
        "f1-score": 0.8290598290598291
    },
    "regression": {
        "mse": 0.3504273504273504,
        "rmse": 0.5919690451597536,
        "mae": 0.23076923076923078,
        "kendall": 0.7796007562132964
    }
}