{
    "high": {
        "precision": 0.0,
        "recall": 0.0,
        "f1-score": 0.0,
        "support": 8.0
    },
    "low": {
        "precision": 0.5416666666666666,
        "recall": 0.9069767441860465,
        "f1-score": 0.6782608695652174,
        "support": 43.0
    },
    "medium": {
        "precision": 0.0,
        "recall": 0.0,
        "f1-score": 0.0,
        "support": 26.0
    },
    "normal": {
        "precision": 0.8666666666666667,
        "recall": 0.975,
        "f1-score": 0.9176470588235294,
        "support": 40.0
    },
    "accuracy": 0.6666666666666666,
    "macro_avg": {
        "precision": 0.3520833333333333,
        "recall": 0.4704941860465116,
        "f1-score": 0.3989769820971867,
        "support": 117.0
    },
    "weighted_avg": {
        "precision": 0.4953703703703704,
        "recall": 0.6666666666666666,
        "f1-score": 0.563000852514919,
        "support": 117.0
    },
    "micro_avg": {
        "precision": 0.6666666666666666,
        "recall": 0.6666666666666666,
        "f1-score": 0.6666666666666666
    },
    "regression": {
        "mse": 0.5897435897435898,
        "rmse": 0.7679476477883045,
        "mae": 0.4188034188034188,
        "kendall": 0.7211301234664658
    }
}