{
    "high": {
        "precision": 0.6,
        "recall": 0.375,
        "f1-score": 0.46153846153846156,
        "support": 8.0
    },
    "low": {
        "precision": 0.75,
        "recall": 0.8372093023255814,
        "f1-score": 0.7912087912087912,
        "support": 43.0
    },
    "medium": {
        "precision": 0.7307692307692307,
        "recall": 0.7307692307692307,
        "f1-score": 0.7307692307692307,
        "support": 26.0
    },
    "normal": {
        "precision": 0.8947368421052632,
        "recall": 0.85,
        "f1-score": 0.8717948717948718,
        "support": 40.0
    },
    "accuracy": 0.7863247863247863,
    "macro_avg": {
        "precision": 0.7438765182186236,
        "recall": 0.6982446332737031,
        "f1-score": 0.7138278388278388,
        "support": 117.0
    },
    "weighted_avg": {
        "precision": 0.784952766531714,
        "recall": 0.7863247863247863,
        "f1-score": 0.7827870135562444,
        "support": 117.0
    },
    "micro_avg": {
        "precision": 0.7863247863247863,
        "recall": 0.7863247863247863,
        "f1-score": 0.7863247863247863
    },
    "regression": {
        "mse": 0.46153846153846156,
        "rmse": 0.6793662204867574,
        "mae": 0.2905982905982906,
        "kendall": 0.7042300016276831
    }
}