{
    "high": {
        "precision": 0.4,
        "recall": 0.5,
        "f1-score": 0.4444444444444444,
        "support": 8.0
    },
    "low": {
        "precision": 0.85,
        "recall": 0.7906976744186046,
        "f1-score": 0.8192771084337349,
        "support": 43.0
    },
    "medium": {
        "precision": 0.6896551724137931,
        "recall": 0.7692307692307693,
        "f1-score": 0.7272727272727273,
        "support": 26.0
    },
    "normal": {
        "precision": 0.9736842105263158,
        "recall": 0.925,
        "f1-score": 0.9487179487179487,
        "support": 40.0
    },
    "accuracy": 0.811965811965812,
    "macro_avg": {
        "precision": 0.7283348457350273,
        "recall": 0.7462321109123435,
        "f1-score": 0.7349280572172139,
        "support": 117.0
    },
    "weighted_avg": {
        "precision": 0.8258837855026603,
        "recall": 0.811965811965812,
        "f1-score": 0.8174553852650857,
        "support": 117.0
    },
    "micro_avg": {
        "precision": 0.811965811965812,
        "recall": 0.811965811965812,
        "f1-score": 0.811965811965812
    },
    "regression": {
        "mse": 0.4358974358974359,
        "rmse": 0.6602252917735247,
        "mae": 0.26495726495726496,
        "kendall": 0.758426463062946
    }
}