{
    "high": {
        "precision": 0.0,
        "recall": 0.0,
        "f1-score": 0.0,
        "support": 8.0
    },
    "low": {
        "precision": 0.7307692307692307,
        "recall": 0.8837209302325582,
        "f1-score": 0.8,
        "support": 43.0
    },
    "medium": {
        "precision": 1.0,
        "recall": 0.038461538461538464,
        "f1-score": 0.07407407407407407,
        "support": 26.0
    },
    "normal": {
        "precision": 0.5625,
        "recall": 0.9,
        "f1-score": 0.6923076923076923,
        "support": 40.0
    },
    "accuracy": 0.6410256410256411,
    "macro_avg": {
        "precision": 0.5733173076923077,
        "recall": 0.45554561717352415,
        "f1-score": 0.3915954415954416,
        "support": 117.0
    },
    "weighted_avg": {
        "precision": 0.68310322156476,
        "recall": 0.6410256410256411,
        "f1-score": 0.5471643898994325,
        "support": 117.0
    },
    "micro_avg": {
        "precision": 0.6410256410256411,
        "recall": 0.6410256410256411,
        "f1-score": 0.6410256410256411
    },
    "regression": {
        "mse": 1.2222222222222223,
        "rmse": 1.1055415967851334,
        "mae": 0.6239316239316239,
        "kendall": 0.22721507140350913
    }
}