{
    "high": {
        "precision": 0.0,
        "recall": 0.0,
        "f1-score": 0.0,
        "support": 8.0
    },
    "low": {
        "precision": 0.7884615384615384,
        "recall": 0.9534883720930233,
        "f1-score": 0.8631578947368421,
        "support": 43.0
    },
    "medium": {
        "precision": 0.0,
        "recall": 0.0,
        "f1-score": 0.0,
        "support": 26.0
    },
    "normal": {
        "precision": 0.5538461538461539,
        "recall": 0.9,
        "f1-score": 0.6857142857142857,
        "support": 40.0
    },
    "accuracy": 0.6581196581196581,
    "macro_avg": {
        "precision": 0.3355769230769231,
        "recall": 0.4633720930232558,
        "f1-score": 0.38721804511278196,
        "support": 117.0
    },
    "weighted_avg": {
        "precision": 0.4791255752794214,
        "recall": 0.6581196581196581,
        "f1-score": 0.5516612042927833,
        "support": 117.0
    },
    "micro_avg": {
        "precision": 0.6581196581196581,
        "recall": 0.6581196581196581,
        "f1-score": 0.6581196581196581
    },
    "regression": {
        "mse": 1.3247863247863247,
        "rmse": 1.1509936249981252,
        "mae": 0.6410256410256411,
        "kendall": 0.14100785067520125
    }
}