{
    "high": {
        "precision": 0.42857142857142855,
        "recall": 0.375,
        "f1-score": 0.4,
        "support": 8.0
    },
    "low": {
        "precision": 0.6964285714285714,
        "recall": 0.9069767441860465,
        "f1-score": 0.7878787878787878,
        "support": 43.0
    },
    "medium": {
        "precision": 0.8095238095238095,
        "recall": 0.6538461538461539,
        "f1-score": 0.723404255319149,
        "support": 26.0
    },
    "normal": {
        "precision": 0.9696969696969697,
        "recall": 0.8,
        "f1-score": 0.8767123287671232,
        "support": 40.0
    },
    "accuracy": 0.7777777777777778,
    "macro_avg": {
        "precision": 0.7260551948051948,
        "recall": 0.6839557245080501,
        "f1-score": 0.696998842991265,
        "support": 117.0
    },
    "weighted_avg": {
        "precision": 0.7966709216709218,
        "recall": 0.7777777777777778,
        "f1-score": 0.7773999287843648,
        "support": 117.0
    },
    "micro_avg": {
        "precision": 0.7777777777777778,
        "recall": 0.7777777777777778,
        "f1-score": 0.7777777777777778
    },
    "regression": {
        "mse": 0.49572649572649574,
        "rmse": 0.7040784727049221,
        "mae": 0.3076923076923077,
        "kendall": 0.6981286578158151
    }
}