{
    "high": {
        "precision": 0.0,
        "recall": 0.0,
        "f1-score": 0.0,
        "support": 8.0
    },
    "low": {
        "precision": 0.5394736842105263,
        "recall": 0.9534883720930233,
        "f1-score": 0.6890756302521008,
        "support": 43.0
    },
    "medium": {
        "precision": 0.0,
        "recall": 0.0,
        "f1-score": 0.0,
        "support": 26.0
    },
    "normal": {
        "precision": 0.926829268292683,
        "recall": 0.95,
        "f1-score": 0.9382716049382716,
        "support": 40.0
    },
    "accuracy": 0.6752136752136753,
    "macro_avg": {
        "precision": 0.36657573812580235,
        "recall": 0.47587209302325584,
        "f1-score": 0.4068368087975931,
        "support": 117.0
    },
    "weighted_avg": {
        "precision": 0.5151328132714525,
        "recall": 0.6752136752136753,
        "f1-score": 0.5740266350288137,
        "support": 117.0
    },
    "micro_avg": {
        "precision": 0.6752136752136753,
        "recall": 0.6752136752136753,
        "f1-score": 0.6752136752136753
    },
    "regression": {
        "mse": 0.5555555555555556,
        "rmse": 0.7453559924999299,
        "mae": 0.4017094017094017,
        "kendall": 0.7379379802337328
    }
}