{
    "high": {
        "precision": 0.25,
        "recall": 0.25,
        "f1-score": 0.25,
        "support": 8.0
    },
    "low": {
        "precision": 0.7755102040816326,
        "recall": 0.8837209302325582,
        "f1-score": 0.8260869565217391,
        "support": 43.0
    },
    "medium": {
        "precision": 0.8095238095238095,
        "recall": 0.6538461538461539,
        "f1-score": 0.723404255319149,
        "support": 26.0
    },
    "normal": {
        "precision": 0.8717948717948718,
        "recall": 0.85,
        "f1-score": 0.8607594936708861,
        "support": 40.0
    },
    "accuracy": 0.7777777777777778,
    "macro_avg": {
        "precision": 0.6767072213500784,
        "recall": 0.659391771019678,
        "f1-score": 0.6650626763779436,
        "support": 117.0
    },
    "weighted_avg": {
        "precision": 0.780054296537813,
        "recall": 0.7777777777777778,
        "f1-score": 0.7757318762014367,
        "support": 117.0
    },
    "micro_avg": {
        "precision": 0.7777777777777778,
        "recall": 0.7777777777777778,
        "f1-score": 0.7777777777777778
    },
    "regression": {
        "mse": 0.5641025641025641,
        "rmse": 0.7510676161988108,
        "mae": 0.3247863247863248,
        "kendall": 0.6827113645644538
    }
}