{
    "high": {
        "precision": 1.0,
        "recall": 0.25,
        "f1-score": 0.4,
        "support": 8.0
    },
    "low": {
        "precision": 0.7450980392156863,
        "recall": 0.8837209302325582,
        "f1-score": 0.8085106382978723,
        "support": 43.0
    },
    "medium": {
        "precision": 0.75,
        "recall": 0.6923076923076923,
        "f1-score": 0.72,
        "support": 26.0
    },
    "normal": {
        "precision": 0.925,
        "recall": 0.925,
        "f1-score": 0.925,
        "support": 40.0
    },
    "accuracy": 0.811965811965812,
    "macro_avg": {
        "precision": 0.8550245098039215,
        "recall": 0.6877571556350626,
        "f1-score": 0.7133776595744681,
        "support": 117.0
    },
    "weighted_avg": {
        "precision": 0.8251215015920897,
        "recall": 0.811965811965812,
        "f1-score": 0.8007346790325515,
        "support": 117.0
    },
    "micro_avg": {
        "precision": 0.811965811965812,
        "recall": 0.811965811965812,
        "f1-score": 0.811965811965812
    },
    "regression": {
        "mse": 0.39316239316239315,
        "rmse": 0.6270266287506402,
        "mae": 0.2564102564102564,
        "kendall": 0.7446268029676181
    }
}