{
    "high": {
        "precision": 0.5,
        "recall": 0.25,
        "f1-score": 0.3333333333333333,
        "support": 8.0
    },
    "low": {
        "precision": 0.8372093023255814,
        "recall": 0.8372093023255814,
        "f1-score": 0.8372093023255814,
        "support": 43.0
    },
    "medium": {
        "precision": 0.7037037037037037,
        "recall": 0.7307692307692307,
        "f1-score": 0.7169811320754716,
        "support": 26.0
    },
    "normal": {
        "precision": 0.8372093023255814,
        "recall": 0.9,
        "f1-score": 0.8674698795180723,
        "support": 40.0
    },
    "accuracy": 0.7948717948717948,
    "macro_avg": {
        "precision": 0.7195305770887167,
        "recall": 0.6794946332737031,
        "f1-score": 0.6887484118131147,
        "support": 117.0
    },
    "weighted_avg": {
        "precision": 0.7844843452078595,
        "recall": 0.7948717948717948,
        "f1-score": 0.7863843699260838,
        "support": 117.0
    },
    "micro_avg": {
        "precision": 0.7948717948717948,
        "recall": 0.7948717948717948,
        "f1-score": 0.7948717948717948
    },
    "regression": {
        "mse": 0.5470085470085471,
        "rmse": 0.7396002616336389,
        "mae": 0.3076923076923077,
        "kendall": 0.6700711142177354
    }
}