{
    "high": {
        "precision": 0.0,
        "recall": 0.0,
        "f1-score": 0.0,
        "support": 8.0
    },
    "low": {
        "precision": 0.43023255813953487,
        "recall": 0.8604651162790697,
        "f1-score": 0.5736434108527132,
        "support": 43.0
    },
    "medium": {
        "precision": 0.0,
        "recall": 0.0,
        "f1-score": 0.0,
        "support": 26.0
    },
    "normal": {
        "precision": 0.06451612903225806,
        "recall": 0.05,
        "f1-score": 0.056338028169014086,
        "support": 40.0
    },
    "accuracy": 0.3333333333333333,
    "macro_avg": {
        "precision": 0.12368717179294823,
        "recall": 0.22761627906976745,
        "f1-score": 0.15749535975543183,
        "support": 117.0
    },
    "weighted_avg": {
        "precision": 0.18017645437000276,
        "recall": 0.3333333333333333,
        "f1-score": 0.2300870751574977,
        "support": 117.0
    },
    "micro_avg": {
        "precision": 0.3333333333333333,
        "recall": 0.3333333333333333,
        "f1-score": 0.3333333333333333
    },
    "regression": {
        "mse": 1.5299145299145298,
        "rmse": 1.2368971379684448,
        "mae": 0.9316239316239316,
        "kendall": -0.4898019499468672
    }
}