{
    "high": {
        "precision": 0.6666666666666666,
        "recall": 0.5,
        "f1-score": 0.5714285714285714,
        "support": 8.0
    },
    "low": {
        "precision": 0.8536585365853658,
        "recall": 0.813953488372093,
        "f1-score": 0.8333333333333334,
        "support": 43.0
    },
    "medium": {
        "precision": 0.7,
        "recall": 0.8076923076923077,
        "f1-score": 0.75,
        "support": 26.0
    },
    "normal": {
        "precision": 0.95,
        "recall": 0.95,
        "f1-score": 0.95,
        "support": 40.0
    },
    "accuracy": 0.8376068376068376,
    "macro_avg": {
        "precision": 0.792581300813008,
        "recall": 0.7679114490161003,
        "f1-score": 0.7761904761904761,
        "support": 117.0
    },
    "weighted_avg": {
        "precision": 0.8396636786880689,
        "recall": 0.8376068376068376,
        "f1-score": 0.8367928367928368,
        "support": 117.0
    },
    "micro_avg": {
        "precision": 0.8376068376068376,
        "recall": 0.8376068376068376,
        "f1-score": 0.8376068376068376
    },
    "regression": {
        "mse": 0.3418803418803419,
        "rmse": 0.5847053462046862,
        "mae": 0.2222222222222222,
        "kendall": 0.7838929051668866
    }
}