{
    "high": {
        "precision": 0.5714285714285714,
        "recall": 0.5,
        "f1-score": 0.5333333333333333,
        "support": 8.0
    },
    "low": {
        "precision": 0.9444444444444444,
        "recall": 0.7906976744186046,
        "f1-score": 0.8607594936708861,
        "support": 43.0
    },
    "medium": {
        "precision": 0.6774193548387096,
        "recall": 0.8076923076923077,
        "f1-score": 0.7368421052631579,
        "support": 26.0
    },
    "normal": {
        "precision": 0.9069767441860465,
        "recall": 0.975,
        "f1-score": 0.9397590361445783,
        "support": 40.0
    },
    "accuracy": 0.8376068376068376,
    "macro_avg": {
        "precision": 0.7750672787244429,
        "recall": 0.7683474955277282,
        "f1-score": 0.767673492102989,
        "support": 117.0
    },
    "weighted_avg": {
        "precision": 0.8467907066306666,
        "recall": 0.8376068376068376,
        "f1-score": 0.8378425733088889,
        "support": 117.0
    },
    "micro_avg": {
        "precision": 0.8376068376068376,
        "recall": 0.8376068376068376,
        "f1-score": 0.8376068376068376
    },
    "regression": {
        "mse": 0.358974358974359,
        "rmse": 0.5991446895152781,
        "mae": 0.2222222222222222,
        "kendall": 0.7903763791715446
    }
}