{
    "high": {
        "precision": 0.5,
        "recall": 0.375,
        "f1-score": 0.42857142857142855,
        "support": 8.0
    },
    "low": {
        "precision": 0.8043478260869565,
        "recall": 0.8604651162790697,
        "f1-score": 0.8314606741573034,
        "support": 43.0
    },
    "medium": {
        "precision": 0.782608695652174,
        "recall": 0.6923076923076923,
        "f1-score": 0.7346938775510204,
        "support": 26.0
    },
    "normal": {
        "precision": 0.8571428571428571,
        "recall": 0.9,
        "f1-score": 0.8780487804878049,
        "support": 40.0
    },
    "accuracy": 0.8034188034188035,
    "macro_avg": {
        "precision": 0.7360248447204969,
        "recall": 0.7069432021466905,
        "f1-score": 0.7181936901918893,
        "support": 117.0
    },
    "weighted_avg": {
        "precision": 0.7967563837129055,
        "recall": 0.8034188034188035,
        "f1-score": 0.7983365166937967,
        "support": 117.0
    },
    "micro_avg": {
        "precision": 0.8034188034188035,
        "recall": 0.8034188034188035,
        "f1-score": 0.8034188034188035
    },
    "regression": {
        "mse": 0.5555555555555556,
        "rmse": 0.7453559924999299,
        "mae": 0.29914529914529914,
        "kendall": 0.6812415168845267
    }
}