{
    "high": {
        "precision": 0.42857142857142855,
        "recall": 0.375,
        "f1-score": 0.4,
        "support": 8.0
    },
    "low": {
        "precision": 0.813953488372093,
        "recall": 0.813953488372093,
        "f1-score": 0.813953488372093,
        "support": 43.0
    },
    "medium": {
        "precision": 0.6785714285714286,
        "recall": 0.7307692307692307,
        "f1-score": 0.7037037037037037,
        "support": 26.0
    },
    "normal": {
        "precision": 0.9487179487179487,
        "recall": 0.925,
        "f1-score": 0.9367088607594937,
        "support": 40.0
    },
    "accuracy": 0.8034188034188035,
    "macro_avg": {
        "precision": 0.7174535735582247,
        "recall": 0.7111806797853311,
        "f1-score": 0.7135915132088226,
        "support": 117.0
    },
    "weighted_avg": {
        "precision": 0.8035909958986881,
        "recall": 0.8034188034188035,
        "f1-score": 0.803116672877573,
        "support": 117.0
    },
    "micro_avg": {
        "precision": 0.8034188034188035,
        "recall": 0.8034188034188035,
        "f1-score": 0.8034188034188035
    },
    "regression": {
        "mse": 0.4017094017094017,
        "rmse": 0.633805492015809,
        "mae": 0.26495726495726496,
        "kendall": 0.7565576690784162
    }
}