{
    "high": {
        "precision": 0.6,
        "recall": 0.375,
        "f1-score": 0.46153846153846156,
        "support": 8.0
    },
    "low": {
        "precision": 0.7674418604651163,
        "recall": 0.7674418604651163,
        "f1-score": 0.7674418604651163,
        "support": 43.0
    },
    "medium": {
        "precision": 0.6333333333333333,
        "recall": 0.7307692307692307,
        "f1-score": 0.6785714285714286,
        "support": 26.0
    },
    "normal": {
        "precision": 0.8717948717948718,
        "recall": 0.85,
        "f1-score": 0.8607594936708861,
        "support": 40.0
    },
    "accuracy": 0.7606837606837606,
    "macro_avg": {
        "precision": 0.7181425163983304,
        "recall": 0.6808027728085868,
        "f1-score": 0.6920778110614731,
        "support": 117.0
    },
    "weighted_avg": {
        "precision": 0.7618671926364234,
        "recall": 0.7606837606837606,
        "f1-score": 0.7586798682222246,
        "support": 117.0
    },
    "micro_avg": {
        "precision": 0.7606837606837606,
        "recall": 0.7606837606837606,
        "f1-score": 0.7606837606837606
    },
    "regression": {
        "mse": 0.4700854700854701,
        "rmse": 0.6856277926728686,
        "mae": 0.3162393162393162,
        "kendall": 0.6861545477350709
    }
}