{
    "high": {
        "precision": 0.0,
        "recall": 0.0,
        "f1-score": 0.0,
        "support": 8.0
    },
    "low": {
        "precision": 0.8,
        "recall": 0.8372093023255814,
        "f1-score": 0.8181818181818182,
        "support": 43.0
    },
    "medium": {
        "precision": 0.0,
        "recall": 0.0,
        "f1-score": 0.0,
        "support": 26.0
    },
    "normal": {
        "precision": 0.5352112676056338,
        "recall": 0.95,
        "f1-score": 0.6846846846846847,
        "support": 40.0
    },
    "accuracy": 0.6324786324786325,
    "macro_avg": {
        "precision": 0.33380281690140845,
        "recall": 0.4468023255813953,
        "f1-score": 0.37571662571662573,
        "support": 117.0
    },
    "weighted_avg": {
        "precision": 0.47699530516431926,
        "recall": 0.6324786324786325,
        "f1-score": 0.5347795347795349,
        "support": 117.0
    },
    "micro_avg": {
        "precision": 0.6324786324786325,
        "recall": 0.6324786324786325,
        "f1-score": 0.6324786324786325
    },
    "regression": {
        "mse": 1.2820512820512822,
        "rmse": 1.1322770341445958,
        "mae": 0.6495726495726496,
        "kendall": 0.211813136320498
    }
}