{
    "high": {
        "precision": 0.0,
        "recall": 0.0,
        "f1-score": 0.0,
        "support": 8.0
    },
    "low": {
        "precision": 0.8372093023255814,
        "recall": 0.8372093023255814,
        "f1-score": 0.8372093023255814,
        "support": 43.0
    },
    "medium": {
        "precision": 0.0,
        "recall": 0.0,
        "f1-score": 0.0,
        "support": 26.0
    },
    "normal": {
        "precision": 0.5342465753424658,
        "recall": 0.975,
        "f1-score": 0.6902654867256637,
        "support": 40.0
    },
    "accuracy": 0.6410256410256411,
    "macro_avg": {
        "precision": 0.3428639694170118,
        "recall": 0.45305232558139535,
        "f1-score": 0.38186869726281125,
        "support": 117.0
    },
    "weighted_avg": {
        "precision": 0.4903407095187917,
        "recall": 0.6410256410256411,
        "f1-score": 0.5436805082822782,
        "support": 117.0
    },
    "micro_avg": {
        "precision": 0.6410256410256411,
        "recall": 0.6410256410256411,
        "f1-score": 0.6410256410256411
    },
    "regression": {
        "mse": 1.3162393162393162,
        "rmse": 1.1472747344203638,
        "mae": 0.6495726495726496,
        "kendall": 0.20523490915526274
    }
}