{
    "high": {
        "precision": 0.4,
        "recall": 0.5,
        "f1-score": 0.4444444444444444,
        "support": 8.0
    },
    "low": {
        "precision": 0.825,
        "recall": 0.7674418604651163,
        "f1-score": 0.7951807228915663,
        "support": 43.0
    },
    "medium": {
        "precision": 0.6666666666666666,
        "recall": 0.7692307692307693,
        "f1-score": 0.7142857142857143,
        "support": 26.0
    },
    "normal": {
        "precision": 0.9459459459459459,
        "recall": 0.875,
        "f1-score": 0.9090909090909091,
        "support": 40.0
    },
    "accuracy": 0.7863247863247863,
    "macro_avg": {
        "precision": 0.7094031531531532,
        "recall": 0.7279181574239714,
        "f1-score": 0.7157504476781585,
        "support": 117.0
    },
    "weighted_avg": {
        "precision": 0.8021040271040272,
        "recall": 0.7863247863247863,
        "f1-score": 0.7921657399569046,
        "support": 117.0
    },
    "micro_avg": {
        "precision": 0.7863247863247863,
        "recall": 0.7863247863247863,
        "f1-score": 0.7863247863247863
    },
    "regression": {
        "mse": 0.5384615384615384,
        "rmse": 0.7337993857053428,
        "mae": 0.3162393162393162,
        "kendall": 0.6932816307508051
    }
}