{
    "high": {
        "precision": 0.0,
        "recall": 0.0,
        "f1-score": 0.0,
        "support": 8.0
    },
    "low": {
        "precision": 0.8372093023255814,
        "recall": 0.8372093023255814,
        "f1-score": 0.8372093023255814,
        "support": 43.0
    },
    "medium": {
        "precision": 0.0,
        "recall": 0.0,
        "f1-score": 0.0,
        "support": 26.0
    },
    "normal": {
        "precision": 0.527027027027027,
        "recall": 0.975,
        "f1-score": 0.6842105263157895,
        "support": 40.0
    },
    "accuracy": 0.6410256410256411,
    "macro_avg": {
        "precision": 0.3410590823381521,
        "recall": 0.45305232558139535,
        "f1-score": 0.38035495716034273,
        "support": 117.0
    },
    "weighted_avg": {
        "precision": 0.4878724878724879,
        "recall": 0.6410256410256411,
        "f1-score": 0.5416104363472785,
        "support": 117.0
    },
    "micro_avg": {
        "precision": 0.6410256410256411,
        "recall": 0.6410256410256411,
        "f1-score": 0.6410256410256411
    },
    "regression": {
        "mse": 1.3846153846153846,
        "rmse": 1.1766968108291043,
        "mae": 0.6666666666666666,
        "kendall": 0.16899290714794454
    }
}