{
    "high": {
        "precision": 1.0,
        "recall": 0.25,
        "f1-score": 0.4,
        "support": 8.0
    },
    "low": {
        "precision": 0.7692307692307693,
        "recall": 0.9302325581395349,
        "f1-score": 0.8421052631578947,
        "support": 43.0
    },
    "medium": {
        "precision": 0.6923076923076923,
        "recall": 0.6923076923076923,
        "f1-score": 0.6923076923076923,
        "support": 26.0
    },
    "normal": {
        "precision": 0.972972972972973,
        "recall": 0.9,
        "f1-score": 0.935064935064935,
        "support": 40.0
    },
    "accuracy": 0.8205128205128205,
    "macro_avg": {
        "precision": 0.8586278586278586,
        "recall": 0.6931350626118068,
        "f1-score": 0.7173694726326305,
        "support": 117.0
    },
    "weighted_avg": {
        "precision": 0.8375712991097607,
        "recall": 0.8205128205128205,
        "f1-score": 0.8103685787896314,
        "support": 117.0
    },
    "micro_avg": {
        "precision": 0.8205128205128205,
        "recall": 0.8205128205128205,
        "f1-score": 0.8205128205128205
    },
    "regression": {
        "mse": 0.3333333333333333,
        "rmse": 0.5773502691896257,
        "mae": 0.23076923076923078,
        "kendall": 0.7740659284176069
    }
}