{
    "high": {
        "precision": 0.0,
        "recall": 0.0,
        "f1-score": 0.0,
        "support": 8.0
    },
    "low": {
        "precision": 0.7450980392156863,
        "recall": 0.8837209302325582,
        "f1-score": 0.8085106382978723,
        "support": 43.0
    },
    "medium": {
        "precision": 0.65625,
        "recall": 0.8076923076923077,
        "f1-score": 0.7241379310344828,
        "support": 26.0
    },
    "normal": {
        "precision": 0.9705882352941176,
        "recall": 0.825,
        "f1-score": 0.8918918918918919,
        "support": 40.0
    },
    "accuracy": 0.7863247863247863,
    "macro_avg": {
        "precision": 0.592984068627451,
        "recall": 0.6291033094812164,
        "f1-score": 0.6061351153060617,
        "support": 117.0
    },
    "weighted_avg": {
        "precision": 0.7514978213507625,
        "recall": 0.7863247863247863,
        "f1-score": 0.7629847805929977,
        "support": 117.0
    },
    "micro_avg": {
        "precision": 0.7863247863247863,
        "recall": 0.7863247863247863,
        "f1-score": 0.7863247863247863
    },
    "regression": {
        "mse": 0.39316239316239315,
        "rmse": 0.6270266287506402,
        "mae": 0.27350427350427353,
        "kendall": 0.7317996551208765
    }
}