{
    "high": {
        "precision": 0.5,
        "recall": 0.375,
        "f1-score": 0.42857142857142855,
        "support": 8.0
    },
    "low": {
        "precision": 0.8292682926829268,
        "recall": 0.7906976744186046,
        "f1-score": 0.8095238095238095,
        "support": 43.0
    },
    "medium": {
        "precision": 0.65625,
        "recall": 0.8076923076923077,
        "f1-score": 0.7241379310344828,
        "support": 26.0
    },
    "normal": {
        "precision": 0.9736842105263158,
        "recall": 0.925,
        "f1-score": 0.9487179487179487,
        "support": 40.0
    },
    "accuracy": 0.811965811965812,
    "macro_avg": {
        "precision": 0.7398006258023107,
        "recall": 0.7245974955277281,
        "f1-score": 0.7277377794619173,
        "support": 117.0
    },
    "weighted_avg": {
        "precision": 0.817678675268534,
        "recall": 0.811965811965812,
        "f1-score": 0.8120888837069208,
        "support": 117.0
    },
    "micro_avg": {
        "precision": 0.811965811965812,
        "recall": 0.811965811965812,
        "f1-score": 0.811965811965812
    },
    "regression": {
        "mse": 0.39316239316239315,
        "rmse": 0.6270266287506402,
        "mae": 0.2564102564102564,
        "kendall": 0.7573142664071801
    }
}