{
    "high": {
        "precision": 0.0,
        "recall": 0.0,
        "f1-score": 0.0,
        "support": 8.0
    },
    "low": {
        "precision": 0.7358490566037735,
        "recall": 0.9069767441860465,
        "f1-score": 0.8125,
        "support": 43.0
    },
    "medium": {
        "precision": 0.7407407407407407,
        "recall": 0.7692307692307693,
        "f1-score": 0.7547169811320755,
        "support": 26.0
    },
    "normal": {
        "precision": 0.9459459459459459,
        "recall": 0.875,
        "f1-score": 0.9090909090909091,
        "support": 40.0
    },
    "accuracy": 0.8034188034188035,
    "macro_avg": {
        "precision": 0.605633935822615,
        "recall": 0.6378018783542039,
        "f1-score": 0.6190769725557461,
        "support": 117.0
    },
    "weighted_avg": {
        "precision": 0.7584496284705928,
        "recall": 0.8034188034188035,
        "f1-score": 0.7771263066074386,
        "support": 117.0
    },
    "micro_avg": {
        "precision": 0.8034188034188035,
        "recall": 0.8034188034188035,
        "f1-score": 0.8034188034188035
    },
    "regression": {
        "mse": 0.42735042735042733,
        "rmse": 0.6537204504606134,
        "mae": 0.27350427350427353,
        "kendall": 0.7234549879479126
    }
}