{
    "high": {
        "precision": 0.75,
        "recall": 0.375,
        "f1-score": 0.5,
        "support": 8.0
    },
    "low": {
        "precision": 0.8222222222222222,
        "recall": 0.8604651162790697,
        "f1-score": 0.8409090909090909,
        "support": 43.0
    },
    "medium": {
        "precision": 0.7241379310344828,
        "recall": 0.8076923076923077,
        "f1-score": 0.7636363636363637,
        "support": 26.0
    },
    "normal": {
        "precision": 0.8717948717948718,
        "recall": 0.85,
        "f1-score": 0.8607594936708861,
        "support": 40.0
    },
    "accuracy": 0.811965811965812,
    "macro_avg": {
        "precision": 0.7920387562628942,
        "recall": 0.7232893559928444,
        "f1-score": 0.7413262370540852,
        "support": 117.0
    },
    "weighted_avg": {
        "precision": 0.8124353558482649,
        "recall": 0.811965811965812,
        "f1-score": 0.8072138129100155,
        "support": 117.0
    },
    "micro_avg": {
        "precision": 0.811965811965812,
        "recall": 0.811965811965812,
        "f1-score": 0.811965811965812
    },
    "regression": {
        "mse": 0.5128205128205128,
        "rmse": 0.7161148740394329,
        "mae": 0.2905982905982906,
        "kendall": 0.6707557543700032
    }
}