{
    "high": {
        "precision": 0.0,
        "recall": 0.0,
        "f1-score": 0.0,
        "support": 8.0
    },
    "low": {
        "precision": 0.8717948717948718,
        "recall": 0.7906976744186046,
        "f1-score": 0.8292682926829268,
        "support": 43.0
    },
    "medium": {
        "precision": 1.0,
        "recall": 0.07692307692307693,
        "f1-score": 0.14285714285714285,
        "support": 26.0
    },
    "normal": {
        "precision": 0.5131578947368421,
        "recall": 0.975,
        "f1-score": 0.6724137931034483,
        "support": 40.0
    },
    "accuracy": 0.6410256410256411,
    "macro_avg": {
        "precision": 0.5962381916329285,
        "recall": 0.46065518783542037,
        "f1-score": 0.41113480716087947,
        "support": 117.0
    },
    "weighted_avg": {
        "precision": 0.7180640621936168,
        "recall": 0.6410256410256411,
        "f1-score": 0.566404906186235,
        "support": 117.0
    },
    "micro_avg": {
        "precision": 0.6410256410256411,
        "recall": 0.6410256410256411,
        "f1-score": 0.6410256410256411
    },
    "regression": {
        "mse": 1.3675213675213675,
        "rmse": 1.1694106924093723,
        "mae": 0.6666666666666666,
        "kendall": 0.19075439505147374
    }
}