{
    "high": {
        "precision": 0.8,
        "recall": 0.5,
        "f1-score": 0.6153846153846154,
        "support": 8.0
    },
    "low": {
        "precision": 0.8333333333333334,
        "recall": 0.813953488372093,
        "f1-score": 0.8235294117647058,
        "support": 43.0
    },
    "medium": {
        "precision": 0.6774193548387096,
        "recall": 0.8076923076923077,
        "f1-score": 0.7368421052631579,
        "support": 26.0
    },
    "normal": {
        "precision": 0.9487179487179487,
        "recall": 0.925,
        "f1-score": 0.9367088607594937,
        "support": 40.0
    },
    "accuracy": 0.8290598290598291,
    "macro_avg": {
        "precision": 0.8148676592224979,
        "recall": 0.7616614490161002,
        "f1-score": 0.7781162482929932,
        "support": 117.0
    },
    "weighted_avg": {
        "precision": 0.8358543120329721,
        "recall": 0.8290598290598291,
        "f1-score": 0.8287272717622317,
        "support": 117.0
    },
    "micro_avg": {
        "precision": 0.8290598290598291,
        "recall": 0.8290598290598291,
        "f1-score": 0.8290598290598291
    },
    "regression": {
        "mse": 0.3247863247863248,
        "rmse": 0.5699002761767402,
        "mae": 0.2222222222222222,
        "kendall": 0.7823310620629125
    }
}