{
    "high": {
        "precision": 0.5,
        "recall": 0.375,
        "f1-score": 0.42857142857142855,
        "support": 8.0
    },
    "low": {
        "precision": 0.8372093023255814,
        "recall": 0.8372093023255814,
        "f1-score": 0.8372093023255814,
        "support": 43.0
    },
    "medium": {
        "precision": 0.76,
        "recall": 0.7307692307692307,
        "f1-score": 0.7450980392156863,
        "support": 26.0
    },
    "normal": {
        "precision": 0.9069767441860465,
        "recall": 0.975,
        "f1-score": 0.9397590361445783,
        "support": 40.0
    },
    "accuracy": 0.8290598290598291,
    "macro_avg": {
        "precision": 0.751046511627907,
        "recall": 0.7294946332737031,
        "f1-score": 0.7376594515643187,
        "support": 117.0
    },
    "weighted_avg": {
        "precision": 0.8208467501490758,
        "recall": 0.8290598290598291,
        "f1-score": 0.8238588196065163,
        "support": 117.0
    },
    "micro_avg": {
        "precision": 0.8290598290598291,
        "recall": 0.8290598290598291,
        "f1-score": 0.8290598290598291
    },
    "regression": {
        "mse": 0.37606837606837606,
        "rmse": 0.6132441406718666,
        "mae": 0.23931623931623933,
        "kendall": 0.7762398137396659
    }
}