{
    "high": {
        "precision": 0.42857142857142855,
        "recall": 0.375,
        "f1-score": 0.4,
        "support": 8.0
    },
    "low": {
        "precision": 0.8181818181818182,
        "recall": 0.8372093023255814,
        "f1-score": 0.8275862068965517,
        "support": 43.0
    },
    "medium": {
        "precision": 0.7307692307692307,
        "recall": 0.7307692307692307,
        "f1-score": 0.7307692307692307,
        "support": 26.0
    },
    "normal": {
        "precision": 0.875,
        "recall": 0.875,
        "f1-score": 0.875,
        "support": 40.0
    },
    "accuracy": 0.7948717948717948,
    "macro_avg": {
        "precision": 0.7131306193806194,
        "recall": 0.7044946332737031,
        "f1-score": 0.7083388594164456,
        "support": 117.0
    },
    "weighted_avg": {
        "precision": 0.7915417915417916,
        "recall": 0.7948717948717948,
        "f1-score": 0.7930445033893311,
        "support": 117.0
    },
    "micro_avg": {
        "precision": 0.7948717948717948,
        "recall": 0.7948717948717948,
        "f1-score": 0.7948717948717948
    },
    "regression": {
        "mse": 0.5128205128205128,
        "rmse": 0.7161148740394329,
        "mae": 0.3076923076923077,
        "kendall": 0.6853388551685722
    }
}