{
    "high": {
        "precision": 0.6666666666666666,
        "recall": 0.5,
        "f1-score": 0.5714285714285714,
        "support": 8.0
    },
    "low": {
        "precision": 0.8780487804878049,
        "recall": 0.8372093023255814,
        "f1-score": 0.8571428571428571,
        "support": 43.0
    },
    "medium": {
        "precision": 0.7241379310344828,
        "recall": 0.8076923076923077,
        "f1-score": 0.7636363636363637,
        "support": 26.0
    },
    "normal": {
        "precision": 0.9512195121951219,
        "recall": 0.975,
        "f1-score": 0.9629629629629629,
        "support": 40.0
    },
    "accuracy": 0.8547008547008547,
    "macro_avg": {
        "precision": 0.8050182225960191,
        "recall": 0.7799754025044724,
        "f1-score": 0.7887926887926887,
        "support": 117.0
    },
    "weighted_avg": {
        "precision": 0.8544085264017981,
        "recall": 0.8547008547008547,
        "f1-score": 0.8530054307832085,
        "support": 117.0
    },
    "micro_avg": {
        "precision": 0.8547008547008547,
        "recall": 0.8547008547008547,
        "f1-score": 0.8547008547008547
    },
    "regression": {
        "mse": 0.27350427350427353,
        "rmse": 0.5229763603684908,
        "mae": 0.18803418803418803,
        "kendall": 0.8280767610856311
    }
}