{
    "high": {
        "precision": 1.0,
        "recall": 0.125,
        "f1-score": 0.2222222222222222,
        "support": 8.0
    },
    "low": {
        "precision": 0.8125,
        "recall": 0.9069767441860465,
        "f1-score": 0.8571428571428571,
        "support": 43.0
    },
    "medium": {
        "precision": 0.7142857142857143,
        "recall": 0.7692307692307693,
        "f1-score": 0.7407407407407407,
        "support": 26.0
    },
    "normal": {
        "precision": 0.95,
        "recall": 0.95,
        "f1-score": 0.95,
        "support": 40.0
    },
    "accuracy": 0.8376068376068376,
    "macro_avg": {
        "precision": 0.8691964285714286,
        "recall": 0.6878018783542039,
        "f1-score": 0.6925264550264549,
        "support": 117.0
    },
    "weighted_avg": {
        "precision": 0.850503663003663,
        "recall": 0.8376068376068376,
        "f1-score": 0.8196083751639308,
        "support": 117.0
    },
    "micro_avg": {
        "precision": 0.8376068376068376,
        "recall": 0.8376068376068376,
        "f1-score": 0.8376068376068376
    },
    "regression": {
        "mse": 0.41025641025641024,
        "rmse": 0.6405126152203485,
        "mae": 0.23931623931623933,
        "kendall": 0.750111851308646
    }
}