{
    "high": {
        "precision": 0.375,
        "recall": 0.375,
        "f1-score": 0.375,
        "support": 8.0
    },
    "low": {
        "precision": 0.7647058823529411,
        "recall": 0.9069767441860465,
        "f1-score": 0.8297872340425532,
        "support": 43.0
    },
    "medium": {
        "precision": 0.7619047619047619,
        "recall": 0.6153846153846154,
        "f1-score": 0.6808510638297872,
        "support": 26.0
    },
    "normal": {
        "precision": 0.918918918918919,
        "recall": 0.85,
        "f1-score": 0.8831168831168831,
        "support": 40.0
    },
    "accuracy": 0.7863247863247863,
    "macro_avg": {
        "precision": 0.7051323907941555,
        "recall": 0.6868403398926655,
        "f1-score": 0.6921887952473058,
        "support": 117.0
    },
    "weighted_avg": {
        "precision": 0.790159260747496,
        "recall": 0.7863247863247863,
        "f1-score": 0.7838261029750391,
        "support": 117.0
    },
    "micro_avg": {
        "precision": 0.7863247863247863,
        "recall": 0.7863247863247863,
        "f1-score": 0.7863247863247863
    },
    "regression": {
        "mse": 0.46153846153846156,
        "rmse": 0.6793662204867574,
        "mae": 0.2905982905982906,
        "kendall": 0.7223243922353414
    }
}