{
    "high": {
        "precision": 0.5,
        "recall": 0.375,
        "f1-score": 0.42857142857142855,
        "support": 8.0
    },
    "low": {
        "precision": 0.782608695652174,
        "recall": 0.8372093023255814,
        "f1-score": 0.8089887640449438,
        "support": 43.0
    },
    "medium": {
        "precision": 0.7037037037037037,
        "recall": 0.7307692307692307,
        "f1-score": 0.7169811320754716,
        "support": 26.0
    },
    "normal": {
        "precision": 0.8947368421052632,
        "recall": 0.85,
        "f1-score": 0.8717948717948718,
        "support": 40.0
    },
    "accuracy": 0.7863247863247863,
    "macro_avg": {
        "precision": 0.7202623103652852,
        "recall": 0.6982446332737031,
        "f1-score": 0.7065840491216789,
        "support": 117.0
    },
    "weighted_avg": {
        "precision": 0.7840849905431649,
        "recall": 0.7863247863247863,
        "f1-score": 0.7840033554552236,
        "support": 117.0
    },
    "micro_avg": {
        "precision": 0.7863247863247863,
        "recall": 0.7863247863247863,
        "f1-score": 0.7863247863247863
    },
    "regression": {
        "mse": 0.48717948717948717,
        "rmse": 0.6979824404521128,
        "mae": 0.29914529914529914,
        "kendall": 0.6944624926772291
    }
}