{
    "high": {
        "precision": 0.0,
        "recall": 0.0,
        "f1-score": 0.0,
        "support": 8.0
    },
    "low": {
        "precision": 0.5,
        "recall": 0.046511627906976744,
        "f1-score": 0.0851063829787234,
        "support": 43.0
    },
    "medium": {
        "precision": 0.4,
        "recall": 0.07692307692307693,
        "f1-score": 0.12903225806451613,
        "support": 26.0
    },
    "normal": {
        "precision": 0.041666666666666664,
        "recall": 0.075,
        "f1-score": 0.05357142857142857,
        "support": 40.0
    },
    "accuracy": 0.05982905982905983,
    "macro_avg": {
        "precision": 0.23541666666666666,
        "recall": 0.049608676207513414,
        "f1-score": 0.06692751740366702,
        "support": 117.0
    },
    "weighted_avg": {
        "precision": 0.28689458689458686,
        "recall": 0.05982905982905983,
        "f1-score": 0.078267267697604,
        "support": 117.0
    },
    "micro_avg": {
        "precision": 0.05982905982905983,
        "recall": 0.05982905982905983,
        "f1-score": 0.05982905982905983
    },
    "regression": {
        "mse": 4.333333333333333,
        "rmse": 2.0816659994661326,
        "mae": 1.8376068376068375,
        "kendall": -0.6330563468964391
    }
}