{
    "high": {
        "precision": 0.4444444444444444,
        "recall": 0.5,
        "f1-score": 0.47058823529411764,
        "support": 8.0
    },
    "low": {
        "precision": 0.7916666666666666,
        "recall": 0.8837209302325582,
        "f1-score": 0.8351648351648352,
        "support": 43.0
    },
    "medium": {
        "precision": 0.7916666666666666,
        "recall": 0.7307692307692307,
        "f1-score": 0.76,
        "support": 26.0
    },
    "normal": {
        "precision": 0.9722222222222222,
        "recall": 0.875,
        "f1-score": 0.9210526315789473,
        "support": 40.0
    },
    "accuracy": 0.8205128205128205,
    "macro_avg": {
        "precision": 0.75,
        "recall": 0.7473725402504472,
        "f1-score": 0.746701425509475,
        "support": 117.0
    },
    "weighted_avg": {
        "precision": 0.829653371320038,
        "recall": 0.8205128205128205,
        "f1-score": 0.8228965731418697,
        "support": 117.0
    },
    "micro_avg": {
        "precision": 0.8205128205128205,
        "recall": 0.8205128205128205,
        "f1-score": 0.8205128205128205
    },
    "regression": {
        "mse": 0.41025641025641024,
        "rmse": 0.6405126152203485,
        "mae": 0.2564102564102564,
        "kendall": 0.7557623227845445
    }
}