{
    "high": {
        "precision": 0.0,
        "recall": 0.0,
        "f1-score": 0.0,
        "support": 8.0
    },
    "low": {
        "precision": 0.711864406779661,
        "recall": 0.9767441860465116,
        "f1-score": 0.8235294117647058,
        "support": 43.0
    },
    "medium": {
        "precision": 0.0,
        "recall": 0.0,
        "f1-score": 0.0,
        "support": 26.0
    },
    "normal": {
        "precision": 0.6551724137931034,
        "recall": 0.95,
        "f1-score": 0.7755102040816326,
        "support": 40.0
    },
    "accuracy": 0.6837606837606838,
    "macro_avg": {
        "precision": 0.34175920514319114,
        "recall": 0.4816860465116279,
        "f1-score": 0.3997599039615846,
        "support": 117.0
    },
    "weighted_avg": {
        "precision": 0.485615949087603,
        "recall": 0.6837606837606838,
        "f1-score": 0.5677963493089543,
        "support": 117.0
    },
    "micro_avg": {
        "precision": 0.6837606837606838,
        "recall": 0.6837606837606838,
        "f1-score": 0.6837606837606838
    },
    "regression": {
        "mse": 1.0427350427350428,
        "rmse": 1.0211439872687116,
        "mae": 0.5470085470085471,
        "kendall": 0.3539461279845743
    }
}