{
    "high": {
        "precision": 0.5,
        "recall": 0.375,
        "f1-score": 0.42857142857142855,
        "support": 8.0
    },
    "low": {
        "precision": 0.7708333333333334,
        "recall": 0.8604651162790697,
        "f1-score": 0.8131868131868132,
        "support": 43.0
    },
    "medium": {
        "precision": 0.782608695652174,
        "recall": 0.6923076923076923,
        "f1-score": 0.7346938775510204,
        "support": 26.0
    },
    "normal": {
        "precision": 0.85,
        "recall": 0.85,
        "f1-score": 0.85,
        "support": 40.0
    },
    "accuracy": 0.7863247863247863,
    "macro_avg": {
        "precision": 0.7258605072463769,
        "recall": 0.6944432021466905,
        "f1-score": 0.7066130298273156,
        "support": 117.0
    },
    "weighted_avg": {
        "precision": 0.7819970890623065,
        "recall": 0.7863247863247863,
        "f1-score": 0.7820311556575293,
        "support": 117.0
    },
    "micro_avg": {
        "precision": 0.7863247863247863,
        "recall": 0.7863247863247863,
        "f1-score": 0.7863247863247863
    },
    "regression": {
        "mse": 0.48717948717948717,
        "rmse": 0.6979824404521128,
        "mae": 0.29914529914529914,
        "kendall": 0.6932399432420695
    }
}