{
    "high": {
        "precision": 1.0,
        "recall": 0.25,
        "f1-score": 0.4,
        "support": 8.0
    },
    "low": {
        "precision": 0.8181818181818182,
        "recall": 0.8372093023255814,
        "f1-score": 0.8275862068965517,
        "support": 43.0
    },
    "medium": {
        "precision": 0.7142857142857143,
        "recall": 0.7692307692307693,
        "f1-score": 0.7407407407407407,
        "support": 26.0
    },
    "normal": {
        "precision": 0.9069767441860465,
        "recall": 0.975,
        "f1-score": 0.9397590361445783,
        "support": 40.0
    },
    "accuracy": 0.8290598290598291,
    "macro_avg": {
        "precision": 0.8598610691633948,
        "recall": 0.7078600178890877,
        "f1-score": 0.7270214959454677,
        "support": 117.0
    },
    "weighted_avg": {
        "precision": 0.8378830471853729,
        "recall": 0.8290598290598291,
        "f1-score": 0.8174002359110608,
        "support": 117.0
    },
    "micro_avg": {
        "precision": 0.8290598290598291,
        "recall": 0.8290598290598291,
        "f1-score": 0.8290598290598291
    },
    "regression": {
        "mse": 0.24786324786324787,
        "rmse": 0.4978586625371179,
        "mae": 0.19658119658119658,
        "kendall": 0.8351583566081686
    }
}