{
    "high": {
        "precision": 0.0,
        "recall": 0.0,
        "f1-score": 0.0,
        "support": 8.0
    },
    "low": {
        "precision": 0.78,
        "recall": 0.9069767441860465,
        "f1-score": 0.8387096774193549,
        "support": 43.0
    },
    "medium": {
        "precision": 0.0,
        "recall": 0.0,
        "f1-score": 0.0,
        "support": 26.0
    },
    "normal": {
        "precision": 0.5373134328358209,
        "recall": 0.9,
        "f1-score": 0.6728971962616822,
        "support": 40.0
    },
    "accuracy": 0.6410256410256411,
    "macro_avg": {
        "precision": 0.32932835820895523,
        "recall": 0.4517441860465116,
        "f1-score": 0.37790171842025927,
        "support": 117.0
    },
    "weighted_avg": {
        "precision": 0.4703635667814772,
        "recall": 0.6410256410256411,
        "f1-score": 0.5382940511068337,
        "support": 117.0
    },
    "micro_avg": {
        "precision": 0.6410256410256411,
        "recall": 0.6410256410256411,
        "f1-score": 0.6410256410256411
    },
    "regression": {
        "mse": 1.3418803418803418,
        "rmse": 1.1583955895463094,
        "mae": 0.6581196581196581,
        "kendall": 0.13862958494660008
    }
}