{
    "high": {
        "precision": 0.0,
        "recall": 0.0,
        "f1-score": 0.0,
        "support": 8.0
    },
    "low": {
        "precision": 0.5384615384615384,
        "recall": 0.9767441860465116,
        "f1-score": 0.6942148760330579,
        "support": 43.0
    },
    "medium": {
        "precision": 0.0,
        "recall": 0.0,
        "f1-score": 0.0,
        "support": 26.0
    },
    "normal": {
        "precision": 0.8717948717948718,
        "recall": 0.85,
        "f1-score": 0.8607594936708861,
        "support": 40.0
    },
    "accuracy": 0.6495726495726496,
    "macro_avg": {
        "precision": 0.35256410256410253,
        "recall": 0.4566860465116279,
        "f1-score": 0.388743592425986,
        "support": 117.0
    },
    "weighted_avg": {
        "precision": 0.49594564979180367,
        "recall": 0.6495726495726496,
        "f1-score": 0.5494155505662985,
        "support": 117.0
    },
    "micro_avg": {
        "precision": 0.6495726495726496,
        "recall": 0.6495726495726496,
        "f1-score": 0.6495726495726496
    },
    "regression": {
        "mse": 0.6581196581196581,
        "rmse": 0.8112457445926345,
        "mae": 0.452991452991453,
        "kendall": 0.6082210128258657
    }
}