{
    "high": {
        "precision": 0.0,
        "recall": 0.0,
        "f1-score": 0.0,
        "support": 8.0
    },
    "low": {
        "precision": 0.7659574468085106,
        "recall": 0.8372093023255814,
        "f1-score": 0.8,
        "support": 43.0
    },
    "medium": {
        "precision": 0.7241379310344828,
        "recall": 0.8076923076923077,
        "f1-score": 0.7636363636363637,
        "support": 26.0
    },
    "normal": {
        "precision": 0.926829268292683,
        "recall": 0.95,
        "f1-score": 0.9382716049382716,
        "support": 40.0
    },
    "accuracy": 0.811965811965812,
    "macro_avg": {
        "precision": 0.6042311615339191,
        "recall": 0.6487254025044722,
        "f1-score": 0.6254769921436588,
        "support": 117.0
    },
    "weighted_avg": {
        "precision": 0.7592899756527336,
        "recall": 0.811965811965812,
        "f1-score": 0.784490680786977,
        "support": 117.0
    },
    "micro_avg": {
        "precision": 0.811965811965812,
        "recall": 0.811965811965812,
        "f1-score": 0.811965811965812
    },
    "regression": {
        "mse": 0.3418803418803419,
        "rmse": 0.5847053462046862,
        "mae": 0.23931623931623933,
        "kendall": 0.7854725241332126
    }
}