{
    "high": {
        "precision": 0.5,
        "recall": 0.5,
        "f1-score": 0.5,
        "support": 8.0
    },
    "low": {
        "precision": 0.8333333333333334,
        "recall": 0.813953488372093,
        "f1-score": 0.8235294117647058,
        "support": 43.0
    },
    "medium": {
        "precision": 0.6538461538461539,
        "recall": 0.6538461538461539,
        "f1-score": 0.6538461538461539,
        "support": 26.0
    },
    "normal": {
        "precision": 0.8536585365853658,
        "recall": 0.875,
        "f1-score": 0.8641975308641975,
        "support": 40.0
    },
    "accuracy": 0.7777777777777778,
    "macro_avg": {
        "precision": 0.7102095059412132,
        "recall": 0.7106999105545617,
        "f1-score": 0.7103932741187643,
        "support": 117.0
    },
    "weighted_avg": {
        "precision": 0.7776040580918631,
        "recall": 0.7777777777777778,
        "f1-score": 0.7776039823970107,
        "support": 117.0
    },
    "micro_avg": {
        "precision": 0.7777777777777778,
        "recall": 0.7777777777777778,
        "f1-score": 0.7777777777777778
    },
    "regression": {
        "mse": 0.5042735042735043,
        "rmse": 0.7101221755962168,
        "mae": 0.3162393162393162,
        "kendall": 0.6790149592633583
    }
}