{
    "high": {
        "precision": 0.0,
        "recall": 0.0,
        "f1-score": 0.0,
        "support": 8.0
    },
    "low": {
        "precision": 0.8444444444444444,
        "recall": 0.8837209302325582,
        "f1-score": 0.8636363636363636,
        "support": 43.0
    },
    "medium": {
        "precision": 0.0,
        "recall": 0.0,
        "f1-score": 0.0,
        "support": 26.0
    },
    "normal": {
        "precision": 0.5138888888888888,
        "recall": 0.925,
        "f1-score": 0.6607142857142857,
        "support": 40.0
    },
    "accuracy": 0.6410256410256411,
    "macro_avg": {
        "precision": 0.33958333333333335,
        "recall": 0.45218023255813955,
        "f1-score": 0.38108766233766234,
        "support": 117.0
    },
    "weighted_avg": {
        "precision": 0.48603988603988596,
        "recall": 0.6410256410256411,
        "f1-score": 0.5432900432900434,
        "support": 117.0
    },
    "micro_avg": {
        "precision": 0.6410256410256411,
        "recall": 0.6410256410256411,
        "f1-score": 0.6410256410256411
    },
    "regression": {
        "mse": 1.4188034188034189,
        "rmse": 1.191135348649942,
        "mae": 0.6837606837606838,
        "kendall": 0.10170764201594903
    }
}