{
    "high": {
        "precision": 0.8571428571428571,
        "recall": 0.75,
        "f1-score": 0.8,
        "support": 8.0
    },
    "low": {
        "precision": 0.9818181818181818,
        "recall": 1.0,
        "f1-score": 0.9908256880733946,
        "support": 108.0
    },
    "medium": {
        "precision": 0.9936708860759493,
        "recall": 0.9936708860759493,
        "f1-score": 0.9936708860759493,
        "support": 158.0
    },
    "normal": {
        "precision": 1.0,
        "recall": 0.9942528735632183,
        "f1-score": 0.9971181556195965,
        "support": 174.0
    },
    "accuracy": 0.9910714285714286,
    "macro_avg": {
        "precision": 0.9581579812592471,
        "recall": 0.934480939909792,
        "f1-score": 0.9454036824422352,
        "support": 448.0
    },
    "weighted_avg": {
        "precision": 0.990833719851577,
        "recall": 0.9910714285714286,
        "f1-score": 0.990865476316376,
        "support": 448.0
    },
    "micro_avg": {
        "precision": 0.9910714285714286,
        "recall": 0.9910714285714286,
        "f1-score": 0.9910714285714286
    },
    "regression": {
        "mse": 0.029017857142857144,
        "rmse": 0.17034628596731172,
        "mae": 0.015625,
        "kendall": 0.981862280397381
    }
}