{
    "high": {
        "precision": 0.5,
        "recall": 0.5,
        "f1-score": 0.5,
        "support": 8.0
    },
    "low": {
        "precision": 0.8947368421052632,
        "recall": 0.7906976744186046,
        "f1-score": 0.8395061728395061,
        "support": 43.0
    },
    "medium": {
        "precision": 0.6774193548387096,
        "recall": 0.8076923076923077,
        "f1-score": 0.7368421052631579,
        "support": 26.0
    },
    "normal": {
        "precision": 0.95,
        "recall": 0.95,
        "f1-score": 0.95,
        "support": 40.0
    },
    "accuracy": 0.8290598290598291,
    "macro_avg": {
        "precision": 0.7555390492359932,
        "recall": 0.7620974955277282,
        "f1-score": 0.756587069525666,
        "support": 117.0
    },
    "weighted_avg": {
        "precision": 0.8383469011652372,
        "recall": 0.8290598290598291,
        "f1-score": 0.8312535057174433,
        "support": 117.0
    },
    "micro_avg": {
        "precision": 0.8290598290598291,
        "recall": 0.8290598290598291,
        "f1-score": 0.8290598290598291
    },
    "regression": {
        "mse": 0.3504273504273504,
        "rmse": 0.5919690451597536,
        "mae": 0.23076923076923078,
        "kendall": 0.789764508566406
    }
}