{
    "high": {
        "precision": 0.0,
        "recall": 0.0,
        "f1-score": 0.0,
        "support": 8.0
    },
    "low": {
        "precision": 0.6896551724137931,
        "recall": 0.9302325581395349,
        "f1-score": 0.7920792079207921,
        "support": 43.0
    },
    "medium": {
        "precision": 0.0,
        "recall": 0.0,
        "f1-score": 0.0,
        "support": 26.0
    },
    "normal": {
        "precision": 0.5932203389830508,
        "recall": 0.875,
        "f1-score": 0.7070707070707071,
        "support": 40.0
    },
    "accuracy": 0.6410256410256411,
    "macro_avg": {
        "precision": 0.320718877849211,
        "recall": 0.4513081395348837,
        "f1-score": 0.37478747874787477,
        "support": 117.0
    },
    "weighted_avg": {
        "precision": 0.45627338438559956,
        "recall": 0.6410256410256411,
        "f1-score": 0.5328396087471995,
        "support": 117.0
    },
    "micro_avg": {
        "precision": 0.6410256410256411,
        "recall": 0.6410256410256411,
        "f1-score": 0.6410256410256411
    },
    "regression": {
        "mse": 1.1538461538461537,
        "rmse": 1.0741723110591492,
        "mae": 0.6068376068376068,
        "kendall": 0.2480351282302553
    }
}