{
    "high": {
        "precision": 0.0,
        "recall": 0.0,
        "f1-score": 0.0,
        "support": 8.0
    },
    "low": {
        "precision": 0.8,
        "recall": 0.7441860465116279,
        "f1-score": 0.7710843373493976,
        "support": 43.0
    },
    "medium": {
        "precision": 0.5555555555555556,
        "recall": 0.7692307692307693,
        "f1-score": 0.6451612903225806,
        "support": 26.0
    },
    "normal": {
        "precision": 0.8536585365853658,
        "recall": 0.875,
        "f1-score": 0.8641975308641975,
        "support": 40.0
    },
    "accuracy": 0.7435897435897436,
    "macro_avg": {
        "precision": 0.5523035230352303,
        "recall": 0.5971042039355993,
        "f1-score": 0.5701107896340439,
        "support": 117.0
    },
    "weighted_avg": {
        "precision": 0.709322956477428,
        "recall": 0.7435897435897436,
        "f1-score": 0.7222112930681973,
        "support": 117.0
    },
    "micro_avg": {
        "precision": 0.7435897435897436,
        "recall": 0.7435897435897436,
        "f1-score": 0.7435897435897436
    },
    "regression": {
        "mse": 0.4358974358974359,
        "rmse": 0.6602252917735247,
        "mae": 0.3162393162393162,
        "kendall": 0.6979810408497518
    }
}