{
    "high": {
        "precision": 0.3333333333333333,
        "recall": 0.125,
        "f1-score": 0.18181818181818182,
        "support": 8.0
    },
    "low": {
        "precision": 0.7906976744186046,
        "recall": 0.7906976744186046,
        "f1-score": 0.7906976744186046,
        "support": 43.0
    },
    "medium": {
        "precision": 0.6666666666666666,
        "recall": 0.8461538461538461,
        "f1-score": 0.7457627118644068,
        "support": 26.0
    },
    "normal": {
        "precision": 0.8947368421052632,
        "recall": 0.85,
        "f1-score": 0.8717948717948718,
        "support": 40.0
    },
    "accuracy": 0.7777777777777778,
    "macro_avg": {
        "precision": 0.671358629130967,
        "recall": 0.6529628801431127,
        "f1-score": 0.6475183599740162,
        "support": 117.0
    },
    "weighted_avg": {
        "precision": 0.7674313990103463,
        "recall": 0.7777777777777778,
        "f1-score": 0.7668048789300419,
        "support": 117.0
    },
    "micro_avg": {
        "precision": 0.7777777777777778,
        "recall": 0.7777777777777778,
        "f1-score": 0.7777777777777778
    },
    "regression": {
        "mse": 0.5042735042735043,
        "rmse": 0.7101221755962168,
        "mae": 0.3162393162393162,
        "kendall": 0.6773452049735831
    }
}