{
    "high": {
        "precision": 0.4,
        "recall": 0.25,
        "f1-score": 0.3076923076923077,
        "support": 8.0
    },
    "low": {
        "precision": 0.8372093023255814,
        "recall": 0.8372093023255814,
        "f1-score": 0.8372093023255814,
        "support": 43.0
    },
    "medium": {
        "precision": 0.6774193548387096,
        "recall": 0.8076923076923077,
        "f1-score": 0.7368421052631579,
        "support": 26.0
    },
    "normal": {
        "precision": 0.9736842105263158,
        "recall": 0.925,
        "f1-score": 0.9487179487179487,
        "support": 40.0
    },
    "accuracy": 0.8205128205128205,
    "macro_avg": {
        "precision": 0.7220782169226517,
        "recall": 0.7049754025044723,
        "f1-score": 0.707615415999749,
        "support": 117.0
    },
    "weighted_avg": {
        "precision": 0.8184638602295647,
        "recall": 0.8205128205128205,
        "f1-score": 0.8168218046760557,
        "support": 117.0
    },
    "micro_avg": {
        "precision": 0.8205128205128205,
        "recall": 0.8205128205128205,
        "f1-score": 0.8205128205128205
    },
    "regression": {
        "mse": 0.38461538461538464,
        "rmse": 0.6201736729460423,
        "mae": 0.24786324786324787,
        "kendall": 0.7655295587640376
    }
}