{
    "high": {
        "precision": 0.0,
        "recall": 0.0,
        "f1-score": 0.0,
        "support": 8.0
    },
    "low": {
        "precision": 0.6190476190476191,
        "recall": 0.9069767441860465,
        "f1-score": 0.7358490566037735,
        "support": 43.0
    },
    "medium": {
        "precision": 0.8181818181818182,
        "recall": 0.34615384615384615,
        "f1-score": 0.4864864864864865,
        "support": 26.0
    },
    "normal": {
        "precision": 0.813953488372093,
        "recall": 0.875,
        "f1-score": 0.8433734939759037,
        "support": 40.0
    },
    "accuracy": 0.7094017094017094,
    "macro_avg": {
        "precision": 0.5627957314003826,
        "recall": 0.5320326475849732,
        "f1-score": 0.5164272592665409,
        "support": 117.0
    },
    "weighted_avg": {
        "precision": 0.6876061062107574,
        "recall": 0.7094017094017094,
        "f1-score": 0.6668811781337356,
        "support": 117.0
    },
    "micro_avg": {
        "precision": 0.7094017094017094,
        "recall": 0.7094017094017094,
        "f1-score": 0.7094017094017094
    },
    "regression": {
        "mse": 0.6153846153846154,
        "rmse": 0.7844645405527362,
        "mae": 0.39316239316239315,
        "kendall": 0.6183787994090465
    }
}