{
    "high": {
        "precision": 0.5714285714285714,
        "recall": 0.5,
        "f1-score": 0.5333333333333333,
        "support": 8.0
    },
    "low": {
        "precision": 0.9166666666666666,
        "recall": 0.7674418604651163,
        "f1-score": 0.8354430379746836,
        "support": 43.0
    },
    "medium": {
        "precision": 0.782608695652174,
        "recall": 0.6923076923076923,
        "f1-score": 0.7346938775510204,
        "support": 26.0
    },
    "normal": {
        "precision": 0.7647058823529411,
        "recall": 0.975,
        "f1-score": 0.8571428571428571,
        "support": 40.0
    },
    "accuracy": 0.8034188034188035,
    "macro_avg": {
        "precision": 0.7588524540250883,
        "recall": 0.7336873881932021,
        "f1-score": 0.7401532765004736,
        "support": 117.0
    },
    "weighted_avg": {
        "precision": 0.8113175779416187,
        "recall": 0.8034188034188035,
        "f1-score": 0.79981600343264,
        "support": 117.0
    },
    "micro_avg": {
        "precision": 0.8034188034188035,
        "recall": 0.8034188034188035,
        "f1-score": 0.8034188034188035
    },
    "regression": {
        "mse": 0.5128205128205128,
        "rmse": 0.7161148740394329,
        "mae": 0.2905982905982906,
        "kendall": 0.7022301356889897
    }
}