{
    "high": {
        "precision": 1.0,
        "recall": 0.25,
        "f1-score": 0.4,
        "support": 8.0
    },
    "low": {
        "precision": 0.8181818181818182,
        "recall": 0.8372093023255814,
        "f1-score": 0.8275862068965517,
        "support": 43.0
    },
    "medium": {
        "precision": 0.6666666666666666,
        "recall": 0.8461538461538461,
        "f1-score": 0.7457627118644068,
        "support": 26.0
    },
    "normal": {
        "precision": 0.9473684210526315,
        "recall": 0.9,
        "f1-score": 0.9230769230769231,
        "support": 40.0
    },
    "accuracy": 0.8205128205128205,
    "macro_avg": {
        "precision": 0.8580542264752791,
        "recall": 0.7083407871198569,
        "f1-score": 0.7241064604594705,
        "support": 117.0
    },
    "weighted_avg": {
        "precision": 0.8411101568996305,
        "recall": 0.8205128205128205,
        "f1-score": 0.8128129429752414,
        "support": 117.0
    },
    "micro_avg": {
        "precision": 0.8205128205128205,
        "recall": 0.8205128205128205,
        "f1-score": 0.8205128205128205
    },
    "regression": {
        "mse": 0.3333333333333333,
        "rmse": 0.5773502691896257,
        "mae": 0.23076923076923078,
        "kendall": 0.7733311828841849
    }
}