{
    "high": {
        "precision": 0.3333333333333333,
        "recall": 0.25,
        "f1-score": 0.2857142857142857,
        "support": 8.0
    },
    "low": {
        "precision": 0.7708333333333334,
        "recall": 0.8604651162790697,
        "f1-score": 0.8131868131868132,
        "support": 43.0
    },
    "medium": {
        "precision": 0.75,
        "recall": 0.6923076923076923,
        "f1-score": 0.72,
        "support": 26.0
    },
    "normal": {
        "precision": 0.8974358974358975,
        "recall": 0.875,
        "f1-score": 0.8860759493670886,
        "support": 40.0
    },
    "accuracy": 0.7863247863247863,
    "macro_avg": {
        "precision": 0.6879006410256411,
        "recall": 0.6694432021466905,
        "f1-score": 0.6762442620670469,
        "support": 117.0
    },
    "weighted_avg": {
        "precision": 0.7795721016874863,
        "recall": 0.7863247863247863,
        "f1-score": 0.7813314976703486,
        "support": 117.0
    },
    "micro_avg": {
        "precision": 0.7863247863247863,
        "recall": 0.7863247863247863,
        "f1-score": 0.7863247863247863
    },
    "regression": {
        "mse": 0.48717948717948717,
        "rmse": 0.6979824404521128,
        "mae": 0.29914529914529914,
        "kendall": 0.7093197145255536
    }
}