{
    "high": {
        "precision": 0.6,
        "recall": 0.375,
        "f1-score": 0.46153846153846156,
        "support": 8.0
    },
    "low": {
        "precision": 0.8043478260869565,
        "recall": 0.8604651162790697,
        "f1-score": 0.8314606741573034,
        "support": 43.0
    },
    "medium": {
        "precision": 0.7037037037037037,
        "recall": 0.7307692307692307,
        "f1-score": 0.7169811320754716,
        "support": 26.0
    },
    "normal": {
        "precision": 0.9743589743589743,
        "recall": 0.95,
        "f1-score": 0.9620253164556962,
        "support": 40.0
    },
    "accuracy": 0.8290598290598291,
    "macro_avg": {
        "precision": 0.7706026260374087,
        "recall": 0.7290585867620751,
        "f1-score": 0.7430013960567332,
        "support": 117.0
    },
    "weighted_avg": {
        "precision": 0.826133434123029,
        "recall": 0.8290598290598291,
        "f1-score": 0.825364433959503,
        "support": 117.0
    },
    "micro_avg": {
        "precision": 0.8290598290598291,
        "recall": 0.8290598290598291,
        "f1-score": 0.8290598290598291
    },
    "regression": {
        "mse": 0.3247863247863248,
        "rmse": 0.5699002761767402,
        "mae": 0.2222222222222222,
        "kendall": 0.795024092296986
    }
}