{
    "high": {
        "precision": 0.42857142857142855,
        "recall": 0.375,
        "f1-score": 0.4,
        "support": 8.0
    },
    "low": {
        "precision": 0.7906976744186046,
        "recall": 0.7906976744186046,
        "f1-score": 0.7906976744186046,
        "support": 43.0
    },
    "medium": {
        "precision": 0.6774193548387096,
        "recall": 0.8076923076923077,
        "f1-score": 0.7368421052631579,
        "support": 26.0
    },
    "normal": {
        "precision": 0.9722222222222222,
        "recall": 0.875,
        "f1-score": 0.9210526315789473,
        "support": 40.0
    },
    "accuracy": 0.7948717948717948,
    "macro_avg": {
        "precision": 0.7172276700127412,
        "recall": 0.7120974955277282,
        "f1-score": 0.7121481028151775,
        "support": 117.0
    },
    "weighted_avg": {
        "precision": 0.8028236200279211,
        "recall": 0.7948717948717948,
        "f1-score": 0.7965811965811965,
        "support": 117.0
    },
    "micro_avg": {
        "precision": 0.7948717948717948,
        "recall": 0.7948717948717948,
        "f1-score": 0.7948717948717948
    },
    "regression": {
        "mse": 0.4358974358974359,
        "rmse": 0.6602252917735247,
        "mae": 0.28205128205128205,
        "kendall": 0.7336357191406174
    }
}