{
    "high": {
        "precision": 0.3333333333333333,
        "recall": 0.375,
        "f1-score": 0.35294117647058826,
        "support": 8.0
    },
    "low": {
        "precision": 0.813953488372093,
        "recall": 0.813953488372093,
        "f1-score": 0.813953488372093,
        "support": 43.0
    },
    "medium": {
        "precision": 0.7307692307692307,
        "recall": 0.7307692307692307,
        "f1-score": 0.7307692307692307,
        "support": 26.0
    },
    "normal": {
        "precision": 0.8974358974358975,
        "recall": 0.875,
        "f1-score": 0.8860759493670886,
        "support": 40.0
    },
    "accuracy": 0.7863247863247863,
    "macro_avg": {
        "precision": 0.6938729874776386,
        "recall": 0.698680679785331,
        "f1-score": 0.6959349612447501,
        "support": 117.0
    },
    "weighted_avg": {
        "precision": 0.7911461757615604,
        "recall": 0.7863247863247863,
        "f1-score": 0.7886031400551132,
        "support": 117.0
    },
    "micro_avg": {
        "precision": 0.7863247863247863,
        "recall": 0.7863247863247863,
        "f1-score": 0.7863247863247863
    },
    "regression": {
        "mse": 0.6239316239316239,
        "rmse": 0.7898934256794545,
        "mae": 0.3333333333333333,
        "kendall": 0.6607945980144585
    }
}