{
    "high": {
        "precision": 0.6666666666666666,
        "recall": 0.25,
        "f1-score": 0.36363636363636365,
        "support": 8.0
    },
    "low": {
        "precision": 0.85,
        "recall": 0.7906976744186046,
        "f1-score": 0.8192771084337349,
        "support": 43.0
    },
    "medium": {
        "precision": 0.65625,
        "recall": 0.8076923076923077,
        "f1-score": 0.7241379310344828,
        "support": 26.0
    },
    "normal": {
        "precision": 0.9285714285714286,
        "recall": 0.975,
        "f1-score": 0.9512195121951219,
        "support": 40.0
    },
    "accuracy": 0.8205128205128205,
    "macro_avg": {
        "precision": 0.7753720238095239,
        "recall": 0.7058474955277281,
        "f1-score": 0.7145677288249258,
        "support": 117.0
    },
    "weighted_avg": {
        "precision": 0.8212708587708588,
        "recall": 0.8205128205128205,
        "f1-score": 0.8120886603969482,
        "support": 117.0
    },
    "micro_avg": {
        "precision": 0.8205128205128205,
        "recall": 0.8205128205128205,
        "f1-score": 0.8205128205128205
    },
    "regression": {
        "mse": 0.3076923076923077,
        "rmse": 0.5547001962252291,
        "mae": 0.2222222222222222,
        "kendall": 0.8012410791509079
    }
}