{
    "high": {
        "precision": 0.0,
        "recall": 0.0,
        "f1-score": 0.0,
        "support": 8.0
    },
    "low": {
        "precision": 0.7254901960784313,
        "recall": 0.8604651162790697,
        "f1-score": 0.7872340425531915,
        "support": 43.0
    },
    "medium": {
        "precision": 0.0,
        "recall": 0.0,
        "f1-score": 0.0,
        "support": 26.0
    },
    "normal": {
        "precision": 0.578125,
        "recall": 0.925,
        "f1-score": 0.7115384615384616,
        "support": 40.0
    },
    "accuracy": 0.6324786324786325,
    "macro_avg": {
        "precision": 0.32590379901960786,
        "recall": 0.44636627906976745,
        "f1-score": 0.37469312602291327,
        "support": 117.0
    },
    "weighted_avg": {
        "precision": 0.4642827216356628,
        "recall": 0.6324786324786325,
        "f1-score": 0.5325863443703052,
        "support": 117.0
    },
    "micro_avg": {
        "precision": 0.6324786324786325,
        "recall": 0.6324786324786325,
        "f1-score": 0.6324786324786325
    },
    "regression": {
        "mse": 1.2136752136752136,
        "rmse": 1.101669285073889,
        "mae": 0.6324786324786325,
        "kendall": 0.24104783360266047
    }
}