{
    "high": {
        "precision": 0.5,
        "recall": 0.625,
        "f1-score": 0.5555555555555556,
        "support": 8.0
    },
    "low": {
        "precision": 0.9339622641509434,
        "recall": 0.9166666666666666,
        "f1-score": 0.9252336448598131,
        "support": 108.0
    },
    "medium": {
        "precision": 0.9617834394904459,
        "recall": 0.9556962025316456,
        "f1-score": 0.9587301587301588,
        "support": 158.0
    },
    "normal": {
        "precision": 0.9828571428571429,
        "recall": 0.9885057471264368,
        "f1-score": 0.9856733524355301,
        "support": 174.0
    },
    "accuracy": 0.953125,
    "macro_avg": {
        "precision": 0.8446507116246331,
        "recall": 0.8714671540811872,
        "f1-score": 0.8562981778952643,
        "support": 448.0
    },
    "weighted_avg": {
        "precision": 0.9550152920199446,
        "recall": 0.953125,
        "f1-score": 0.9539201037777938,
        "support": 448.0
    },
    "micro_avg": {
        "precision": 0.953125,
        "recall": 0.953125,
        "f1-score": 0.953125
    },
    "regression": {
        "mse": 0.06696428571428571,
        "rmse": 0.25877458475338283,
        "mae": 0.05357142857142857,
        "kendall": 0.9513356517947994
    }
}