{
    "high": {
        "precision": 0.0,
        "recall": 0.0,
        "f1-score": 0.0,
        "support": 8.0
    },
    "low": {
        "precision": 0.8222222222222222,
        "recall": 0.8604651162790697,
        "f1-score": 0.8409090909090909,
        "support": 43.0
    },
    "medium": {
        "precision": 0.6363636363636364,
        "recall": 0.8076923076923077,
        "f1-score": 0.711864406779661,
        "support": 26.0
    },
    "normal": {
        "precision": 0.9487179487179487,
        "recall": 0.925,
        "f1-score": 0.9367088607594937,
        "support": 40.0
    },
    "accuracy": 0.811965811965812,
    "macro_avg": {
        "precision": 0.6018259518259519,
        "recall": 0.6482893559928444,
        "f1-score": 0.6223705896120614,
        "support": 117.0
    },
    "weighted_avg": {
        "precision": 0.7679463935874191,
        "recall": 0.811965811965812,
        "f1-score": 0.7874864950063406,
        "support": 117.0
    },
    "micro_avg": {
        "precision": 0.811965811965812,
        "recall": 0.811965811965812,
        "f1-score": 0.811965811965812
    },
    "regression": {
        "mse": 0.3418803418803419,
        "rmse": 0.5847053462046862,
        "mae": 0.23931623931623933,
        "kendall": 0.7752590463864241
    }
}