{
    "high": {
        "precision": 0.0,
        "recall": 0.0,
        "f1-score": 0.0,
        "support": 8.0
    },
    "low": {
        "precision": 0.7272727272727273,
        "recall": 0.7441860465116279,
        "f1-score": 0.735632183908046,
        "support": 43.0
    },
    "medium": {
        "precision": 0.0,
        "recall": 0.0,
        "f1-score": 0.0,
        "support": 26.0
    },
    "normal": {
        "precision": 0.05405405405405406,
        "recall": 0.05,
        "f1-score": 0.05194805194805195,
        "support": 40.0
    },
    "accuracy": 0.2905982905982906,
    "macro_avg": {
        "precision": 0.19533169533169534,
        "recall": 0.19854651162790699,
        "f1-score": 0.19689505896402448,
        "support": 117.0
    },
    "weighted_avg": {
        "precision": 0.2857682857682858,
        "recall": 0.2905982905982906,
        "f1-score": 0.28812056398263297,
        "support": 117.0
    },
    "micro_avg": {
        "precision": 0.2905982905982906,
        "recall": 0.2905982905982906,
        "f1-score": 0.2905982905982906
    },
    "regression": {
        "mse": 3.7435897435897436,
        "rmse": 1.9348358440936904,
        "mae": 1.5213675213675213,
        "kendall": -0.6556371326048381
    }
}