{
    "high": {
        "precision": 0.6,
        "recall": 0.375,
        "f1-score": 0.46153846153846156,
        "support": 8.0
    },
    "low": {
        "precision": 0.8,
        "recall": 0.8372093023255814,
        "f1-score": 0.8181818181818182,
        "support": 43.0
    },
    "medium": {
        "precision": 0.6666666666666666,
        "recall": 0.6923076923076923,
        "f1-score": 0.6792452830188679,
        "support": 26.0
    },
    "normal": {
        "precision": 0.875,
        "recall": 0.875,
        "f1-score": 0.875,
        "support": 40.0
    },
    "accuracy": 0.7863247863247863,
    "macro_avg": {
        "precision": 0.7354166666666666,
        "recall": 0.6948792486583184,
        "f1-score": 0.708491390684787,
        "support": 117.0
    },
    "weighted_avg": {
        "precision": 0.7823361823361823,
        "recall": 0.7863247863247863,
        "f1-score": 0.7823461814753542,
        "support": 117.0
    },
    "micro_avg": {
        "precision": 0.7863247863247863,
        "recall": 0.7863247863247863,
        "f1-score": 0.7863247863247863
    },
    "regression": {
        "mse": 0.4700854700854701,
        "rmse": 0.6856277926728686,
        "mae": 0.29914529914529914,
        "kendall": 0.6896683583121724
    }
}