{
    "high": {
        "precision": 0.0,
        "recall": 0.0,
        "f1-score": 0.0,
        "support": 8.0
    },
    "low": {
        "precision": 0.75,
        "recall": 0.9069767441860465,
        "f1-score": 0.8210526315789474,
        "support": 43.0
    },
    "medium": {
        "precision": 1.0,
        "recall": 0.07692307692307693,
        "f1-score": 0.14285714285714285,
        "support": 26.0
    },
    "normal": {
        "precision": 0.5714285714285714,
        "recall": 0.9,
        "f1-score": 0.6990291262135923,
        "support": 40.0
    },
    "accuracy": 0.6581196581196581,
    "macro_avg": {
        "precision": 0.5803571428571428,
        "recall": 0.47097495527728084,
        "f1-score": 0.4157347251624206,
        "support": 117.0
    },
    "weighted_avg": {
        "precision": 0.6932234432234432,
        "recall": 0.6581196581196581,
        "f1-score": 0.5724847343651636,
        "support": 117.0
    },
    "micro_avg": {
        "precision": 0.6581196581196581,
        "recall": 0.6581196581196581,
        "f1-score": 0.6581196581196581
    },
    "regression": {
        "mse": 1.205128205128205,
        "rmse": 1.0977833142875715,
        "mae": 0.6068376068376068,
        "kendall": 0.23646918396108388
    }
}