{
    "high": {
        "precision": 0.6666666666666666,
        "recall": 0.25,
        "f1-score": 0.36363636363636365,
        "support": 8.0
    },
    "low": {
        "precision": 0.8372093023255814,
        "recall": 0.8372093023255814,
        "f1-score": 0.8372093023255814,
        "support": 43.0
    },
    "medium": {
        "precision": 0.7,
        "recall": 0.8076923076923077,
        "f1-score": 0.75,
        "support": 26.0
    },
    "normal": {
        "precision": 0.9512195121951219,
        "recall": 0.975,
        "f1-score": 0.9629629629629629,
        "support": 40.0
    },
    "accuracy": 0.8376068376068376,
    "macro_avg": {
        "precision": 0.7887738702968425,
        "recall": 0.7174754025044723,
        "f1-score": 0.728452157231227,
        "support": 117.0
    },
    "weighted_avg": {
        "precision": 0.8340351608644291,
        "recall": 0.8376068376068376,
        "f1-score": 0.828441106218884,
        "support": 117.0
    },
    "micro_avg": {
        "precision": 0.8376068376068376,
        "recall": 0.8376068376068376,
        "f1-score": 0.8376068376068376
    },
    "regression": {
        "mse": 0.26495726495726496,
        "rmse": 0.5147399974329419,
        "mae": 0.19658119658119658,
        "kendall": 0.8314339085212822
    }
}