{
    "high": {
        "precision": 1.0,
        "recall": 0.25,
        "f1-score": 0.4,
        "support": 8.0
    },
    "low": {
        "precision": 0.8604651162790697,
        "recall": 0.8604651162790697,
        "f1-score": 0.8604651162790697,
        "support": 43.0
    },
    "medium": {
        "precision": 0.6875,
        "recall": 0.8461538461538461,
        "f1-score": 0.7586206896551724,
        "support": 26.0
    },
    "normal": {
        "precision": 0.975,
        "recall": 0.975,
        "f1-score": 0.975,
        "support": 40.0
    },
    "accuracy": 0.8547008547008547,
    "macro_avg": {
        "precision": 0.8807412790697674,
        "recall": 0.732904740608229,
        "f1-score": 0.7485214514835606,
        "support": 117.0
    },
    "weighted_avg": {
        "precision": 0.8707264957264957,
        "recall": 0.8547008547008547,
        "f1-score": 0.8455054524020041,
        "support": 117.0
    },
    "micro_avg": {
        "precision": 0.8547008547008547,
        "recall": 0.8547008547008547,
        "f1-score": 0.8547008547008547
    },
    "regression": {
        "mse": 0.27350427350427353,
        "rmse": 0.5229763603684908,
        "mae": 0.18803418803418803,
        "kendall": 0.8241677392759005
    }
}