{
    "high": {
        "precision": 1.0,
        "recall": 0.25,
        "f1-score": 0.4,
        "support": 8.0
    },
    "low": {
        "precision": 0.7916666666666666,
        "recall": 0.8837209302325582,
        "f1-score": 0.8351648351648352,
        "support": 43.0
    },
    "medium": {
        "precision": 0.6896551724137931,
        "recall": 0.7692307692307693,
        "f1-score": 0.7272727272727273,
        "support": 26.0
    },
    "normal": {
        "precision": 0.9736842105263158,
        "recall": 0.925,
        "f1-score": 0.9487179487179487,
        "support": 40.0
    },
    "accuracy": 0.8290598290598291,
    "macro_avg": {
        "precision": 0.8637515124016939,
        "recall": 0.706987924865832,
        "f1-score": 0.7277888777888778,
        "support": 117.0
    },
    "weighted_avg": {
        "precision": 0.8454706800895548,
        "recall": 0.8290598290598291,
        "f1-score": 0.8202555279478356,
        "support": 117.0
    },
    "micro_avg": {
        "precision": 0.8290598290598291,
        "recall": 0.8290598290598291,
        "f1-score": 0.8290598290598291
    },
    "regression": {
        "mse": 0.3504273504273504,
        "rmse": 0.5919690451597536,
        "mae": 0.23076923076923078,
        "kendall": 0.7680883593803391
    }
}