{
    "high": {
        "precision": 0.75,
        "recall": 0.375,
        "f1-score": 0.5,
        "support": 8.0
    },
    "low": {
        "precision": 0.782608695652174,
        "recall": 0.8372093023255814,
        "f1-score": 0.8089887640449438,
        "support": 43.0
    },
    "medium": {
        "precision": 0.6785714285714286,
        "recall": 0.7307692307692307,
        "f1-score": 0.7037037037037037,
        "support": 26.0
    },
    "normal": {
        "precision": 0.8974358974358975,
        "recall": 0.875,
        "f1-score": 0.8860759493670886,
        "support": 40.0
    },
    "accuracy": 0.7948717948717948,
    "macro_avg": {
        "precision": 0.777154005414875,
        "recall": 0.7044946332737031,
        "f1-score": 0.7246921042789339,
        "support": 117.0
    },
    "weighted_avg": {
        "precision": 0.7965168115669788,
        "recall": 0.7948717948717948,
        "f1-score": 0.7908192403838669,
        "support": 117.0
    },
    "micro_avg": {
        "precision": 0.7948717948717948,
        "recall": 0.7948717948717948,
        "f1-score": 0.7948717948717948
    },
    "regression": {
        "mse": 0.4358974358974359,
        "rmse": 0.6602252917735247,
        "mae": 0.28205128205128205,
        "kendall": 0.7054797882514303
    }
}