{
    "high": {
        "precision": 0.7142857142857143,
        "recall": 0.625,
        "f1-score": 0.6666666666666666,
        "support": 8.0
    },
    "low": {
        "precision": 0.9603960396039604,
        "recall": 0.8981481481481481,
        "f1-score": 0.9282296650717703,
        "support": 108.0
    },
    "medium": {
        "precision": 0.9333333333333333,
        "recall": 0.9746835443037974,
        "f1-score": 0.9535603715170279,
        "support": 158.0
    },
    "normal": {
        "precision": 0.9771428571428571,
        "recall": 0.9827586206896551,
        "f1-score": 0.9799426934097422,
        "support": 174.0
    },
    "accuracy": 0.953125,
    "macro_avg": {
        "precision": 0.8962894860914663,
        "recall": 0.8701475782854002,
        "f1-score": 0.8820998491663017,
        "support": 448.0
    },
    "weighted_avg": {
        "precision": 0.9529611200916008,
        "recall": 0.953125,
        "f1-score": 0.9525774654331921,
        "support": 448.0
    },
    "micro_avg": {
        "precision": 0.953125,
        "recall": 0.953125,
        "f1-score": 0.953125
    },
    "regression": {
        "mse": 0.08482142857142858,
        "rmse": 0.2912411862553588,
        "mae": 0.05803571428571429,
        "kendall": 0.94232284627913
    }
}