{
    "high": {
        "precision": 0.6,
        "recall": 0.375,
        "f1-score": 0.46153846153846156,
        "support": 8.0
    },
    "low": {
        "precision": 0.8181818181818182,
        "recall": 0.8372093023255814,
        "f1-score": 0.8275862068965517,
        "support": 43.0
    },
    "medium": {
        "precision": 0.8,
        "recall": 0.7692307692307693,
        "f1-score": 0.7843137254901961,
        "support": 26.0
    },
    "normal": {
        "precision": 0.8837209302325582,
        "recall": 0.95,
        "f1-score": 0.9156626506024096,
        "support": 40.0
    },
    "accuracy": 0.8290598290598291,
    "macro_avg": {
        "precision": 0.7754756871035942,
        "recall": 0.7328600178890876,
        "f1-score": 0.7472752611319047,
        "support": 117.0
    },
    "weighted_avg": {
        "precision": 0.8216295332574403,
        "recall": 0.8290598290598291,
        "f1-score": 0.8230527989376144,
        "support": 117.0
    },
    "micro_avg": {
        "precision": 0.8290598290598291,
        "recall": 0.8290598290598291,
        "f1-score": 0.8290598290598291
    },
    "regression": {
        "mse": 0.39316239316239315,
        "rmse": 0.6270266287506402,
        "mae": 0.23931623931623933,
        "kendall": 0.765769198959069
    }
}