{
    "high": {
        "precision": 0.0,
        "recall": 0.0,
        "f1-score": 0.0,
        "support": 8.0
    },
    "low": {
        "precision": 0.7142857142857143,
        "recall": 0.9302325581395349,
        "f1-score": 0.8080808080808081,
        "support": 43.0
    },
    "medium": {
        "precision": 0.0,
        "recall": 0.0,
        "f1-score": 0.0,
        "support": 26.0
    },
    "normal": {
        "precision": 0.6065573770491803,
        "recall": 0.925,
        "f1-score": 0.7326732673267327,
        "support": 40.0
    },
    "accuracy": 0.6581196581196581,
    "macro_avg": {
        "precision": 0.3302107728337237,
        "recall": 0.46380813953488376,
        "f1-score": 0.3851885188518852,
        "support": 117.0
    },
    "weighted_avg": {
        "precision": 0.46988530595087974,
        "recall": 0.6581196581196581,
        "f1-score": 0.5474735507738808,
        "support": 117.0
    },
    "micro_avg": {
        "precision": 0.6581196581196581,
        "recall": 0.6581196581196581,
        "f1-score": 0.6581196581196581
    },
    "regression": {
        "mse": 1.1367521367521367,
        "rmse": 1.0661857890406046,
        "mae": 0.5897435897435898,
        "kendall": 0.2864838028728975
    }
}