{
    "high": {
        "precision": 1.0,
        "recall": 0.375,
        "f1-score": 0.5454545454545454,
        "support": 8.0
    },
    "low": {
        "precision": 0.7192982456140351,
        "recall": 0.9534883720930233,
        "f1-score": 0.82,
        "support": 43.0
    },
    "medium": {
        "precision": 0.7777777777777778,
        "recall": 0.5384615384615384,
        "f1-score": 0.6363636363636364,
        "support": 26.0
    },
    "normal": {
        "precision": 0.9230769230769231,
        "recall": 0.9,
        "f1-score": 0.9113924050632911,
        "support": 40.0
    },
    "accuracy": 0.8034188034188035,
    "macro_avg": {
        "precision": 0.855038236617184,
        "recall": 0.6917374776386404,
        "f1-score": 0.7283026467203682,
        "support": 117.0
    },
    "weighted_avg": {
        "precision": 0.8211549034760911,
        "recall": 0.8034188034188035,
        "f1-score": 0.7916648471078851,
        "support": 117.0
    },
    "micro_avg": {
        "precision": 0.8034188034188035,
        "recall": 0.8034188034188035,
        "f1-score": 0.8034188034188035
    },
    "regression": {
        "mse": 0.4017094017094017,
        "rmse": 0.633805492015809,
        "mae": 0.26495726495726496,
        "kendall": 0.7314444090532466
    }
}