{
    "high": {
        "precision": 0.6,
        "recall": 0.375,
        "f1-score": 0.46153846153846156,
        "support": 8.0
    },
    "low": {
        "precision": 0.7555555555555555,
        "recall": 0.7906976744186046,
        "f1-score": 0.7727272727272727,
        "support": 43.0
    },
    "medium": {
        "precision": 0.6923076923076923,
        "recall": 0.6923076923076923,
        "f1-score": 0.6923076923076923,
        "support": 26.0
    },
    "normal": {
        "precision": 0.8780487804878049,
        "recall": 0.9,
        "f1-score": 0.8888888888888888,
        "support": 40.0
    },
    "accuracy": 0.7777777777777778,
    "macro_avg": {
        "precision": 0.7314780070877631,
        "recall": 0.6895013416815743,
        "f1-score": 0.7038655788655788,
        "support": 117.0
    },
    "weighted_avg": {
        "precision": 0.7727422231487273,
        "recall": 0.7777777777777778,
        "f1-score": 0.7732917604712476,
        "support": 117.0
    },
    "micro_avg": {
        "precision": 0.7777777777777778,
        "recall": 0.7777777777777778,
        "f1-score": 0.7777777777777778
    },
    "regression": {
        "mse": 0.4017094017094017,
        "rmse": 0.633805492015809,
        "mae": 0.28205128205128205,
        "kendall": 0.733304641133433
    }
}