{
    "high": {
        "precision": 0.4,
        "recall": 0.25,
        "f1-score": 0.3076923076923077,
        "support": 8.0
    },
    "low": {
        "precision": 0.8571428571428571,
        "recall": 0.8372093023255814,
        "f1-score": 0.8470588235294118,
        "support": 43.0
    },
    "medium": {
        "precision": 0.6333333333333333,
        "recall": 0.7307692307692307,
        "f1-score": 0.6785714285714286,
        "support": 26.0
    },
    "normal": {
        "precision": 0.95,
        "recall": 0.95,
        "f1-score": 0.95,
        "support": 40.0
    },
    "accuracy": 0.811965811965812,
    "macro_avg": {
        "precision": 0.7101190476190475,
        "recall": 0.691994633273703,
        "f1-score": 0.695830639948287,
        "support": 117.0
    },
    "weighted_avg": {
        "precision": 0.8078958078958078,
        "recall": 0.811965811965812,
        "f1-score": 0.8079309830441053,
        "support": 117.0
    },
    "micro_avg": {
        "precision": 0.811965811965812,
        "recall": 0.811965811965812,
        "f1-score": 0.811965811965812
    },
    "regression": {
        "mse": 0.3418803418803419,
        "rmse": 0.5847053462046862,
        "mae": 0.23931623931623933,
        "kendall": 0.7864660349869724
    }
}