{
    "high": {
        "precision": 0.6666666666666666,
        "recall": 0.5,
        "f1-score": 0.5714285714285714,
        "support": 8.0
    },
    "low": {
        "precision": 0.8947368421052632,
        "recall": 0.7906976744186046,
        "f1-score": 0.8395061728395061,
        "support": 43.0
    },
    "medium": {
        "precision": 0.6666666666666666,
        "recall": 0.8461538461538461,
        "f1-score": 0.7457627118644068,
        "support": 26.0
    },
    "normal": {
        "precision": 0.95,
        "recall": 0.95,
        "f1-score": 0.95,
        "support": 40.0
    },
    "accuracy": 0.8376068376068376,
    "macro_avg": {
        "precision": 0.794517543859649,
        "recall": 0.7717128801431128,
        "f1-score": 0.7766743640331211,
        "support": 117.0
    },
    "weighted_avg": {
        "precision": 0.8473534263007948,
        "recall": 0.8376068376068376,
        "f1-score": 0.838119867623948,
        "support": 117.0
    },
    "micro_avg": {
        "precision": 0.8376068376068376,
        "recall": 0.8376068376068376,
        "f1-score": 0.8376068376068376
    },
    "regression": {
        "mse": 0.3162393162393162,
        "rmse": 0.5623515948579823,
        "mae": 0.21367521367521367,
        "kendall": 0.7987386119314511
    }
}