{
    "high": {
        "precision": 0.0,
        "recall": 0.0,
        "f1-score": 0.0,
        "support": 8.0
    },
    "low": {
        "precision": 0.782608695652174,
        "recall": 0.8372093023255814,
        "f1-score": 0.8089887640449438,
        "support": 43.0
    },
    "medium": {
        "precision": 0.6470588235294118,
        "recall": 0.8461538461538461,
        "f1-score": 0.7333333333333333,
        "support": 26.0
    },
    "normal": {
        "precision": 0.918918918918919,
        "recall": 0.85,
        "f1-score": 0.8831168831168831,
        "support": 40.0
    },
    "accuracy": 0.7863247863247863,
    "macro_avg": {
        "precision": 0.5871466095251262,
        "recall": 0.6333407871198569,
        "f1-score": 0.60635974512379,
        "support": 117.0
    },
    "weighted_avg": {
        "precision": 0.7455765818937174,
        "recall": 0.7863247863247863,
        "f1-score": 0.7622039217544835,
        "support": 117.0
    },
    "micro_avg": {
        "precision": 0.7863247863247863,
        "recall": 0.7863247863247863,
        "f1-score": 0.7863247863247863
    },
    "regression": {
        "mse": 0.4188034188034188,
        "rmse": 0.647150228929434,
        "mae": 0.28205128205128205,
        "kendall": 0.7174871740623137
    }
}