{
    "high": {
        "precision": 0.8,
        "recall": 0.5,
        "f1-score": 0.6153846153846154,
        "support": 8.0
    },
    "low": {
        "precision": 0.8043478260869565,
        "recall": 0.8604651162790697,
        "f1-score": 0.8314606741573034,
        "support": 43.0
    },
    "medium": {
        "precision": 0.7142857142857143,
        "recall": 0.7692307692307693,
        "f1-score": 0.7407407407407407,
        "support": 26.0
    },
    "normal": {
        "precision": 0.9473684210526315,
        "recall": 0.9,
        "f1-score": 0.9230769230769231,
        "support": 40.0
    },
    "accuracy": 0.8290598290598291,
    "macro_avg": {
        "precision": 0.8165004903563255,
        "recall": 0.7574239713774598,
        "f1-score": 0.7776657383398957,
        "support": 117.0
    },
    "weighted_avg": {
        "precision": 0.8329326661134441,
        "recall": 0.8290598290598291,
        "f1-score": 0.8278480520869842,
        "support": 117.0
    },
    "micro_avg": {
        "precision": 0.8290598290598291,
        "recall": 0.8290598290598291,
        "f1-score": 0.8290598290598291
    },
    "regression": {
        "mse": 0.3247863247863248,
        "rmse": 0.5699002761767402,
        "mae": 0.2222222222222222,
        "kendall": 0.7785690859195362
    }
}