{
    "high": {
        "precision": 0.6,
        "recall": 0.375,
        "f1-score": 0.46153846153846156,
        "support": 8.0
    },
    "low": {
        "precision": 0.8181818181818182,
        "recall": 0.8372093023255814,
        "f1-score": 0.8275862068965517,
        "support": 43.0
    },
    "medium": {
        "precision": 0.7307692307692307,
        "recall": 0.7307692307692307,
        "f1-score": 0.7307692307692307,
        "support": 26.0
    },
    "normal": {
        "precision": 0.9047619047619048,
        "recall": 0.95,
        "f1-score": 0.926829268292683,
        "support": 40.0
    },
    "accuracy": 0.8205128205128205,
    "macro_avg": {
        "precision": 0.7634282384282384,
        "recall": 0.723244633273703,
        "f1-score": 0.7366807918742317,
        "support": 117.0
    },
    "weighted_avg": {
        "precision": 0.8134384134384135,
        "recall": 0.8205128205128205,
        "f1-score": 0.8149716694065533,
        "support": 117.0
    },
    "micro_avg": {
        "precision": 0.8205128205128205,
        "recall": 0.8205128205128205,
        "f1-score": 0.8205128205128205
    },
    "regression": {
        "mse": 0.37606837606837606,
        "rmse": 0.6132441406718666,
        "mae": 0.23931623931623933,
        "kendall": 0.7711796052732881
    }
}