{
    "high": {
        "precision": 0.42857142857142855,
        "recall": 0.375,
        "f1-score": 0.4,
        "support": 8.0
    },
    "low": {
        "precision": 0.7916666666666666,
        "recall": 0.8837209302325582,
        "f1-score": 0.8351648351648352,
        "support": 43.0
    },
    "medium": {
        "precision": 0.8181818181818182,
        "recall": 0.6923076923076923,
        "f1-score": 0.75,
        "support": 26.0
    },
    "normal": {
        "precision": 0.95,
        "recall": 0.95,
        "f1-score": 0.95,
        "support": 40.0
    },
    "accuracy": 0.8290598290598291,
    "macro_avg": {
        "precision": 0.7471049783549784,
        "recall": 0.7252571556350627,
        "f1-score": 0.7337912087912088,
        "support": 117.0
    },
    "weighted_avg": {
        "precision": 0.8268629518629519,
        "recall": 0.8290598290598291,
        "f1-score": 0.8257443411289566,
        "support": 117.0
    },
    "micro_avg": {
        "precision": 0.8290598290598291,
        "recall": 0.8290598290598291,
        "f1-score": 0.8290598290598291
    },
    "regression": {
        "mse": 0.37606837606837606,
        "rmse": 0.6132441406718666,
        "mae": 0.23931623931623933,
        "kendall": 0.783558289158604
    }
}