{
    "high": {
        "precision": 0.0,
        "recall": 0.0,
        "f1-score": 0.0,
        "support": 8.0
    },
    "low": {
        "precision": 0.8421052631578947,
        "recall": 0.7441860465116279,
        "f1-score": 0.7901234567901234,
        "support": 43.0
    },
    "medium": {
        "precision": 0.5714285714285714,
        "recall": 0.7692307692307693,
        "f1-score": 0.6557377049180327,
        "support": 26.0
    },
    "normal": {
        "precision": 0.8181818181818182,
        "recall": 0.9,
        "f1-score": 0.8571428571428571,
        "support": 40.0
    },
    "accuracy": 0.7521367521367521,
    "macro_avg": {
        "precision": 0.557928913192071,
        "recall": 0.6033542039355992,
        "f1-score": 0.5757510047127533,
        "support": 117.0
    },
    "weighted_avg": {
        "precision": 0.7161960846171372,
        "recall": 0.7521367521367521,
        "f1-score": 0.7291470363722943,
        "support": 117.0
    },
    "micro_avg": {
        "precision": 0.7521367521367521,
        "recall": 0.7521367521367521,
        "f1-score": 0.7521367521367521
    },
    "regression": {
        "mse": 0.48717948717948717,
        "rmse": 0.6979824404521128,
        "mae": 0.3162393162393162,
        "kendall": 0.6893677427696872
    }
}