{
    "high": {
        "precision": 1.0,
        "recall": 0.125,
        "f1-score": 0.2222222222222222,
        "support": 8.0
    },
    "low": {
        "precision": 0.78,
        "recall": 0.9069767441860465,
        "f1-score": 0.8387096774193549,
        "support": 43.0
    },
    "medium": {
        "precision": 0.0,
        "recall": 0.0,
        "f1-score": 0.0,
        "support": 26.0
    },
    "normal": {
        "precision": 0.6060606060606061,
        "recall": 1.0,
        "f1-score": 0.7547169811320755,
        "support": 40.0
    },
    "accuracy": 0.6837606837606838,
    "macro_avg": {
        "precision": 0.5965151515151516,
        "recall": 0.5079941860465116,
        "f1-score": 0.45391222019341315,
        "support": 117.0
    },
    "weighted_avg": {
        "precision": 0.5622429422429422,
        "recall": 0.6837606837606838,
        "f1-score": 0.5814613089922483,
        "support": 117.0
    },
    "micro_avg": {
        "precision": 0.6837606837606838,
        "recall": 0.6837606837606838,
        "f1-score": 0.6837606837606838
    },
    "regression": {
        "mse": 1.1111111111111112,
        "rmse": 1.0540925533894598,
        "mae": 0.5641025641025641,
        "kendall": 0.33514136384611054
    }
}