{
    "high": {
        "precision": 0.0,
        "recall": 0.0,
        "f1-score": 0.0,
        "support": 8.0
    },
    "low": {
        "precision": 0.7090909090909091,
        "recall": 0.9069767441860465,
        "f1-score": 0.7959183673469388,
        "support": 43.0
    },
    "medium": {
        "precision": 0.0,
        "recall": 0.0,
        "f1-score": 0.0,
        "support": 26.0
    },
    "normal": {
        "precision": 0.6290322580645161,
        "recall": 0.975,
        "f1-score": 0.7647058823529411,
        "support": 40.0
    },
    "accuracy": 0.6666666666666666,
    "macro_avg": {
        "precision": 0.3345307917888563,
        "recall": 0.4704941860465116,
        "f1-score": 0.39015606242497,
        "support": 117.0
    },
    "weighted_avg": {
        "precision": 0.47565982404692086,
        "recall": 0.6666666666666666,
        "f1-score": 0.5539549152994531,
        "support": 117.0
    },
    "micro_avg": {
        "precision": 0.6666666666666666,
        "recall": 0.6666666666666666,
        "f1-score": 0.6666666666666666
    },
    "regression": {
        "mse": 1.0940170940170941,
        "rmse": 1.0459527207369816,
        "mae": 0.5641025641025641,
        "kendall": 0.3523321196242364
    }
}