{
    "high": {
        "precision": 0.4,
        "recall": 0.5,
        "f1-score": 0.4444444444444444,
        "support": 8.0
    },
    "low": {
        "precision": 0.813953488372093,
        "recall": 0.813953488372093,
        "f1-score": 0.813953488372093,
        "support": 43.0
    },
    "medium": {
        "precision": 0.72,
        "recall": 0.6923076923076923,
        "f1-score": 0.7058823529411765,
        "support": 26.0
    },
    "normal": {
        "precision": 0.9487179487179487,
        "recall": 0.925,
        "f1-score": 0.9367088607594937,
        "support": 40.0
    },
    "accuracy": 0.8034188034188035,
    "macro_avg": {
        "precision": 0.7206678592725104,
        "recall": 0.7328152951699463,
        "f1-score": 0.7252472866293019,
        "support": 117.0
    },
    "weighted_avg": {
        "precision": 0.8108437431514354,
        "recall": 0.8034188034188035,
        "f1-score": 0.8066397535248367,
        "support": 117.0
    },
    "micro_avg": {
        "precision": 0.8034188034188035,
        "recall": 0.8034188034188035,
        "f1-score": 0.8034188034188035
    },
    "regression": {
        "mse": 0.5128205128205128,
        "rmse": 0.7161148740394329,
        "mae": 0.2905982905982906,
        "kendall": 0.7217014239777826
    }
}