{
    "high": {
        "precision": 0.0,
        "recall": 0.0,
        "f1-score": 0.0,
        "support": 8.0
    },
    "low": {
        "precision": 0.8571428571428571,
        "recall": 0.8372093023255814,
        "f1-score": 0.8470588235294118,
        "support": 43.0
    },
    "medium": {
        "precision": 0.5,
        "recall": 0.038461538461538464,
        "f1-score": 0.07142857142857142,
        "support": 26.0
    },
    "normal": {
        "precision": 0.5205479452054794,
        "recall": 0.95,
        "f1-score": 0.672566371681416,
        "support": 40.0
    },
    "accuracy": 0.6410256410256411,
    "macro_avg": {
        "precision": 0.46942270058708413,
        "recall": 0.45641771019677996,
        "f1-score": 0.3977634416598498,
        "support": 117.0
    },
    "weighted_avg": {
        "precision": 0.6040945356013848,
        "recall": 0.6410256410256411,
        "f1-score": 0.5571224541552495,
        "support": 117.0
    },
    "micro_avg": {
        "precision": 0.6410256410256411,
        "recall": 0.6410256410256411,
        "f1-score": 0.6410256410256411
    },
    "regression": {
        "mse": 1.4273504273504274,
        "rmse": 1.1947177186894096,
        "mae": 0.6752136752136753,
        "kendall": 0.12939859316124874
    }
}