{
    "high": {
        "precision": 0.6666666666666666,
        "recall": 0.25,
        "f1-score": 0.36363636363636365,
        "support": 8.0
    },
    "low": {
        "precision": 0.8181818181818182,
        "recall": 0.8372093023255814,
        "f1-score": 0.8275862068965517,
        "support": 43.0
    },
    "medium": {
        "precision": 0.625,
        "recall": 0.7692307692307693,
        "f1-score": 0.6896551724137931,
        "support": 26.0
    },
    "normal": {
        "precision": 0.9473684210526315,
        "recall": 0.9,
        "f1-score": 0.9230769230769231,
        "support": 40.0
    },
    "accuracy": 0.8034188034188035,
    "macro_avg": {
        "precision": 0.7643042264752791,
        "recall": 0.6891100178890877,
        "f1-score": 0.700988666505908,
        "support": 117.0
    },
    "weighted_avg": {
        "precision": 0.8090588748483486,
        "recall": 0.8034188034188035,
        "f1-score": 0.7978581983887024,
        "support": 117.0
    },
    "micro_avg": {
        "precision": 0.8034188034188035,
        "recall": 0.8034188034188035,
        "f1-score": 0.8034188034188035
    },
    "regression": {
        "mse": 0.37606837606837606,
        "rmse": 0.6132441406718666,
        "mae": 0.2564102564102564,
        "kendall": 0.7476032681867919
    }
}