{
    "high": {
        "precision": 0.0,
        "recall": 0.0,
        "f1-score": 0.0,
        "support": 8.0
    },
    "low": {
        "precision": 0.6029411764705882,
        "recall": 0.9534883720930233,
        "f1-score": 0.7387387387387387,
        "support": 43.0
    },
    "medium": {
        "precision": 0.0,
        "recall": 0.0,
        "f1-score": 0.0,
        "support": 26.0
    },
    "normal": {
        "precision": 0.7755102040816326,
        "recall": 0.95,
        "f1-score": 0.8539325842696629,
        "support": 40.0
    },
    "accuracy": 0.6752136752136753,
    "macro_avg": {
        "precision": 0.34461284513805523,
        "recall": 0.47587209302325584,
        "f1-score": 0.3981678307521004,
        "support": 117.0
    },
    "weighted_avg": {
        "precision": 0.48672545941453504,
        "recall": 0.6752136752136753,
        "f1-score": 0.5634450353551478,
        "support": 117.0
    },
    "micro_avg": {
        "precision": 0.6752136752136753,
        "recall": 0.6752136752136753,
        "f1-score": 0.6752136752136753
    },
    "regression": {
        "mse": 0.7948717948717948,
        "rmse": 0.8915558282417286,
        "mae": 0.4700854700854701,
        "kendall": 0.5457082535078125
    }
}