{
    "high": {
        "precision": 0.6,
        "recall": 0.375,
        "f1-score": 0.46153846153846156,
        "support": 8.0
    },
    "low": {
        "precision": 0.8260869565217391,
        "recall": 0.8837209302325582,
        "f1-score": 0.8539325842696629,
        "support": 43.0
    },
    "medium": {
        "precision": 0.7916666666666666,
        "recall": 0.7307692307692307,
        "f1-score": 0.76,
        "support": 26.0
    },
    "normal": {
        "precision": 0.9523809523809523,
        "recall": 1.0,
        "f1-score": 0.975609756097561,
        "support": 40.0
    },
    "accuracy": 0.8547008547008547,
    "macro_avg": {
        "precision": 0.7925336438923396,
        "recall": 0.7473725402504472,
        "f1-score": 0.7627702004764214,
        "support": 117.0
    },
    "weighted_avg": {
        "precision": 0.8461565005043266,
        "recall": 0.8547008547008547,
        "f1-score": 0.8478273423915011,
        "support": 117.0
    },
    "micro_avg": {
        "precision": 0.8547008547008547,
        "recall": 0.8547008547008547,
        "f1-score": 0.8547008547008547
    },
    "regression": {
        "mse": 0.27350427350427353,
        "rmse": 0.5229763603684908,
        "mae": 0.18803418803418803,
        "kendall": 0.8391015752910131
    }
}