{
    "high": {
        "precision": 0.42857142857142855,
        "recall": 0.375,
        "f1-score": 0.4,
        "support": 8.0
    },
    "low": {
        "precision": 0.7608695652173914,
        "recall": 0.813953488372093,
        "f1-score": 0.7865168539325843,
        "support": 43.0
    },
    "medium": {
        "precision": 0.782608695652174,
        "recall": 0.6923076923076923,
        "f1-score": 0.7346938775510204,
        "support": 26.0
    },
    "normal": {
        "precision": 0.8292682926829268,
        "recall": 0.85,
        "f1-score": 0.8395061728395061,
        "support": 40.0
    },
    "accuracy": 0.7692307692307693,
    "macro_avg": {
        "precision": 0.7003294955309801,
        "recall": 0.6828152951699463,
        "f1-score": 0.6901792260807778,
        "support": 117.0
    },
    "weighted_avg": {
        "precision": 0.7663634233093406,
        "recall": 0.7692307692307693,
        "f1-score": 0.7666881405898112,
        "support": 117.0
    },
    "micro_avg": {
        "precision": 0.7692307692307693,
        "recall": 0.7692307692307693,
        "f1-score": 0.7692307692307693
    },
    "regression": {
        "mse": 0.5982905982905983,
        "rmse": 0.7734924681537618,
        "mae": 0.3418803418803419,
        "kendall": 0.6465714088612162
    }
}