{
    "high": {
        "precision": 0.42857142857142855,
        "recall": 0.375,
        "f1-score": 0.4,
        "support": 8.0
    },
    "low": {
        "precision": 0.8409090909090909,
        "recall": 0.8604651162790697,
        "f1-score": 0.8505747126436781,
        "support": 43.0
    },
    "medium": {
        "precision": 0.7037037037037037,
        "recall": 0.7307692307692307,
        "f1-score": 0.7169811320754716,
        "support": 26.0
    },
    "normal": {
        "precision": 0.9487179487179487,
        "recall": 0.925,
        "f1-score": 0.9367088607594937,
        "support": 40.0
    },
    "accuracy": 0.8205128205128205,
    "macro_avg": {
        "precision": 0.730475542975543,
        "recall": 0.722808586762075,
        "f1-score": 0.7260661763696609,
        "support": 117.0
    },
    "weighted_avg": {
        "precision": 0.8190827058348426,
        "recall": 0.8205128205128205,
        "f1-score": 0.8195262949403433,
        "support": 117.0
    },
    "micro_avg": {
        "precision": 0.8205128205128205,
        "recall": 0.8205128205128205,
        "f1-score": 0.8205128205128205
    },
    "regression": {
        "mse": 0.37606837606837606,
        "rmse": 0.6132441406718666,
        "mae": 0.23931623931623933,
        "kendall": 0.7795738902275802
    }
}