{
    "high": {
        "precision": 0.0,
        "recall": 0.0,
        "f1-score": 0.0,
        "support": 8.0
    },
    "low": {
        "precision": 0.8157894736842105,
        "recall": 0.7209302325581395,
        "f1-score": 0.7654320987654321,
        "support": 43.0
    },
    "medium": {
        "precision": 0.5555555555555556,
        "recall": 0.7692307692307693,
        "f1-score": 0.6451612903225806,
        "support": 26.0
    },
    "normal": {
        "precision": 0.813953488372093,
        "recall": 0.875,
        "f1-score": 0.8433734939759037,
        "support": 40.0
    },
    "accuracy": 0.7350427350427351,
    "macro_avg": {
        "precision": 0.5463246294029648,
        "recall": 0.5912902504472272,
        "f1-score": 0.5634917207659791,
        "support": 117.0
    },
    "weighted_avg": {
        "precision": 0.7015515499807625,
        "recall": 0.7350427350427351,
        "f1-score": 0.7130146457635624,
        "support": 117.0
    },
    "micro_avg": {
        "precision": 0.7350427350427351,
        "recall": 0.7350427350427351,
        "f1-score": 0.7350427350427351
    },
    "regression": {
        "mse": 0.5213675213675214,
        "rmse": 0.7220578379655755,
        "mae": 0.3504273504273504,
        "kendall": 0.647891771695795
    }
}