{
    "high": {
        "precision": 0.5,
        "recall": 0.25,
        "f1-score": 0.3333333333333333,
        "support": 8.0
    },
    "low": {
        "precision": 0.7843137254901961,
        "recall": 0.9302325581395349,
        "f1-score": 0.851063829787234,
        "support": 43.0
    },
    "medium": {
        "precision": 0.7692307692307693,
        "recall": 0.7692307692307693,
        "f1-score": 0.7692307692307693,
        "support": 26.0
    },
    "normal": {
        "precision": 0.9722222222222222,
        "recall": 0.875,
        "f1-score": 0.9210526315789473,
        "support": 40.0
    },
    "accuracy": 0.8290598290598291,
    "macro_avg": {
        "precision": 0.7564416792357969,
        "recall": 0.706115831842576,
        "f1-score": 0.718670140982571,
        "support": 117.0
    },
    "weighted_avg": {
        "precision": 0.8257639238031395,
        "recall": 0.8290598290598291,
        "f1-score": 0.8214061248775694,
        "support": 117.0
    },
    "micro_avg": {
        "precision": 0.8290598290598291,
        "recall": 0.8290598290598291,
        "f1-score": 0.8290598290598291
    },
    "regression": {
        "mse": 0.37606837606837606,
        "rmse": 0.6132441406718666,
        "mae": 0.23931623931623933,
        "kendall": 0.7627570459605874
    }
}