{
    "high": {
        "precision": 0.5,
        "recall": 0.375,
        "f1-score": 0.42857142857142855,
        "support": 8.0
    },
    "low": {
        "precision": 0.8222222222222222,
        "recall": 0.8604651162790697,
        "f1-score": 0.8409090909090909,
        "support": 43.0
    },
    "medium": {
        "precision": 0.7307692307692307,
        "recall": 0.7307692307692307,
        "f1-score": 0.7307692307692307,
        "support": 26.0
    },
    "normal": {
        "precision": 0.925,
        "recall": 0.925,
        "f1-score": 0.925,
        "support": 40.0
    },
    "accuracy": 0.8205128205128205,
    "macro_avg": {
        "precision": 0.7444978632478632,
        "recall": 0.722808586762075,
        "f1-score": 0.7313124375624376,
        "support": 117.0
    },
    "weighted_avg": {
        "precision": 0.8150047483380817,
        "recall": 0.8205128205128205,
        "f1-score": 0.8169885669885671,
        "support": 117.0
    },
    "micro_avg": {
        "precision": 0.8205128205128205,
        "recall": 0.8205128205128205,
        "f1-score": 0.8205128205128205
    },
    "regression": {
        "mse": 0.358974358974359,
        "rmse": 0.5991446895152781,
        "mae": 0.23931623931623933,
        "kendall": 0.7753262481365376
    }
}