{
    "high": {
        "precision": 0.6666666666666666,
        "recall": 0.5,
        "f1-score": 0.5714285714285714,
        "support": 8.0
    },
    "low": {
        "precision": 0.868421052631579,
        "recall": 0.7674418604651163,
        "f1-score": 0.8148148148148148,
        "support": 43.0
    },
    "medium": {
        "precision": 0.6176470588235294,
        "recall": 0.8076923076923077,
        "f1-score": 0.7,
        "support": 26.0
    },
    "normal": {
        "precision": 0.9487179487179487,
        "recall": 0.925,
        "f1-score": 0.9367088607594937,
        "support": 40.0
    },
    "accuracy": 0.811965811965812,
    "macro_avg": {
        "precision": 0.7753631817099309,
        "recall": 0.750033542039356,
        "f1-score": 0.75573806175072,
        "support": 117.0
    },
    "weighted_avg": {
        "precision": 0.8263502570480423,
        "recall": 0.811965811965812,
        "f1-score": 0.8143317952038065,
        "support": 117.0
    },
    "micro_avg": {
        "precision": 0.811965811965812,
        "recall": 0.811965811965812,
        "f1-score": 0.811965811965812
    },
    "regression": {
        "mse": 0.36752136752136755,
        "rmse": 0.6062354060275328,
        "mae": 0.24786324786324787,
        "kendall": 0.761665641571513
    }
}