{
    "high": {
        "precision": 0.5714285714285714,
        "recall": 0.5,
        "f1-score": 0.5333333333333333,
        "support": 8.0
    },
    "low": {
        "precision": 0.8780487804878049,
        "recall": 0.8372093023255814,
        "f1-score": 0.8571428571428571,
        "support": 43.0
    },
    "medium": {
        "precision": 0.7241379310344828,
        "recall": 0.8076923076923077,
        "f1-score": 0.7636363636363637,
        "support": 26.0
    },
    "normal": {
        "precision": 0.975,
        "recall": 0.975,
        "f1-score": 0.975,
        "support": 40.0
    },
    "accuracy": 0.8547008547008547,
    "macro_avg": {
        "precision": 0.7871538207377148,
        "recall": 0.7799754025044724,
        "f1-score": 0.7822781385281385,
        "support": 117.0
    },
    "weighted_avg": {
        "precision": 0.8560266011906045,
        "recall": 0.8547008547008547,
        "f1-score": 0.8545158545158544,
        "support": 117.0
    },
    "micro_avg": {
        "precision": 0.8547008547008547,
        "recall": 0.8547008547008547,
        "f1-score": 0.8547008547008547
    },
    "regression": {
        "mse": 0.24786324786324787,
        "rmse": 0.4978586625371179,
        "mae": 0.1794871794871795,
        "kendall": 0.849511370088776
    }
}