{
    "high": {
        "precision": 0.5714285714285714,
        "recall": 0.5,
        "f1-score": 0.5333333333333333,
        "support": 8.0
    },
    "low": {
        "precision": 0.8780487804878049,
        "recall": 0.8372093023255814,
        "f1-score": 0.8571428571428571,
        "support": 43.0
    },
    "medium": {
        "precision": 0.6451612903225806,
        "recall": 0.7692307692307693,
        "f1-score": 0.7017543859649122,
        "support": 26.0
    },
    "normal": {
        "precision": 0.9736842105263158,
        "recall": 0.925,
        "f1-score": 0.9487179487179487,
        "support": 40.0
    },
    "accuracy": 0.8290598290598291,
    "macro_avg": {
        "precision": 0.7670807131913182,
        "recall": 0.7578600178890877,
        "f1-score": 0.7602371312897629,
        "support": 117.0
    },
    "weighted_avg": {
        "precision": 0.838026394032854,
        "recall": 0.8290598290598291,
        "f1-score": 0.8317789872445743,
        "support": 117.0
    },
    "micro_avg": {
        "precision": 0.8290598290598291,
        "recall": 0.8290598290598291,
        "f1-score": 0.8290598290598291
    },
    "regression": {
        "mse": 0.29914529914529914,
        "rmse": 0.5469417694282447,
        "mae": 0.21367521367521367,
        "kendall": 0.8073927669416764
    }
}