{
    "high": {
        "precision": 0.0,
        "recall": 0.0,
        "f1-score": 0.0,
        "support": 8.0
    },
    "low": {
        "precision": 0.7272727272727273,
        "recall": 0.9302325581395349,
        "f1-score": 0.8163265306122449,
        "support": 43.0
    },
    "medium": {
        "precision": 0.75,
        "recall": 0.5769230769230769,
        "f1-score": 0.6521739130434783,
        "support": 26.0
    },
    "normal": {
        "precision": 0.8095238095238095,
        "recall": 0.85,
        "f1-score": 0.8292682926829268,
        "support": 40.0
    },
    "accuracy": 0.7606837606837606,
    "macro_avg": {
        "precision": 0.5716991341991342,
        "recall": 0.589288908765653,
        "f1-score": 0.5744421840846625,
        "support": 117.0
    },
    "weighted_avg": {
        "precision": 0.7107152107152108,
        "recall": 0.7606837606837606,
        "f1-score": 0.7284555065194361,
        "support": 117.0
    },
    "micro_avg": {
        "precision": 0.7606837606837606,
        "recall": 0.7606837606837606,
        "f1-score": 0.7606837606837606
    },
    "regression": {
        "mse": 0.6153846153846154,
        "rmse": 0.7844645405527362,
        "mae": 0.358974358974359,
        "kendall": 0.5993701131252208
    }
}