{
    "high": {
        "precision": 0.5714285714285714,
        "recall": 0.5,
        "f1-score": 0.5333333333333333,
        "support": 8.0
    },
    "low": {
        "precision": 0.8974358974358975,
        "recall": 0.813953488372093,
        "f1-score": 0.8536585365853658,
        "support": 43.0
    },
    "medium": {
        "precision": 0.6129032258064516,
        "recall": 0.7307692307692307,
        "f1-score": 0.6666666666666666,
        "support": 26.0
    },
    "normal": {
        "precision": 0.95,
        "recall": 0.95,
        "f1-score": 0.95,
        "support": 40.0
    },
    "accuracy": 0.8205128205128205,
    "macro_avg": {
        "precision": 0.75794192366773,
        "recall": 0.7486806797853309,
        "f1-score": 0.7509146341463415,
        "support": 117.0
    },
    "weighted_avg": {
        "precision": 0.8298859489926488,
        "recall": 0.8205128205128205,
        "f1-score": 0.8231394621638524,
        "support": 117.0
    },
    "micro_avg": {
        "precision": 0.8205128205128205,
        "recall": 0.8205128205128205,
        "f1-score": 0.8205128205128205
    },
    "regression": {
        "mse": 0.3333333333333333,
        "rmse": 0.5773502691896257,
        "mae": 0.23076923076923078,
        "kendall": 0.7879142375395677
    }
}