{
    "high": {
        "precision": 0.625,
        "recall": 0.625,
        "f1-score": 0.625,
        "support": 8.0
    },
    "low": {
        "precision": 0.9238095238095239,
        "recall": 0.8981481481481481,
        "f1-score": 0.9107981220657277,
        "support": 108.0
    },
    "medium": {
        "precision": 0.9382716049382716,
        "recall": 0.9620253164556962,
        "f1-score": 0.95,
        "support": 158.0
    },
    "normal": {
        "precision": 0.9942196531791907,
        "recall": 0.9885057471264368,
        "f1-score": 0.9913544668587896,
        "support": 174.0
    },
    "accuracy": 0.9508928571428571,
    "macro_avg": {
        "precision": 0.8703251954817466,
        "recall": 0.8684198029325703,
        "f1-score": 0.8692881472311293,
        "support": 448.0
    },
    "weighted_avg": {
        "precision": 0.9509208968858364,
        "recall": 0.9508928571428571,
        "f1-score": 0.9508077553940356,
        "support": 448.0
    },
    "micro_avg": {
        "precision": 0.9508928571428571,
        "recall": 0.9508928571428571,
        "f1-score": 0.9508928571428571
    },
    "regression": {
        "mse": 0.06919642857142858,
        "rmse": 0.26305214040457564,
        "mae": 0.05580357142857143,
        "kendall": 0.9477432771578077
    }
}