{
    "high": {
        "precision": 0.75,
        "recall": 0.375,
        "f1-score": 0.5,
        "support": 8.0
    },
    "low": {
        "precision": 0.7916666666666666,
        "recall": 0.8837209302325582,
        "f1-score": 0.8351648351648352,
        "support": 43.0
    },
    "medium": {
        "precision": 0.8181818181818182,
        "recall": 0.6923076923076923,
        "f1-score": 0.75,
        "support": 26.0
    },
    "normal": {
        "precision": 0.8604651162790697,
        "recall": 0.925,
        "f1-score": 0.891566265060241,
        "support": 40.0
    },
    "accuracy": 0.8205128205128205,
    "macro_avg": {
        "precision": 0.8050784002818887,
        "recall": 0.7190071556350626,
        "f1-score": 0.7441827750562691,
        "support": 117.0
    },
    "weighted_avg": {
        "precision": 0.8182307571842454,
        "recall": 0.8205128205128205,
        "f1-score": 0.8126046026880133,
        "support": 117.0
    },
    "micro_avg": {
        "precision": 0.8205128205128205,
        "recall": 0.8205128205128205,
        "f1-score": 0.8205128205128205
    },
    "regression": {
        "mse": 0.38461538461538464,
        "rmse": 0.6201736729460423,
        "mae": 0.24786324786324787,
        "kendall": 0.7496954329831117
    }
}