{
    "high": {
        "precision": 0.8333333333333334,
        "recall": 0.625,
        "f1-score": 0.7142857142857143,
        "support": 8.0
    },
    "low": {
        "precision": 0.9907407407407407,
        "recall": 0.9907407407407407,
        "f1-score": 0.9907407407407407,
        "support": 108.0
    },
    "medium": {
        "precision": 0.9875,
        "recall": 1.0,
        "f1-score": 0.9937106918238994,
        "support": 158.0
    },
    "normal": {
        "precision": 1.0,
        "recall": 1.0,
        "f1-score": 1.0,
        "support": 174.0
    },
    "accuracy": 0.9910714285714286,
    "macro_avg": {
        "precision": 0.9528935185185186,
        "recall": 0.9039351851851851,
        "f1-score": 0.9246842867125886,
        "support": 448.0
    },
    "weighted_avg": {
        "precision": 0.9903831845238095,
        "recall": 0.9910714285714286,
        "f1-score": 0.9904477121037093,
        "support": 448.0
    },
    "micro_avg": {
        "precision": 0.9910714285714286,
        "recall": 0.9910714285714286,
        "f1-score": 0.9910714285714286
    },
    "regression": {
        "mse": 0.022321428571428572,
        "rmse": 0.1494035761667992,
        "mae": 0.013392857142857142,
        "kendall": 0.9863026977093315
    }
}