{
    "high": {
        "precision": 0.5,
        "recall": 0.625,
        "f1-score": 0.5555555555555556,
        "support": 8.0
    },
    "low": {
        "precision": 0.9345794392523364,
        "recall": 0.9259259259259259,
        "f1-score": 0.9302325581395349,
        "support": 108.0
    },
    "medium": {
        "precision": 0.9622641509433962,
        "recall": 0.9683544303797469,
        "f1-score": 0.9652996845425867,
        "support": 158.0
    },
    "normal": {
        "precision": 0.9941860465116279,
        "recall": 0.9827586206896551,
        "f1-score": 0.9884393063583815,
        "support": 174.0
    },
    "accuracy": 0.9575892857142857,
    "macro_avg": {
        "precision": 0.8477574091768402,
        "recall": 0.8755097442488321,
        "f1-score": 0.8598817761490146,
        "support": 448.0
    },
    "weighted_avg": {
        "precision": 0.9597336771904736,
        "recall": 0.9575892857142857,
        "f1-score": 0.9585164066687529,
        "support": 448.0
    },
    "micro_avg": {
        "precision": 0.9575892857142857,
        "recall": 0.9575892857142857,
        "f1-score": 0.9575892857142857
    },
    "regression": {
        "mse": 0.08705357142857142,
        "rmse": 0.29504842217604116,
        "mae": 0.05580357142857143,
        "kendall": 0.9429105380186922
    }
}