{
    "high": {
        "precision": 0.46153846153846156,
        "recall": 0.75,
        "f1-score": 0.5714285714285714,
        "support": 8.0
    },
    "low": {
        "precision": 0.9252336448598131,
        "recall": 0.9166666666666666,
        "f1-score": 0.9209302325581395,
        "support": 108.0
    },
    "medium": {
        "precision": 0.9745222929936306,
        "recall": 0.9683544303797469,
        "f1-score": 0.9714285714285714,
        "support": 158.0
    },
    "normal": {
        "precision": 0.9941520467836257,
        "recall": 0.9770114942528736,
        "f1-score": 0.9855072463768116,
        "support": 174.0
    },
    "accuracy": 0.9553571428571429,
    "macro_avg": {
        "precision": 0.8388616115438827,
        "recall": 0.9030081478248217,
        "f1-score": 0.8623236554480235,
        "support": 448.0
    },
    "weighted_avg": {
        "precision": 0.9611038387734643,
        "recall": 0.9553571428571429,
        "f1-score": 0.9575800643816679,
        "support": 448.0
    },
    "micro_avg": {
        "precision": 0.9553571428571429,
        "recall": 0.9553571428571429,
        "f1-score": 0.9553571428571429
    },
    "regression": {
        "mse": 0.09821428571428571,
        "rmse": 0.31339158526400435,
        "mae": 0.0625,
        "kendall": 0.9336624135821238
    }
}