{
    "high": {
        "precision": 0.0,
        "recall": 0.0,
        "f1-score": 0.0,
        "support": 8.0
    },
    "low": {
        "precision": 0.4175824175824176,
        "recall": 0.8837209302325582,
        "f1-score": 0.5671641791044776,
        "support": 43.0
    },
    "medium": {
        "precision": 0.0,
        "recall": 0.0,
        "f1-score": 0.0,
        "support": 26.0
    },
    "normal": {
        "precision": 0.8076923076923077,
        "recall": 0.525,
        "f1-score": 0.6363636363636364,
        "support": 40.0
    },
    "accuracy": 0.5042735042735043,
    "macro_avg": {
        "precision": 0.30631868131868134,
        "recall": 0.35218023255813957,
        "f1-score": 0.3008819538670285,
        "support": 117.0
    },
    "weighted_avg": {
        "precision": 0.42960458345073727,
        "recall": 0.5042735042735043,
        "f1-score": 0.426005172273829,
        "support": 117.0
    },
    "micro_avg": {
        "precision": 0.5042735042735043,
        "recall": 0.5042735042735043,
        "f1-score": 0.5042735042735043
    },
    "regression": {
        "mse": 0.7008547008547008,
        "rmse": 0.8371706521699748,
        "mae": 0.5641025641025641,
        "kendall": 0.4733940028388026
    }
}