{
    "high": {
        "precision": 1.0,
        "recall": 0.125,
        "f1-score": 0.2222222222222222,
        "support": 8.0
    },
    "low": {
        "precision": 0.82,
        "recall": 0.9534883720930233,
        "f1-score": 0.8817204301075269,
        "support": 43.0
    },
    "medium": {
        "precision": 0.7407407407407407,
        "recall": 0.7692307692307693,
        "f1-score": 0.7547169811320755,
        "support": 26.0
    },
    "normal": {
        "precision": 0.9743589743589743,
        "recall": 0.95,
        "f1-score": 0.9620253164556962,
        "support": 40.0
    },
    "accuracy": 0.8547008547008547,
    "macro_avg": {
        "precision": 0.8837749287749288,
        "recall": 0.6994297853309481,
        "f1-score": 0.7051712374793802,
        "support": 117.0
    },
    "weighted_avg": {
        "precision": 0.8674668225095575,
        "recall": 0.8547008547008547,
        "f1-score": 0.8358582088894295,
        "support": 117.0
    },
    "micro_avg": {
        "precision": 0.8547008547008547,
        "recall": 0.8547008547008547,
        "f1-score": 0.8547008547008547
    },
    "regression": {
        "mse": 0.3247863247863248,
        "rmse": 0.5699002761767402,
        "mae": 0.20512820512820512,
        "kendall": 0.7989393930461789
    }
}