{
    "high": {
        "precision": 0.6,
        "recall": 0.375,
        "f1-score": 0.46153846153846156,
        "support": 8.0
    },
    "low": {
        "precision": 0.7727272727272727,
        "recall": 0.7906976744186046,
        "f1-score": 0.7816091954022989,
        "support": 43.0
    },
    "medium": {
        "precision": 0.6129032258064516,
        "recall": 0.7307692307692307,
        "f1-score": 0.6666666666666666,
        "support": 26.0
    },
    "normal": {
        "precision": 0.918918918918919,
        "recall": 0.85,
        "f1-score": 0.8831168831168831,
        "support": 40.0
    },
    "accuracy": 0.7692307692307693,
    "macro_avg": {
        "precision": 0.7261373543631607,
        "recall": 0.6866167262969589,
        "f1-score": 0.6982328016810775,
        "support": 117.0
    },
    "weighted_avg": {
        "precision": 0.7753804560256172,
        "recall": 0.7692307692307693,
        "f1-score": 0.7688847158343179,
        "support": 117.0
    },
    "micro_avg": {
        "precision": 0.7692307692307693,
        "recall": 0.7692307692307693,
        "f1-score": 0.7692307692307693
    },
    "regression": {
        "mse": 0.47863247863247865,
        "rmse": 0.6918326955503611,
        "mae": 0.3076923076923077,
        "kendall": 0.6898184932693766
    }
}