{
    "high": {
        "precision": 0.6666666666666666,
        "recall": 0.25,
        "f1-score": 0.36363636363636365,
        "support": 8.0
    },
    "low": {
        "precision": 0.8372093023255814,
        "recall": 0.8372093023255814,
        "f1-score": 0.8372093023255814,
        "support": 43.0
    },
    "medium": {
        "precision": 0.6451612903225806,
        "recall": 0.7692307692307693,
        "f1-score": 0.7017543859649122,
        "support": 26.0
    },
    "normal": {
        "precision": 0.9,
        "recall": 0.9,
        "f1-score": 0.9,
        "support": 40.0
    },
    "accuracy": 0.8034188034188035,
    "macro_avg": {
        "precision": 0.7622593148287071,
        "recall": 0.6891100178890877,
        "f1-score": 0.7006500129817144,
        "support": 117.0
    },
    "weighted_avg": {
        "precision": 0.8043378365959011,
        "recall": 0.8034188034188035,
        "f1-score": 0.7961940593519541,
        "support": 117.0
    },
    "micro_avg": {
        "precision": 0.8034188034188035,
        "recall": 0.8034188034188035,
        "f1-score": 0.8034188034188035
    },
    "regression": {
        "mse": 0.4017094017094017,
        "rmse": 0.633805492015809,
        "mae": 0.26495726495726496,
        "kendall": 0.73250038633996
    }
}