{
    "high": {
        "precision": 0.5,
        "recall": 0.25,
        "f1-score": 0.3333333333333333,
        "support": 8.0
    },
    "low": {
        "precision": 0.8222222222222222,
        "recall": 0.8604651162790697,
        "f1-score": 0.8409090909090909,
        "support": 43.0
    },
    "medium": {
        "precision": 0.6551724137931034,
        "recall": 0.7307692307692307,
        "f1-score": 0.6909090909090909,
        "support": 26.0
    },
    "normal": {
        "precision": 0.8974358974358975,
        "recall": 0.875,
        "f1-score": 0.8860759493670886,
        "support": 40.0
    },
    "accuracy": 0.7948717948717948,
    "macro_avg": {
        "precision": 0.7187076333628057,
        "recall": 0.6790585867620751,
        "f1-score": 0.6878068661296509,
        "support": 117.0
    },
    "weighted_avg": {
        "precision": 0.7887818308684797,
        "recall": 0.7948717948717948,
        "f1-score": 0.7883113838810042,
        "support": 117.0
    },
    "micro_avg": {
        "precision": 0.7948717948717948,
        "recall": 0.7948717948717948,
        "f1-score": 0.7948717948717948
    },
    "regression": {
        "mse": 0.41025641025641024,
        "rmse": 0.6405126152203485,
        "mae": 0.27350427350427353,
        "kendall": 0.7280361664098545
    }
}