{
    "high": {
        "precision": 0.6,
        "recall": 0.375,
        "f1-score": 0.46153846153846156,
        "support": 8.0
    },
    "low": {
        "precision": 0.8260869565217391,
        "recall": 0.8837209302325582,
        "f1-score": 0.8539325842696629,
        "support": 43.0
    },
    "medium": {
        "precision": 0.6923076923076923,
        "recall": 0.6923076923076923,
        "f1-score": 0.6923076923076923,
        "support": 26.0
    },
    "normal": {
        "precision": 0.925,
        "recall": 0.925,
        "f1-score": 0.925,
        "support": 40.0
    },
    "accuracy": 0.8205128205128205,
    "macro_avg": {
        "precision": 0.7608486622073578,
        "recall": 0.7190071556350626,
        "f1-score": 0.7331946845289541,
        "support": 117.0
    },
    "weighted_avg": {
        "precision": 0.8147157190635451,
        "recall": 0.8205128205128205,
        "f1-score": 0.8154821266316513,
        "support": 117.0
    },
    "micro_avg": {
        "precision": 0.8205128205128205,
        "recall": 0.8205128205128205,
        "f1-score": 0.8205128205128205
    },
    "regression": {
        "mse": 0.358974358974359,
        "rmse": 0.5991446895152781,
        "mae": 0.23931623931623933,
        "kendall": 0.7658779291218484
    }
}