{
    "high": {
        "precision": 0.6666666666666666,
        "recall": 0.5,
        "f1-score": 0.5714285714285714,
        "support": 8.0
    },
    "low": {
        "precision": 0.8888888888888888,
        "recall": 0.7441860465116279,
        "f1-score": 0.810126582278481,
        "support": 43.0
    },
    "medium": {
        "precision": 0.6285714285714286,
        "recall": 0.8461538461538461,
        "f1-score": 0.7213114754098361,
        "support": 26.0
    },
    "normal": {
        "precision": 0.95,
        "recall": 0.95,
        "f1-score": 0.95,
        "support": 40.0
    },
    "accuracy": 0.8205128205128205,
    "macro_avg": {
        "precision": 0.7835317460317459,
        "recall": 0.7600849731663686,
        "f1-score": 0.763216657279222,
        "support": 117.0
    },
    "weighted_avg": {
        "precision": 0.8367385700719034,
        "recall": 0.8205128205128205,
        "f1-score": 0.8218886322227265,
        "support": 117.0
    },
    "micro_avg": {
        "precision": 0.8205128205128205,
        "recall": 0.8205128205128205,
        "f1-score": 0.8205128205128205
    },
    "regression": {
        "mse": 0.3333333333333333,
        "rmse": 0.5773502691896257,
        "mae": 0.23076923076923078,
        "kendall": 0.7873067034566467
    }
}