{
    "high": {
        "precision": 0.6666666666666666,
        "recall": 0.25,
        "f1-score": 0.36363636363636365,
        "support": 8.0
    },
    "low": {
        "precision": 0.8536585365853658,
        "recall": 0.813953488372093,
        "f1-score": 0.8333333333333334,
        "support": 43.0
    },
    "medium": {
        "precision": 0.6571428571428571,
        "recall": 0.8846153846153846,
        "f1-score": 0.7540983606557377,
        "support": 26.0
    },
    "normal": {
        "precision": 0.9736842105263158,
        "recall": 0.925,
        "f1-score": 0.9487179487179487,
        "support": 40.0
    },
    "accuracy": 0.8290598290598291,
    "macro_avg": {
        "precision": 0.7877880677303014,
        "recall": 0.7183922182468694,
        "f1-score": 0.7249465015858458,
        "support": 117.0
    },
    "weighted_avg": {
        "precision": 0.8382370351561622,
        "recall": 0.8290598290598291,
        "f1-score": 0.823057261266593,
        "support": 117.0
    },
    "micro_avg": {
        "precision": 0.8290598290598291,
        "recall": 0.8290598290598291,
        "f1-score": 0.8290598290598291
    },
    "regression": {
        "mse": 0.3504273504273504,
        "rmse": 0.5919690451597536,
        "mae": 0.23076923076923078,
        "kendall": 0.7756025068318336
    }
}