{
    "high": {
        "precision": 0.5714285714285714,
        "recall": 0.5,
        "f1-score": 0.5333333333333333,
        "support": 8.0
    },
    "low": {
        "precision": 0.8809523809523809,
        "recall": 0.8604651162790697,
        "f1-score": 0.8705882352941177,
        "support": 43.0
    },
    "medium": {
        "precision": 0.7142857142857143,
        "recall": 0.7692307692307693,
        "f1-score": 0.7407407407407407,
        "support": 26.0
    },
    "normal": {
        "precision": 0.975,
        "recall": 0.975,
        "f1-score": 0.975,
        "support": 40.0
    },
    "accuracy": 0.8547008547008547,
    "macro_avg": {
        "precision": 0.7854166666666667,
        "recall": 0.7761739713774598,
        "f1-score": 0.779915577342048,
        "support": 117.0
    },
    "weighted_avg": {
        "precision": 0.8549043549043549,
        "recall": 0.8547008547008547,
        "f1-score": 0.8543694020818203,
        "support": 117.0
    },
    "micro_avg": {
        "precision": 0.8547008547008547,
        "recall": 0.8547008547008547,
        "f1-score": 0.8547008547008547
    },
    "regression": {
        "mse": 0.27350427350427353,
        "rmse": 0.5229763603684908,
        "mae": 0.18803418803418803,
        "kendall": 0.8334036122692948
    }
}