{
    "high": {
        "precision": 0.25,
        "recall": 0.25,
        "f1-score": 0.25,
        "support": 8.0
    },
    "low": {
        "precision": 0.7708333333333334,
        "recall": 0.8604651162790697,
        "f1-score": 0.8131868131868132,
        "support": 43.0
    },
    "medium": {
        "precision": 0.7272727272727273,
        "recall": 0.6153846153846154,
        "f1-score": 0.6666666666666666,
        "support": 26.0
    },
    "normal": {
        "precision": 0.8974358974358975,
        "recall": 0.875,
        "f1-score": 0.8860759493670886,
        "support": 40.0
    },
    "accuracy": 0.7692307692307693,
    "macro_avg": {
        "precision": 0.6613854895104896,
        "recall": 0.6502124329159213,
        "f1-score": 0.6539823573051421,
        "support": 117.0
    },
    "weighted_avg": {
        "precision": 0.7688235909389756,
        "recall": 0.7692307692307693,
        "f1-score": 0.7670376433764944,
        "support": 117.0
    },
    "micro_avg": {
        "precision": 0.7692307692307693,
        "recall": 0.7692307692307693,
        "f1-score": 0.7692307692307693
    },
    "regression": {
        "mse": 0.5555555555555556,
        "rmse": 0.7453559924999299,
        "mae": 0.3333333333333333,
        "kendall": 0.6803046374048787
    }
}