{
    "high": {
        "precision": 0.6,
        "recall": 0.375,
        "f1-score": 0.46153846153846156,
        "support": 8.0
    },
    "low": {
        "precision": 0.8372093023255814,
        "recall": 0.8372093023255814,
        "f1-score": 0.8372093023255814,
        "support": 43.0
    },
    "medium": {
        "precision": 0.5806451612903226,
        "recall": 0.6923076923076923,
        "f1-score": 0.631578947368421,
        "support": 26.0
    },
    "normal": {
        "precision": 0.9736842105263158,
        "recall": 0.925,
        "f1-score": 0.9487179487179487,
        "support": 40.0
    },
    "accuracy": 0.8034188034188035,
    "macro_avg": {
        "precision": 0.747884668535555,
        "recall": 0.7073792486583185,
        "f1-score": 0.7197611649876032,
        "support": 117.0
    },
    "weighted_avg": {
        "precision": 0.8106336975606924,
        "recall": 0.8034188034188035,
        "f1-score": 0.8039493869453385,
        "support": 117.0
    },
    "micro_avg": {
        "precision": 0.8034188034188035,
        "recall": 0.8034188034188035,
        "f1-score": 0.8034188034188035
    },
    "regression": {
        "mse": 0.3504273504273504,
        "rmse": 0.5919690451597536,
        "mae": 0.24786324786324787,
        "kendall": 0.7657410894517314
    }
}