{
    "high": {
        "precision": 0.0,
        "recall": 0.0,
        "f1-score": 0.0,
        "support": 8.0
    },
    "low": {
        "precision": 0.9210526315789473,
        "recall": 0.813953488372093,
        "f1-score": 0.8641975308641975,
        "support": 43.0
    },
    "medium": {
        "precision": 0.0,
        "recall": 0.0,
        "f1-score": 0.0,
        "support": 26.0
    },
    "normal": {
        "precision": 0.5063291139240507,
        "recall": 1.0,
        "f1-score": 0.6722689075630253,
        "support": 40.0
    },
    "accuracy": 0.6410256410256411,
    "macro_avg": {
        "precision": 0.3568454363757495,
        "recall": 0.4534883720930233,
        "f1-score": 0.3841166096068057,
        "support": 117.0
    },
    "weighted_avg": {
        "precision": 0.511610493289374,
        "recall": 0.6410256410256411,
        "f1-score": 0.5474465823049701,
        "support": 117.0
    },
    "micro_avg": {
        "precision": 0.6410256410256411,
        "recall": 0.6410256410256411,
        "f1-score": 0.6410256410256411
    },
    "regression": {
        "mse": 1.4615384615384615,
        "rmse": 1.2089410496539776,
        "mae": 0.6923076923076923,
        "kendall": 0.1332035613313651
    }
}