{
    "high": {
        "precision": 0.5,
        "recall": 0.5,
        "f1-score": 0.5,
        "support": 8.0
    },
    "low": {
        "precision": 0.8918918918918919,
        "recall": 0.7674418604651163,
        "f1-score": 0.825,
        "support": 43.0
    },
    "medium": {
        "precision": 0.6875,
        "recall": 0.8461538461538461,
        "f1-score": 0.7586206896551724,
        "support": 26.0
    },
    "normal": {
        "precision": 0.95,
        "recall": 0.95,
        "f1-score": 0.95,
        "support": 40.0
    },
    "accuracy": 0.8290598290598291,
    "macro_avg": {
        "precision": 0.7573479729729731,
        "recall": 0.7658989266547407,
        "f1-score": 0.758405172413793,
        "support": 117.0
    },
    "weighted_avg": {
        "precision": 0.8395414645414646,
        "recall": 0.8290598290598291,
        "f1-score": 0.8307618626584145,
        "support": 117.0
    },
    "micro_avg": {
        "precision": 0.8290598290598291,
        "recall": 0.8290598290598291,
        "f1-score": 0.8290598290598291
    },
    "regression": {
        "mse": 0.39316239316239315,
        "rmse": 0.6270266287506402,
        "mae": 0.23931623931623933,
        "kendall": 0.7750550353014354
    }
}