{
    "high": {
        "precision": 0.0,
        "recall": 0.0,
        "f1-score": 0.0,
        "support": 8.0
    },
    "low": {
        "precision": 0.7551020408163265,
        "recall": 0.8604651162790697,
        "f1-score": 0.8043478260869565,
        "support": 43.0
    },
    "medium": {
        "precision": 1.0,
        "recall": 0.038461538461538464,
        "f1-score": 0.07407407407407407,
        "support": 26.0
    },
    "normal": {
        "precision": 0.582089552238806,
        "recall": 0.975,
        "f1-score": 0.7289719626168224,
        "support": 40.0
    },
    "accuracy": 0.6581196581196581,
    "macro_avg": {
        "precision": 0.5842978982637831,
        "recall": 0.46848166368515204,
        "f1-score": 0.40184846569446325,
        "support": 117.0
    },
    "weighted_avg": {
        "precision": 0.6987433320055921,
        "recall": 0.6581196581196581,
        "f1-score": 0.5612971021567346,
        "support": 117.0
    },
    "micro_avg": {
        "precision": 0.6581196581196581,
        "recall": 0.6581196581196581,
        "f1-score": 0.6581196581196581
    },
    "regression": {
        "mse": 1.1794871794871795,
        "rmse": 1.086041978694737,
        "mae": 0.5982905982905983,
        "kendall": 0.3023805765915332
    }
}