{
    "high": {
        "precision": 0.0,
        "recall": 0.0,
        "f1-score": 0.0,
        "support": 8.0
    },
    "low": {
        "precision": 0.7551020408163265,
        "recall": 0.8604651162790697,
        "f1-score": 0.8043478260869565,
        "support": 43.0
    },
    "medium": {
        "precision": 0.0,
        "recall": 0.0,
        "f1-score": 0.0,
        "support": 26.0
    },
    "normal": {
        "precision": 0.5588235294117647,
        "recall": 0.95,
        "f1-score": 0.7037037037037037,
        "support": 40.0
    },
    "accuracy": 0.6410256410256411,
    "macro_avg": {
        "precision": 0.3284813925570228,
        "recall": 0.4526162790697674,
        "f1-score": 0.37701288244766507,
        "support": 117.0
    },
    "weighted_avg": {
        "precision": 0.46856691394506517,
        "recall": 0.6410256410256411,
        "f1-score": 0.5361974758110024,
        "support": 117.0
    },
    "micro_avg": {
        "precision": 0.6410256410256411,
        "recall": 0.6410256410256411,
        "f1-score": 0.6410256410256411
    },
    "regression": {
        "mse": 1.2307692307692308,
        "rmse": 1.1094003924504583,
        "mae": 0.6324786324786325,
        "kendall": 0.24834627105744764
    }
}