{
    "high": {
        "precision": 0.75,
        "recall": 0.375,
        "f1-score": 0.5,
        "support": 8.0
    },
    "low": {
        "precision": 0.8125,
        "recall": 0.9069767441860465,
        "f1-score": 0.8571428571428571,
        "support": 43.0
    },
    "medium": {
        "precision": 0.75,
        "recall": 0.8076923076923077,
        "f1-score": 0.7777777777777778,
        "support": 26.0
    },
    "normal": {
        "precision": 0.918918918918919,
        "recall": 0.85,
        "f1-score": 0.8831168831168831,
        "support": 40.0
    },
    "accuracy": 0.8290598290598291,
    "macro_avg": {
        "precision": 0.8078547297297297,
        "recall": 0.7349172629695885,
        "f1-score": 0.7545093795093795,
        "support": 117.0
    },
    "weighted_avg": {
        "precision": 0.8307201432201432,
        "recall": 0.8290598290598291,
        "f1-score": 0.8239661572994906,
        "support": 117.0
    },
    "micro_avg": {
        "precision": 0.8290598290598291,
        "recall": 0.8290598290598291,
        "f1-score": 0.8290598290598291
    },
    "regression": {
        "mse": 0.4188034188034188,
        "rmse": 0.647150228929434,
        "mae": 0.24786324786324787,
        "kendall": 0.7303683393906191
    }
}