{
    "high": {
        "precision": 0.0,
        "recall": 0.0,
        "f1-score": 0.0,
        "support": 8.0
    },
    "low": {
        "precision": 0.7017543859649122,
        "recall": 0.9302325581395349,
        "f1-score": 0.8,
        "support": 43.0
    },
    "medium": {
        "precision": 0.7894736842105263,
        "recall": 0.5769230769230769,
        "f1-score": 0.6666666666666666,
        "support": 26.0
    },
    "normal": {
        "precision": 0.8780487804878049,
        "recall": 0.9,
        "f1-score": 0.8888888888888888,
        "support": 40.0
    },
    "accuracy": 0.7777777777777778,
    "macro_avg": {
        "precision": 0.5923192126658109,
        "recall": 0.6017889087656529,
        "f1-score": 0.5888888888888889,
        "support": 117.0
    },
    "weighted_avg": {
        "precision": 0.7335359453459581,
        "recall": 0.7777777777777778,
        "f1-score": 0.7460588793922127,
        "support": 117.0
    },
    "micro_avg": {
        "precision": 0.7777777777777778,
        "recall": 0.7777777777777778,
        "f1-score": 0.7777777777777778
    },
    "regression": {
        "mse": 0.42735042735042733,
        "rmse": 0.6537204504606134,
        "mae": 0.2905982905982906,
        "kendall": 0.7315253697864347
    }
}