{
    "high": {
        "precision": 1.0,
        "recall": 0.25,
        "f1-score": 0.4,
        "support": 8.0
    },
    "low": {
        "precision": 0.8043478260869565,
        "recall": 0.8604651162790697,
        "f1-score": 0.8314606741573034,
        "support": 43.0
    },
    "medium": {
        "precision": 0.6785714285714286,
        "recall": 0.7307692307692307,
        "f1-score": 0.7037037037037037,
        "support": 26.0
    },
    "normal": {
        "precision": 0.975609756097561,
        "recall": 1.0,
        "f1-score": 0.9876543209876543,
        "support": 40.0
    },
    "accuracy": 0.8376068376068376,
    "macro_avg": {
        "precision": 0.8646322526889865,
        "recall": 0.7103085867620751,
        "f1-score": 0.7307046747121654,
        "support": 117.0
    },
    "weighted_avg": {
        "precision": 0.8483265291324676,
        "recall": 0.8376068376068376,
        "f1-score": 0.8269681890988592,
        "support": 117.0
    },
    "micro_avg": {
        "precision": 0.8376068376068376,
        "recall": 0.8376068376068376,
        "f1-score": 0.8376068376068376
    },
    "regression": {
        "mse": 0.26495726495726496,
        "rmse": 0.5147399974329419,
        "mae": 0.19658119658119658,
        "kendall": 0.8305472372764335
    }
}