{
    "high": {
        "precision": 0.5,
        "recall": 0.5,
        "f1-score": 0.5,
        "support": 8.0
    },
    "low": {
        "precision": 0.875,
        "recall": 0.813953488372093,
        "f1-score": 0.8433734939759037,
        "support": 43.0
    },
    "medium": {
        "precision": 0.6774193548387096,
        "recall": 0.8076923076923077,
        "f1-score": 0.7368421052631579,
        "support": 26.0
    },
    "normal": {
        "precision": 0.9736842105263158,
        "recall": 0.925,
        "f1-score": 0.9487179487179487,
        "support": 40.0
    },
    "accuracy": 0.8290598290598291,
    "macro_avg": {
        "precision": 0.7565258913412564,
        "recall": 0.7616614490161002,
        "f1-score": 0.7572333869892525,
        "support": 117.0
    },
    "weighted_avg": {
        "precision": 0.8391903559560605,
        "recall": 0.8290598290598291,
        "f1-score": 0.8322365207395205,
        "support": 117.0
    },
    "micro_avg": {
        "precision": 0.8290598290598291,
        "recall": 0.8290598290598291,
        "f1-score": 0.8290598290598291
    },
    "regression": {
        "mse": 0.36752136752136755,
        "rmse": 0.6062354060275328,
        "mae": 0.23076923076923078,
        "kendall": 0.7862079531635904
    }
}