{
    "high": {
        "precision": 0.2857142857142857,
        "recall": 0.25,
        "f1-score": 0.26666666666666666,
        "support": 8.0
    },
    "low": {
        "precision": 0.782608695652174,
        "recall": 0.8372093023255814,
        "f1-score": 0.8089887640449438,
        "support": 43.0
    },
    "medium": {
        "precision": 0.6666666666666666,
        "recall": 0.6923076923076923,
        "f1-score": 0.6792452830188679,
        "support": 26.0
    },
    "normal": {
        "precision": 0.918918918918919,
        "recall": 0.85,
        "f1-score": 0.8831168831168831,
        "support": 40.0
    },
    "accuracy": 0.7692307692307693,
    "macro_avg": {
        "precision": 0.6634771417380113,
        "recall": 0.6573792486583184,
        "f1-score": 0.6595043992118403,
        "support": 117.0
    },
    "weighted_avg": {
        "precision": 0.7694698999046825,
        "recall": 0.7692307692307693,
        "f1-score": 0.7684179732515539,
        "support": 117.0
    },
    "micro_avg": {
        "precision": 0.7692307692307693,
        "recall": 0.7692307692307693,
        "f1-score": 0.7692307692307693
    },
    "regression": {
        "mse": 0.47863247863247865,
        "rmse": 0.6918326955503611,
        "mae": 0.3076923076923077,
        "kendall": 0.7122531459969058
    }
}