{
    "high": {
        "precision": 0.0,
        "recall": 0.0,
        "f1-score": 0.0,
        "support": 8.0
    },
    "low": {
        "precision": 0.7358490566037735,
        "recall": 0.9069767441860465,
        "f1-score": 0.8125,
        "support": 43.0
    },
    "medium": {
        "precision": 0.6551724137931034,
        "recall": 0.7307692307692307,
        "f1-score": 0.6909090909090909,
        "support": 26.0
    },
    "normal": {
        "precision": 0.9714285714285714,
        "recall": 0.85,
        "f1-score": 0.9066666666666666,
        "support": 40.0
    },
    "accuracy": 0.7863247863247863,
    "macro_avg": {
        "precision": 0.5906125104563621,
        "recall": 0.6219364937388193,
        "f1-score": 0.6025189393939394,
        "support": 117.0
    },
    "weighted_avg": {
        "precision": 0.7481464534164599,
        "recall": 0.7863247863247863,
        "f1-score": 0.7621179746179747,
        "support": 117.0
    },
    "micro_avg": {
        "precision": 0.7863247863247863,
        "recall": 0.7863247863247863,
        "f1-score": 0.7863247863247863
    },
    "regression": {
        "mse": 0.39316239316239315,
        "rmse": 0.6270266287506402,
        "mae": 0.27350427350427353,
        "kendall": 0.7339430489987377
    }
}