{
    "high": {
        "precision": 0.5714285714285714,
        "recall": 0.5,
        "f1-score": 0.5333333333333333,
        "support": 8.0
    },
    "low": {
        "precision": 0.8048780487804879,
        "recall": 0.7674418604651163,
        "f1-score": 0.7857142857142857,
        "support": 43.0
    },
    "medium": {
        "precision": 0.7407407407407407,
        "recall": 0.7692307692307693,
        "f1-score": 0.7547169811320755,
        "support": 26.0
    },
    "normal": {
        "precision": 0.8809523809523809,
        "recall": 0.925,
        "f1-score": 0.9024390243902439,
        "support": 40.0
    },
    "accuracy": 0.8034188034188035,
    "macro_avg": {
        "precision": 0.7494999354755453,
        "recall": 0.7404181574239714,
        "f1-score": 0.7440509061424846,
        "support": 117.0
    },
    "weighted_avg": {
        "precision": 0.8006712749260175,
        "recall": 0.8034188034188035,
        "f1-score": 0.8014750721147409,
        "support": 117.0
    },
    "micro_avg": {
        "precision": 0.8034188034188035,
        "recall": 0.8034188034188035,
        "f1-score": 0.8034188034188035
    },
    "regression": {
        "mse": 0.3504273504273504,
        "rmse": 0.5919690451597536,
        "mae": 0.24786324786324787,
        "kendall": 0.7750724254353476
    }
}