{
    "high": {
        "precision": 0.0,
        "recall": 0.0,
        "f1-score": 0.0,
        "support": 8.0
    },
    "low": {
        "precision": 0.8717948717948718,
        "recall": 0.7906976744186046,
        "f1-score": 0.8292682926829268,
        "support": 43.0
    },
    "medium": {
        "precision": 1.0,
        "recall": 0.038461538461538464,
        "f1-score": 0.07407407407407407,
        "support": 26.0
    },
    "normal": {
        "precision": 0.5194805194805194,
        "recall": 1.0,
        "f1-score": 0.6837606837606838,
        "support": 40.0
    },
    "accuracy": 0.6410256410256411,
    "macro_avg": {
        "precision": 0.5978188478188478,
        "recall": 0.45728980322003576,
        "f1-score": 0.39677576262942116,
        "support": 117.0
    },
    "weighted_avg": {
        "precision": 0.7202256433025664,
        "recall": 0.6410256410256411,
        "f1-score": 0.554999058647172,
        "support": 117.0
    },
    "micro_avg": {
        "precision": 0.6410256410256411,
        "recall": 0.6410256410256411,
        "f1-score": 0.6410256410256411
    },
    "regression": {
        "mse": 1.3846153846153846,
        "rmse": 1.1766968108291043,
        "mae": 0.6666666666666666,
        "kendall": 0.19589206919240262
    }
}