{
    "high": {
        "precision": 0.0,
        "recall": 0.0,
        "f1-score": 0.0,
        "support": 8.0
    },
    "low": {
        "precision": 0.8292682926829268,
        "recall": 0.7906976744186046,
        "f1-score": 0.8095238095238095,
        "support": 43.0
    },
    "medium": {
        "precision": 0.5897435897435898,
        "recall": 0.8846153846153846,
        "f1-score": 0.7076923076923077,
        "support": 26.0
    },
    "normal": {
        "precision": 0.972972972972973,
        "recall": 0.9,
        "f1-score": 0.935064935064935,
        "support": 40.0
    },
    "accuracy": 0.7948717948717948,
    "macro_avg": {
        "precision": 0.5979962138498724,
        "recall": 0.6438282647584973,
        "f1-score": 0.613070263070263,
        "support": 117.0
    },
    "weighted_avg": {
        "precision": 0.7684682806634026,
        "recall": 0.7948717948717948,
        "f1-score": 0.7744625744625746,
        "support": 117.0
    },
    "micro_avg": {
        "precision": 0.7948717948717948,
        "recall": 0.7948717948717948,
        "f1-score": 0.7948717948717948
    },
    "regression": {
        "mse": 0.358974358974359,
        "rmse": 0.5991446895152781,
        "mae": 0.2564102564102564,
        "kendall": 0.7609293327205151
    }
}