{
    "high": {
        "precision": 0.0,
        "recall": 0.0,
        "f1-score": 0.0,
        "support": 8.0
    },
    "low": {
        "precision": 0.7291666666666666,
        "recall": 0.813953488372093,
        "f1-score": 0.7692307692307693,
        "support": 43.0
    },
    "medium": {
        "precision": 0.6785714285714286,
        "recall": 0.7307692307692307,
        "f1-score": 0.7037037037037037,
        "support": 26.0
    },
    "normal": {
        "precision": 0.8536585365853658,
        "recall": 0.875,
        "f1-score": 0.8641975308641975,
        "support": 40.0
    },
    "accuracy": 0.7606837606837606,
    "macro_avg": {
        "precision": 0.5653491579558653,
        "recall": 0.6049306797853309,
        "f1-score": 0.5842830009496676,
        "support": 117.0
    },
    "weighted_avg": {
        "precision": 0.7106270536148585,
        "recall": 0.7606837606837606,
        "f1-score": 0.7345394923742502,
        "support": 117.0
    },
    "micro_avg": {
        "precision": 0.7606837606837606,
        "recall": 0.7606837606837606,
        "f1-score": 0.7606837606837606
    },
    "regression": {
        "mse": 0.4358974358974359,
        "rmse": 0.6602252917735247,
        "mae": 0.29914529914529914,
        "kendall": 0.7139262077854062
    }
}