{
    "high": {
        "precision": 1.0,
        "recall": 0.375,
        "f1-score": 0.5454545454545454,
        "support": 8.0
    },
    "low": {
        "precision": 0.8222222222222222,
        "recall": 0.8604651162790697,
        "f1-score": 0.8409090909090909,
        "support": 43.0
    },
    "medium": {
        "precision": 0.7,
        "recall": 0.8076923076923077,
        "f1-score": 0.75,
        "support": 26.0
    },
    "normal": {
        "precision": 0.9487179487179487,
        "recall": 0.925,
        "f1-score": 0.9367088607594937,
        "support": 40.0
    },
    "accuracy": 0.8376068376068376,
    "macro_avg": {
        "precision": 0.8677350427350428,
        "recall": 0.7420393559928444,
        "f1-score": 0.7682681242807825,
        "support": 117.0
    },
    "weighted_avg": {
        "precision": 0.8504638761049017,
        "recall": 0.8376068376068376,
        "f1-score": 0.8332571085735644,
        "support": 117.0
    },
    "micro_avg": {
        "precision": 0.8376068376068376,
        "recall": 0.8376068376068376,
        "f1-score": 0.8376068376068376
    },
    "regression": {
        "mse": 0.3162393162393162,
        "rmse": 0.5623515948579823,
        "mae": 0.21367521367521367,
        "kendall": 0.7856028417393786
    }
}