{
    "high": {
        "precision": 0.0,
        "recall": 0.0,
        "f1-score": 0.0,
        "support": 8.0
    },
    "low": {
        "precision": 0.8372093023255814,
        "recall": 0.8372093023255814,
        "f1-score": 0.8372093023255814,
        "support": 43.0
    },
    "medium": {
        "precision": 1.0,
        "recall": 0.038461538461538464,
        "f1-score": 0.07407407407407407,
        "support": 26.0
    },
    "normal": {
        "precision": 0.547945205479452,
        "recall": 1.0,
        "f1-score": 0.7079646017699115,
        "support": 40.0
    },
    "accuracy": 0.6581196581196581,
    "macro_avg": {
        "precision": 0.5962886269512584,
        "recall": 0.46891771019677997,
        "f1-score": 0.40481199454239175,
        "support": 117.0
    },
    "weighted_avg": {
        "precision": 0.7172462240955392,
        "recall": 0.6581196581196581,
        "f1-score": 0.5661923931343794,
        "support": 117.0
    },
    "micro_avg": {
        "precision": 0.6581196581196581,
        "recall": 0.6581196581196581,
        "f1-score": 0.6581196581196581
    },
    "regression": {
        "mse": 1.2991452991452992,
        "rmse": 1.1398005523534804,
        "mae": 0.6324786324786325,
        "kendall": 0.24185675168110884
    }
}