{
    "high": {
        "precision": 0.8,
        "recall": 0.5,
        "f1-score": 0.6153846153846154,
        "support": 8.0
    },
    "low": {
        "precision": 0.813953488372093,
        "recall": 0.813953488372093,
        "f1-score": 0.813953488372093,
        "support": 43.0
    },
    "medium": {
        "precision": 0.7142857142857143,
        "recall": 0.7692307692307693,
        "f1-score": 0.7407407407407407,
        "support": 26.0
    },
    "normal": {
        "precision": 0.9024390243902439,
        "recall": 0.925,
        "f1-score": 0.9135802469135802,
        "support": 40.0
    },
    "accuracy": 0.8205128205128205,
    "macro_avg": {
        "precision": 0.8076695567620128,
        "recall": 0.7520460644007156,
        "f1-score": 0.7709147728527573,
        "support": 117.0
    },
    "weighted_avg": {
        "precision": 0.8211024747610115,
        "recall": 0.8205128205128205,
        "f1-score": 0.8181670603323025,
        "support": 117.0
    },
    "micro_avg": {
        "precision": 0.8205128205128205,
        "recall": 0.8205128205128205,
        "f1-score": 0.8205128205128205
    },
    "regression": {
        "mse": 0.4017094017094017,
        "rmse": 0.633805492015809,
        "mae": 0.24786324786324787,
        "kendall": 0.744426752973859
    }
}