{
    "high": {
        "precision": 0.5714285714285714,
        "recall": 0.5,
        "f1-score": 0.5333333333333333,
        "support": 8.0
    },
    "low": {
        "precision": 0.8333333333333334,
        "recall": 0.813953488372093,
        "f1-score": 0.8235294117647058,
        "support": 43.0
    },
    "medium": {
        "precision": 0.0,
        "recall": 0.0,
        "f1-score": 0.0,
        "support": 26.0
    },
    "normal": {
        "precision": 0.5735294117647058,
        "recall": 0.975,
        "f1-score": 0.7222222222222222,
        "support": 40.0
    },
    "accuracy": 0.6666666666666666,
    "macro_avg": {
        "precision": 0.4945728291316526,
        "recall": 0.5722383720930233,
        "f1-score": 0.5197712418300654,
        "support": 117.0
    },
    "weighted_avg": {
        "precision": 0.5414182767123943,
        "recall": 0.6666666666666666,
        "f1-score": 0.586045472319982,
        "support": 117.0
    },
    "micro_avg": {
        "precision": 0.6666666666666666,
        "recall": 0.6666666666666666,
        "f1-score": 0.6666666666666666
    },
    "regression": {
        "mse": 1.0598290598290598,
        "rmse": 1.0294799948658837,
        "mae": 0.5641025641025641,
        "kendall": 0.35324275692758184
    }
}