{
    "high": {
        "precision": 0.42857142857142855,
        "recall": 0.375,
        "f1-score": 0.4,
        "support": 8.0
    },
    "low": {
        "precision": 0.875,
        "recall": 0.813953488372093,
        "f1-score": 0.8433734939759037,
        "support": 43.0
    },
    "medium": {
        "precision": 0.7916666666666666,
        "recall": 0.7307692307692307,
        "f1-score": 0.76,
        "support": 26.0
    },
    "normal": {
        "precision": 0.782608695652174,
        "recall": 0.9,
        "f1-score": 0.8372093023255814,
        "support": 40.0
    },
    "accuracy": 0.7948717948717948,
    "macro_avg": {
        "precision": 0.7194616977225673,
        "recall": 0.704930679785331,
        "f1-score": 0.7101456990753713,
        "support": 117.0
    },
    "weighted_avg": {
        "precision": 0.7943696802392454,
        "recall": 0.7948717948717948,
        "f1-score": 0.7924224985810865,
        "support": 117.0
    },
    "micro_avg": {
        "precision": 0.7948717948717948,
        "recall": 0.7948717948717948,
        "f1-score": 0.7948717948717948
    },
    "regression": {
        "mse": 0.6153846153846154,
        "rmse": 0.7844645405527362,
        "mae": 0.3247863247863248,
        "kendall": 0.6515492011407161
    }
}