{
    "high": {
        "precision": 0.5,
        "recall": 0.5,
        "f1-score": 0.5,
        "support": 8.0
    },
    "low": {
        "precision": 0.9024390243902439,
        "recall": 0.8604651162790697,
        "f1-score": 0.8809523809523809,
        "support": 43.0
    },
    "medium": {
        "precision": 0.75,
        "recall": 0.8076923076923077,
        "f1-score": 0.7777777777777778,
        "support": 26.0
    },
    "normal": {
        "precision": 0.95,
        "recall": 0.95,
        "f1-score": 0.95,
        "support": 40.0
    },
    "accuracy": 0.8547008547008547,
    "macro_avg": {
        "precision": 0.775609756097561,
        "recall": 0.7795393559928443,
        "f1-score": 0.7771825396825396,
        "support": 117.0
    },
    "weighted_avg": {
        "precision": 0.8573066499895768,
        "recall": 0.8547008547008547,
        "f1-score": 0.8555826889160223,
        "support": 117.0
    },
    "micro_avg": {
        "precision": 0.8547008547008547,
        "recall": 0.8547008547008547,
        "f1-score": 0.8547008547008547
    },
    "regression": {
        "mse": 0.3418803418803419,
        "rmse": 0.5847053462046862,
        "mae": 0.20512820512820512,
        "kendall": 0.8065097673585533
    }
}