{
    "high": {
        "precision": 0.0,
        "recall": 0.0,
        "f1-score": 0.0,
        "support": 8.0
    },
    "low": {
        "precision": 0.8888888888888888,
        "recall": 0.7441860465116279,
        "f1-score": 0.810126582278481,
        "support": 43.0
    },
    "medium": {
        "precision": 0.5581395348837209,
        "recall": 0.9230769230769231,
        "f1-score": 0.6956521739130435,
        "support": 26.0
    },
    "normal": {
        "precision": 0.9736842105263158,
        "recall": 0.925,
        "f1-score": 0.9487179487179487,
        "support": 40.0
    },
    "accuracy": 0.7948717948717948,
    "macro_avg": {
        "precision": 0.6051781585747315,
        "recall": 0.6480657423971378,
        "f1-score": 0.6136241762273682,
        "support": 117.0
    },
    "weighted_avg": {
        "precision": 0.783600158549159,
        "recall": 0.7948717948717948,
        "f1-score": 0.7766762180207842,
        "support": 117.0
    },
    "micro_avg": {
        "precision": 0.7948717948717948,
        "recall": 0.7948717948717948,
        "f1-score": 0.7948717948717948
    },
    "regression": {
        "mse": 0.3333333333333333,
        "rmse": 0.5773502691896257,
        "mae": 0.24786324786324787,
        "kendall": 0.7808257407887569
    }
}