{
    "high": {
        "precision": 0.5,
        "recall": 0.125,
        "f1-score": 0.2,
        "support": 8.0
    },
    "low": {
        "precision": 0.8604651162790697,
        "recall": 0.8604651162790697,
        "f1-score": 0.8604651162790697,
        "support": 43.0
    },
    "medium": {
        "precision": 0.7142857142857143,
        "recall": 0.7692307692307693,
        "f1-score": 0.7407407407407407,
        "support": 26.0
    },
    "normal": {
        "precision": 0.8636363636363636,
        "recall": 0.95,
        "f1-score": 0.9047619047619048,
        "support": 40.0
    },
    "accuracy": 0.8205128205128205,
    "macro_avg": {
        "precision": 0.7345967985502869,
        "recall": 0.6761739713774597,
        "f1-score": 0.6764919404454288,
        "support": 117.0
    },
    "weighted_avg": {
        "precision": 0.8044178044178044,
        "recall": 0.8205128205128205,
        "f1-score": 0.8038438927327817,
        "support": 117.0
    },
    "micro_avg": {
        "precision": 0.8205128205128205,
        "recall": 0.8205128205128205,
        "f1-score": 0.8205128205128205
    },
    "regression": {
        "mse": 0.42735042735042733,
        "rmse": 0.6537204504606134,
        "mae": 0.2564102564102564,
        "kendall": 0.7405959075840836
    }
}