{
    "high": {
        "precision": 0.6666666666666666,
        "recall": 0.25,
        "f1-score": 0.36363636363636365,
        "support": 8.0
    },
    "low": {
        "precision": 0.782608695652174,
        "recall": 0.8372093023255814,
        "f1-score": 0.8089887640449438,
        "support": 43.0
    },
    "medium": {
        "precision": 0.76,
        "recall": 0.7307692307692307,
        "f1-score": 0.7450980392156863,
        "support": 26.0
    },
    "normal": {
        "precision": 0.8604651162790697,
        "recall": 0.925,
        "f1-score": 0.891566265060241,
        "support": 40.0
    },
    "accuracy": 0.8034188034188035,
    "macro_avg": {
        "precision": 0.7674351196494775,
        "recall": 0.6857446332737032,
        "f1-score": 0.7023223579893086,
        "support": 117.0
    },
    "weighted_avg": {
        "precision": 0.7962744606627318,
        "recall": 0.8034188034188035,
        "f1-score": 0.7925710032909485,
        "support": 117.0
    },
    "micro_avg": {
        "precision": 0.8034188034188035,
        "recall": 0.8034188034188035,
        "f1-score": 0.8034188034188035
    },
    "regression": {
        "mse": 0.4444444444444444,
        "rmse": 0.6666666666666666,
        "mae": 0.27350427350427353,
        "kendall": 0.7235756784829341
    }
}