{
    "high": {
        "precision": 1.0,
        "recall": 0.25,
        "f1-score": 0.4,
        "support": 8.0
    },
    "low": {
        "precision": 0.7916666666666666,
        "recall": 0.8837209302325582,
        "f1-score": 0.8351648351648352,
        "support": 43.0
    },
    "medium": {
        "precision": 0.9047619047619048,
        "recall": 0.7307692307692307,
        "f1-score": 0.8085106382978723,
        "support": 26.0
    },
    "normal": {
        "precision": 0.8478260869565217,
        "recall": 0.975,
        "f1-score": 0.9069767441860465,
        "support": 40.0
    },
    "accuracy": 0.8376068376068376,
    "macro_avg": {
        "precision": 0.8860636645962732,
        "recall": 0.7098725402504472,
        "f1-score": 0.7376630544121885,
        "support": 117.0
    },
    "weighted_avg": {
        "precision": 0.8502437578524534,
        "recall": 0.8376068376068376,
        "f1-score": 0.8240378997886705,
        "support": 117.0
    },
    "micro_avg": {
        "precision": 0.8376068376068376,
        "recall": 0.8376068376068376,
        "f1-score": 0.8376068376068376
    },
    "regression": {
        "mse": 0.452991452991453,
        "rmse": 0.6730463973541891,
        "mae": 0.24786324786324787,
        "kendall": 0.7418278348290623
    }
}