{
    "high": {
        "precision": 0.0,
        "recall": 0.0,
        "f1-score": 0.0,
        "support": 8.0
    },
    "low": {
        "precision": 0.6349206349206349,
        "recall": 0.9302325581395349,
        "f1-score": 0.7547169811320755,
        "support": 43.0
    },
    "medium": {
        "precision": 0.0,
        "recall": 0.0,
        "f1-score": 0.0,
        "support": 26.0
    },
    "normal": {
        "precision": 0.6481481481481481,
        "recall": 0.875,
        "f1-score": 0.7446808510638298,
        "support": 40.0
    },
    "accuracy": 0.6410256410256411,
    "macro_avg": {
        "precision": 0.32076719576719576,
        "recall": 0.4513081395348837,
        "f1-score": 0.3748494580489763,
        "support": 117.0
    },
    "weighted_avg": {
        "precision": 0.45493601049156607,
        "recall": 0.6410256410256411,
        "f1-score": 0.5319663609507046,
        "support": 117.0
    },
    "micro_avg": {
        "precision": 0.6410256410256411,
        "recall": 0.6410256410256411,
        "f1-score": 0.6410256410256411
    },
    "regression": {
        "mse": 1.0256410256410255,
        "rmse": 1.0127393670836666,
        "mae": 0.5641025641025641,
        "kendall": 0.34204932578028435
    }
}