{
    "high": {
        "precision": 0.4,
        "recall": 0.25,
        "f1-score": 0.3076923076923077,
        "support": 8.0
    },
    "low": {
        "precision": 0.8,
        "recall": 0.8372093023255814,
        "f1-score": 0.8181818181818182,
        "support": 43.0
    },
    "medium": {
        "precision": 0.7142857142857143,
        "recall": 0.7692307692307693,
        "f1-score": 0.7407407407407407,
        "support": 26.0
    },
    "normal": {
        "precision": 0.8974358974358975,
        "recall": 0.875,
        "f1-score": 0.8860759493670886,
        "support": 40.0
    },
    "accuracy": 0.7948717948717948,
    "macro_avg": {
        "precision": 0.702930402930403,
        "recall": 0.6828600178890877,
        "f1-score": 0.6881727039954888,
        "support": 117.0
    },
    "weighted_avg": {
        "precision": 0.7869133715287562,
        "recall": 0.7948717948717948,
        "f1-score": 0.7892790929683713,
        "support": 117.0
    },
    "micro_avg": {
        "precision": 0.7948717948717948,
        "recall": 0.7948717948717948,
        "f1-score": 0.7948717948717948
    },
    "regression": {
        "mse": 0.4358974358974359,
        "rmse": 0.6602252917735247,
        "mae": 0.28205128205128205,
        "kendall": 0.7238255030446398
    }
}