{
    "high": {
        "precision": 0.8,
        "recall": 0.5,
        "f1-score": 0.6153846153846154,
        "support": 8.0
    },
    "low": {
        "precision": 0.7692307692307693,
        "recall": 0.9302325581395349,
        "f1-score": 0.8421052631578947,
        "support": 43.0
    },
    "medium": {
        "precision": 0.8,
        "recall": 0.6153846153846154,
        "f1-score": 0.6956521739130435,
        "support": 26.0
    },
    "normal": {
        "precision": 0.925,
        "recall": 0.925,
        "f1-score": 0.925,
        "support": 40.0
    },
    "accuracy": 0.8290598290598291,
    "macro_avg": {
        "precision": 0.8235576923076924,
        "recall": 0.7426542933810376,
        "f1-score": 0.7695355131138883,
        "support": 117.0
    },
    "weighted_avg": {
        "precision": 0.8314266929651546,
        "recall": 0.8290598290598291,
        "f1-score": 0.8223979466718421,
        "support": 117.0
    },
    "micro_avg": {
        "precision": 0.8290598290598291,
        "recall": 0.8290598290598291,
        "f1-score": 0.8290598290598291
    },
    "regression": {
        "mse": 0.3247863247863248,
        "rmse": 0.5699002761767402,
        "mae": 0.2222222222222222,
        "kendall": 0.7832170799726613
    }
}