{
    "high": {
        "precision": 0.0,
        "recall": 0.0,
        "f1-score": 0.0,
        "support": 8.0
    },
    "low": {
        "precision": 0.8,
        "recall": 0.8372093023255814,
        "f1-score": 0.8181818181818182,
        "support": 43.0
    },
    "medium": {
        "precision": 1.0,
        "recall": 0.038461538461538464,
        "f1-score": 0.07407407407407407,
        "support": 26.0
    },
    "normal": {
        "precision": 0.5633802816901409,
        "recall": 1.0,
        "f1-score": 0.7207207207207207,
        "support": 40.0
    },
    "accuracy": 0.6581196581196581,
    "macro_avg": {
        "precision": 0.5908450704225352,
        "recall": 0.46891771019677997,
        "f1-score": 0.40324415324415325,
        "support": 117.0
    },
    "weighted_avg": {
        "precision": 0.7088479595521849,
        "recall": 0.6581196581196581,
        "f1-score": 0.5635604524493413,
        "support": 117.0
    },
    "micro_avg": {
        "precision": 0.6581196581196581,
        "recall": 0.6581196581196581,
        "f1-score": 0.6581196581196581
    },
    "regression": {
        "mse": 1.2307692307692308,
        "rmse": 1.1094003924504583,
        "mae": 0.6153846153846154,
        "kendall": 0.2859477340326723
    }
}