{
    "high": {
        "precision": 0.0,
        "recall": 0.0,
        "f1-score": 0.0,
        "support": 8.0
    },
    "low": {
        "precision": 0.5633802816901409,
        "recall": 0.9302325581395349,
        "f1-score": 0.7017543859649122,
        "support": 43.0
    },
    "medium": {
        "precision": 0.0,
        "recall": 0.0,
        "f1-score": 0.0,
        "support": 26.0
    },
    "normal": {
        "precision": 0.8695652173913043,
        "recall": 1.0,
        "f1-score": 0.9302325581395349,
        "support": 40.0
    },
    "accuracy": 0.6837606837606838,
    "macro_avg": {
        "precision": 0.3582363747703613,
        "recall": 0.4825581395348837,
        "f1-score": 0.40799673602611175,
        "support": 117.0
    },
    "weighted_avg": {
        "precision": 0.5043415453703267,
        "recall": 0.6837606837606838,
        "f1-score": 0.5759379565989113,
        "support": 117.0
    },
    "micro_avg": {
        "precision": 0.6837606837606838,
        "recall": 0.6837606837606838,
        "f1-score": 0.6837606837606838
    },
    "regression": {
        "mse": 0.6153846153846154,
        "rmse": 0.7844645405527362,
        "mae": 0.41025641025641024,
        "kendall": 0.711652866069927
    }
}