{
    "high": {
        "precision": 0.75,
        "recall": 0.375,
        "f1-score": 0.5,
        "support": 8.0
    },
    "low": {
        "precision": 0.7708333333333334,
        "recall": 0.8604651162790697,
        "f1-score": 0.8131868131868132,
        "support": 43.0
    },
    "medium": {
        "precision": 0.782608695652174,
        "recall": 0.6923076923076923,
        "f1-score": 0.7346938775510204,
        "support": 26.0
    },
    "normal": {
        "precision": 0.8333333333333334,
        "recall": 0.875,
        "f1-score": 0.8536585365853658,
        "support": 40.0
    },
    "accuracy": 0.7948717948717948,
    "macro_avg": {
        "precision": 0.7841938405797102,
        "recall": 0.7006932021466905,
        "f1-score": 0.7253848068307999,
        "support": 117.0
    },
    "weighted_avg": {
        "precision": 0.7933931004583178,
        "recall": 0.7948717948717948,
        "f1-score": 0.7881659422801208,
        "support": 117.0
    },
    "micro_avg": {
        "precision": 0.7948717948717948,
        "recall": 0.7948717948717948,
        "f1-score": 0.7948717948717948
    },
    "regression": {
        "mse": 0.5042735042735043,
        "rmse": 0.7101221755962168,
        "mae": 0.29914529914529914,
        "kendall": 0.6763174569615854
    }
}