{
    "high": {
        "precision": 1.0,
        "recall": 0.25,
        "f1-score": 0.4,
        "support": 8.0
    },
    "low": {
        "precision": 0.7017543859649122,
        "recall": 0.9302325581395349,
        "f1-score": 0.8,
        "support": 43.0
    },
    "medium": {
        "precision": 0.8095238095238095,
        "recall": 0.6538461538461539,
        "f1-score": 0.723404255319149,
        "support": 26.0
    },
    "normal": {
        "precision": 0.918918918918919,
        "recall": 0.85,
        "f1-score": 0.8831168831168831,
        "support": 40.0
    },
    "accuracy": 0.7948717948717948,
    "macro_avg": {
        "precision": 0.8575492786019102,
        "recall": 0.6710196779964221,
        "f1-score": 0.701630284609008,
        "support": 117.0
    },
    "weighted_avg": {
        "precision": 0.8203402940245045,
        "recall": 0.7948717948717948,
        "f1-score": 0.7840443244698565,
        "support": 117.0
    },
    "micro_avg": {
        "precision": 0.7948717948717948,
        "recall": 0.7948717948717948,
        "f1-score": 0.7948717948717948
    },
    "regression": {
        "mse": 0.41025641025641024,
        "rmse": 0.6405126152203485,
        "mae": 0.27350427350427353,
        "kendall": 0.7235603671198141
    }
}