{
    "high": {
        "precision": 0.5714285714285714,
        "recall": 0.5,
        "f1-score": 0.5333333333333333,
        "support": 8.0
    },
    "low": {
        "precision": 0.8947368421052632,
        "recall": 0.7906976744186046,
        "f1-score": 0.8395061728395061,
        "support": 43.0
    },
    "medium": {
        "precision": 0.6451612903225806,
        "recall": 0.7692307692307693,
        "f1-score": 0.7017543859649122,
        "support": 26.0
    },
    "normal": {
        "precision": 0.926829268292683,
        "recall": 0.95,
        "f1-score": 0.9382716049382716,
        "support": 40.0
    },
    "accuracy": 0.8205128205128205,
    "macro_avg": {
        "precision": 0.7595389930372745,
        "recall": 0.7524821109123434,
        "f1-score": 0.7532163742690059,
        "support": 117.0
    },
    "weighted_avg": {
        "precision": 0.8281408295901649,
        "recall": 0.8205128205128205,
        "f1-score": 0.8217257293280684,
        "support": 117.0
    },
    "micro_avg": {
        "precision": 0.8205128205128205,
        "recall": 0.8205128205128205,
        "f1-score": 0.8205128205128205
    },
    "regression": {
        "mse": 0.3076923076923077,
        "rmse": 0.5547001962252291,
        "mae": 0.2222222222222222,
        "kendall": 0.8021445040260389
    }
}