{
    "high": {
        "precision": 0.6666666666666666,
        "recall": 0.25,
        "f1-score": 0.36363636363636365,
        "support": 8.0
    },
    "low": {
        "precision": 0.7884615384615384,
        "recall": 0.9534883720930233,
        "f1-score": 0.8631578947368421,
        "support": 43.0
    },
    "medium": {
        "precision": 0.72,
        "recall": 0.6923076923076923,
        "f1-score": 0.7058823529411765,
        "support": 26.0
    },
    "normal": {
        "precision": 0.972972972972973,
        "recall": 0.9,
        "f1-score": 0.935064935064935,
        "support": 40.0
    },
    "accuracy": 0.8290598290598291,
    "macro_avg": {
        "precision": 0.7870252945252945,
        "recall": 0.6989490161001789,
        "f1-score": 0.7169353865948294,
        "support": 117.0
    },
    "weighted_avg": {
        "precision": 0.8280008410777642,
        "recall": 0.8290598290598291,
        "f1-score": 0.8186360595029326,
        "support": 117.0
    },
    "micro_avg": {
        "precision": 0.8290598290598291,
        "recall": 0.8290598290598291,
        "f1-score": 0.8290598290598291
    },
    "regression": {
        "mse": 0.3247863247863248,
        "rmse": 0.5699002761767402,
        "mae": 0.2222222222222222,
        "kendall": 0.7865875451901625
    }
}