{
    "high": {
        "precision": 0.6666666666666666,
        "recall": 0.25,
        "f1-score": 0.36363636363636365,
        "support": 8.0
    },
    "low": {
        "precision": 0.8292682926829268,
        "recall": 0.7906976744186046,
        "f1-score": 0.8095238095238095,
        "support": 43.0
    },
    "medium": {
        "precision": 0.6774193548387096,
        "recall": 0.8076923076923077,
        "f1-score": 0.7368421052631579,
        "support": 26.0
    },
    "normal": {
        "precision": 0.9047619047619048,
        "recall": 0.95,
        "f1-score": 0.926829268292683,
        "support": 40.0
    },
    "accuracy": 0.811965811965812,
    "macro_avg": {
        "precision": 0.769529054737552,
        "recall": 0.6995974955277281,
        "f1-score": 0.7092078866790035,
        "support": 117.0
    },
    "weighted_avg": {
        "precision": 0.810215806281896,
        "recall": 0.811965811965812,
        "f1-score": 0.8029887195484116,
        "support": 117.0
    },
    "micro_avg": {
        "precision": 0.811965811965812,
        "recall": 0.811965811965812,
        "f1-score": 0.811965811965812
    },
    "regression": {
        "mse": 0.36752136752136755,
        "rmse": 0.6062354060275328,
        "mae": 0.24786324786324787,
        "kendall": 0.7630253526115407
    }
}