{
    "high": {
        "precision": 0.5714285714285714,
        "recall": 0.5,
        "f1-score": 0.5333333333333333,
        "support": 8.0
    },
    "low": {
        "precision": 0.9,
        "recall": 0.8372093023255814,
        "f1-score": 0.8674698795180723,
        "support": 43.0
    },
    "medium": {
        "precision": 0.75,
        "recall": 0.8076923076923077,
        "f1-score": 0.7777777777777778,
        "support": 26.0
    },
    "normal": {
        "precision": 0.9047619047619048,
        "recall": 0.95,
        "f1-score": 0.926829268292683,
        "support": 40.0
    },
    "accuracy": 0.8461538461538461,
    "macro_avg": {
        "precision": 0.781547619047619,
        "recall": 0.7737254025044724,
        "f1-score": 0.7763525647304665,
        "support": 117.0
    },
    "weighted_avg": {
        "precision": 0.8458282458282458,
        "recall": 0.8461538461538461,
        "f1-score": 0.8449851661527634,
        "support": 117.0
    },
    "micro_avg": {
        "precision": 0.8461538461538461,
        "recall": 0.8461538461538461,
        "f1-score": 0.8461538461538461
    },
    "regression": {
        "mse": 0.37606837606837606,
        "rmse": 0.6132441406718666,
        "mae": 0.2222222222222222,
        "kendall": 0.7790649385352847
    }
}