{
    "high": {
        "precision": 0.0,
        "recall": 0.0,
        "f1-score": 0.0,
        "support": 8.0
    },
    "low": {
        "precision": 0.7358490566037735,
        "recall": 0.9069767441860465,
        "f1-score": 0.8125,
        "support": 43.0
    },
    "medium": {
        "precision": 0.0,
        "recall": 0.0,
        "f1-score": 0.0,
        "support": 26.0
    },
    "normal": {
        "precision": 0.625,
        "recall": 1.0,
        "f1-score": 0.7692307692307693,
        "support": 40.0
    },
    "accuracy": 0.6752136752136753,
    "macro_avg": {
        "precision": 0.3402122641509434,
        "recall": 0.4767441860465116,
        "f1-score": 0.3954326923076923,
        "support": 117.0
    },
    "weighted_avg": {
        "precision": 0.48411546524754073,
        "recall": 0.6752136752136753,
        "f1-score": 0.5615959894806049,
        "support": 117.0
    },
    "micro_avg": {
        "precision": 0.6752136752136753,
        "recall": 0.6752136752136753,
        "f1-score": 0.6752136752136753
    },
    "regression": {
        "mse": 1.0940170940170941,
        "rmse": 1.0459527207369816,
        "mae": 0.5641025641025641,
        "kendall": 0.3622343905869961
    }
}