{
    "high": {
        "precision": 0.5,
        "recall": 0.375,
        "f1-score": 0.42857142857142855,
        "support": 8.0
    },
    "low": {
        "precision": 0.8536585365853658,
        "recall": 0.813953488372093,
        "f1-score": 0.8333333333333334,
        "support": 43.0
    },
    "medium": {
        "precision": 0.6333333333333333,
        "recall": 0.7307692307692307,
        "f1-score": 0.6785714285714286,
        "support": 26.0
    },
    "normal": {
        "precision": 0.975,
        "recall": 0.975,
        "f1-score": 0.975,
        "support": 40.0
    },
    "accuracy": 0.8205128205128205,
    "macro_avg": {
        "precision": 0.7404979674796748,
        "recall": 0.723680679785331,
        "f1-score": 0.7288690476190476,
        "support": 117.0
    },
    "weighted_avg": {
        "precision": 0.8219998610242513,
        "recall": 0.8205128205128205,
        "f1-score": 0.8196988196988197,
        "support": 117.0
    },
    "micro_avg": {
        "precision": 0.8205128205128205,
        "recall": 0.8205128205128205,
        "f1-score": 0.8205128205128205
    },
    "regression": {
        "mse": 0.3076923076923077,
        "rmse": 0.5547001962252291,
        "mae": 0.2222222222222222,
        "kendall": 0.8087717009736893
    }
}