{
    "high": {
        "precision": 0.6,
        "recall": 0.375,
        "f1-score": 0.46153846153846156,
        "support": 8.0
    },
    "low": {
        "precision": 0.7727272727272727,
        "recall": 0.7906976744186046,
        "f1-score": 0.7816091954022989,
        "support": 43.0
    },
    "medium": {
        "precision": 0.6666666666666666,
        "recall": 0.7692307692307693,
        "f1-score": 0.7142857142857143,
        "support": 26.0
    },
    "normal": {
        "precision": 0.9473684210526315,
        "recall": 0.9,
        "f1-score": 0.9230769230769231,
        "support": 40.0
    },
    "accuracy": 0.7948717948717948,
    "macro_avg": {
        "precision": 0.7466905901116426,
        "recall": 0.7087321109123434,
        "f1-score": 0.7201275735758494,
        "support": 117.0
    },
    "weighted_avg": {
        "precision": 0.7970542128436865,
        "recall": 0.7948717948717948,
        "f1-score": 0.7931282785394191,
        "support": 117.0
    },
    "micro_avg": {
        "precision": 0.7948717948717948,
        "recall": 0.7948717948717948,
        "f1-score": 0.7948717948717948
    },
    "regression": {
        "mse": 0.358974358974359,
        "rmse": 0.5991446895152781,
        "mae": 0.2564102564102564,
        "kendall": 0.7638356355788233
    }
}