{
    "high": {
        "precision": 0.6666666666666666,
        "recall": 0.25,
        "f1-score": 0.36363636363636365,
        "support": 8.0
    },
    "low": {
        "precision": 0.9024390243902439,
        "recall": 0.8604651162790697,
        "f1-score": 0.8809523809523809,
        "support": 43.0
    },
    "medium": {
        "precision": 0.6470588235294118,
        "recall": 0.8461538461538461,
        "f1-score": 0.7333333333333333,
        "support": 26.0
    },
    "normal": {
        "precision": 0.9743589743589743,
        "recall": 0.95,
        "f1-score": 0.9620253164556962,
        "support": 40.0
    },
    "accuracy": 0.8461538461538461,
    "macro_avg": {
        "precision": 0.7976308722363242,
        "recall": 0.7266547406082289,
        "f1-score": 0.7349868485944435,
        "support": 117.0
    },
    "weighted_avg": {
        "precision": 0.8541546988738249,
        "recall": 0.8461538461538461,
        "f1-score": 0.8404933556832291,
        "support": 117.0
    },
    "micro_avg": {
        "precision": 0.8461538461538461,
        "recall": 0.8461538461538461,
        "f1-score": 0.8461538461538461
    },
    "regression": {
        "mse": 0.28205128205128205,
        "rmse": 0.5310850045437944,
        "mae": 0.19658119658119658,
        "kendall": 0.8178030145279678
    }
}