{
    "high": {
        "precision": 0.6666666666666666,
        "recall": 0.25,
        "f1-score": 0.36363636363636365,
        "support": 8.0
    },
    "low": {
        "precision": 0.8333333333333334,
        "recall": 0.813953488372093,
        "f1-score": 0.8235294117647058,
        "support": 43.0
    },
    "medium": {
        "precision": 0.6774193548387096,
        "recall": 0.8076923076923077,
        "f1-score": 0.7368421052631579,
        "support": 26.0
    },
    "normal": {
        "precision": 0.8780487804878049,
        "recall": 0.9,
        "f1-score": 0.8888888888888888,
        "support": 40.0
    },
    "accuracy": 0.8034188034188035,
    "macro_avg": {
        "precision": 0.7638670338316286,
        "recall": 0.6929114490161002,
        "f1-score": 0.703224192388279,
        "support": 117.0
    },
    "weighted_avg": {
        "precision": 0.802577103521242,
        "recall": 0.8034188034188035,
        "f1-score": 0.7951650077553069,
        "support": 117.0
    },
    "micro_avg": {
        "precision": 0.8034188034188035,
        "recall": 0.8034188034188035,
        "f1-score": 0.8034188034188035
    },
    "regression": {
        "mse": 0.42735042735042733,
        "rmse": 0.6537204504606134,
        "mae": 0.27350427350427353,
        "kendall": 0.7201970655758189
    }
}