{
    "high": {
        "precision": 0.5,
        "recall": 0.25,
        "f1-score": 0.3333333333333333,
        "support": 8.0
    },
    "low": {
        "precision": 0.75,
        "recall": 0.8372093023255814,
        "f1-score": 0.7912087912087912,
        "support": 43.0
    },
    "medium": {
        "precision": 0.7407407407407407,
        "recall": 0.7692307692307693,
        "f1-score": 0.7547169811320755,
        "support": 26.0
    },
    "normal": {
        "precision": 0.8947368421052632,
        "recall": 0.85,
        "f1-score": 0.8717948717948718,
        "support": 40.0
    },
    "accuracy": 0.7863247863247863,
    "macro_avg": {
        "precision": 0.7213693957115009,
        "recall": 0.6766100178890877,
        "f1-score": 0.6877634943672679,
        "support": 117.0
    },
    "weighted_avg": {
        "precision": 0.7803310507988871,
        "recall": 0.7863247863247863,
        "f1-score": 0.7793425732467822,
        "support": 117.0
    },
    "micro_avg": {
        "precision": 0.7863247863247863,
        "recall": 0.7863247863247863,
        "f1-score": 0.7863247863247863
    },
    "regression": {
        "mse": 0.48717948717948717,
        "rmse": 0.6979824404521128,
        "mae": 0.29914529914529914,
        "kendall": 0.6941439731109393
    }
}