{
    "high": {
        "precision": 1.0,
        "recall": 0.375,
        "f1-score": 0.5454545454545454,
        "support": 8.0
    },
    "low": {
        "precision": 0.8571428571428571,
        "recall": 0.8372093023255814,
        "f1-score": 0.8470588235294118,
        "support": 43.0
    },
    "medium": {
        "precision": 0.6363636363636364,
        "recall": 0.8076923076923077,
        "f1-score": 0.711864406779661,
        "support": 26.0
    },
    "normal": {
        "precision": 0.9487179487179487,
        "recall": 0.925,
        "f1-score": 0.9367088607594937,
        "support": 40.0
    },
    "accuracy": 0.8290598290598291,
    "macro_avg": {
        "precision": 0.8605561105561106,
        "recall": 0.7362254025044723,
        "f1-score": 0.760271659130778,
        "support": 117.0
    },
    "weighted_avg": {
        "precision": 0.8491565414642338,
        "recall": 0.8290598290598291,
        "f1-score": 0.8270426904448889,
        "support": 117.0
    },
    "micro_avg": {
        "precision": 0.8290598290598291,
        "recall": 0.8290598290598291,
        "f1-score": 0.8290598290598291
    },
    "regression": {
        "mse": 0.27350427350427353,
        "rmse": 0.5229763603684908,
        "mae": 0.20512820512820512,
        "kendall": 0.806594019471238
    }
}