{
    "high": {
        "precision": 0.75,
        "recall": 0.75,
        "f1-score": 0.75,
        "support": 8.0
    },
    "low": {
        "precision": 0.9906542056074766,
        "recall": 0.9814814814814815,
        "f1-score": 0.986046511627907,
        "support": 108.0
    },
    "medium": {
        "precision": 0.9875,
        "recall": 1.0,
        "f1-score": 0.9937106918238994,
        "support": 158.0
    },
    "normal": {
        "precision": 1.0,
        "recall": 0.9942528735632183,
        "f1-score": 0.9971181556195965,
        "support": 174.0
    },
    "accuracy": 0.9888392857142857,
    "macro_avg": {
        "precision": 0.9320385514018692,
        "recall": 0.9314335887611749,
        "f1-score": 0.9317188397678509,
        "support": 448.0
    },
    "weighted_avg": {
        "precision": 0.9888742281375167,
        "recall": 0.9888392857142857,
        "f1-score": 0.9888345349147318,
        "support": 448.0
    },
    "micro_avg": {
        "precision": 0.9888392857142857,
        "recall": 0.9888392857142857,
        "f1-score": 0.9888392857142857
    },
    "regression": {
        "mse": 0.03794642857142857,
        "rmse": 0.1947984306184949,
        "mae": 0.020089285714285716,
        "kendall": 0.9762676235290199
    }
}