{
    "high": {
        "precision": 0.5714285714285714,
        "recall": 0.5,
        "f1-score": 0.5333333333333333,
        "support": 8.0
    },
    "low": {
        "precision": 0.8222222222222222,
        "recall": 0.8604651162790697,
        "f1-score": 0.8409090909090909,
        "support": 43.0
    },
    "medium": {
        "precision": 0.6923076923076923,
        "recall": 0.6923076923076923,
        "f1-score": 0.6923076923076923,
        "support": 26.0
    },
    "normal": {
        "precision": 0.9487179487179487,
        "recall": 0.925,
        "f1-score": 0.9367088607594937,
        "support": 40.0
    },
    "accuracy": 0.8205128205128205,
    "macro_avg": {
        "precision": 0.7586691086691086,
        "recall": 0.7444432021466905,
        "f1-score": 0.7508147443274026,
        "support": 117.0
    },
    "weighted_avg": {
        "precision": 0.8194504450914707,
        "recall": 0.8205128205128205,
        "f1-score": 0.8196077949242507,
        "support": 117.0
    },
    "micro_avg": {
        "precision": 0.8205128205128205,
        "recall": 0.8205128205128205,
        "f1-score": 0.8205128205128205
    },
    "regression": {
        "mse": 0.3333333333333333,
        "rmse": 0.5773502691896257,
        "mae": 0.23076923076923078,
        "kendall": 0.7852912336490965
    }
}