{
    "high": {
        "precision": 0.4,
        "recall": 0.25,
        "f1-score": 0.3076923076923077,
        "support": 8.0
    },
    "low": {
        "precision": 0.8,
        "recall": 0.9302325581395349,
        "f1-score": 0.8602150537634409,
        "support": 43.0
    },
    "medium": {
        "precision": 0.8260869565217391,
        "recall": 0.7307692307692307,
        "f1-score": 0.7755102040816326,
        "support": 26.0
    },
    "normal": {
        "precision": 0.8974358974358975,
        "recall": 0.875,
        "f1-score": 0.8860759493670886,
        "support": 40.0
    },
    "accuracy": 0.8205128205128205,
    "macro_avg": {
        "precision": 0.7308807134894092,
        "recall": 0.6965004472271914,
        "f1-score": 0.7073733787261174,
        "support": 117.0
    },
    "weighted_avg": {
        "precision": 0.8117580920256506,
        "recall": 0.8205128205128205,
        "f1-score": 0.8124537525997642,
        "support": 117.0
    },
    "micro_avg": {
        "precision": 0.8205128205128205,
        "recall": 0.8205128205128205,
        "f1-score": 0.8205128205128205
    },
    "regression": {
        "mse": 0.47863247863247865,
        "rmse": 0.6918326955503611,
        "mae": 0.27350427350427353,
        "kendall": 0.7125202533233714
    }
}