{
    "high": {
        "precision": 0.75,
        "recall": 0.375,
        "f1-score": 0.5,
        "support": 8.0
    },
    "low": {
        "precision": 0.7916666666666666,
        "recall": 0.8837209302325582,
        "f1-score": 0.8351648351648352,
        "support": 43.0
    },
    "medium": {
        "precision": 0.7727272727272727,
        "recall": 0.6538461538461539,
        "f1-score": 0.7083333333333334,
        "support": 26.0
    },
    "normal": {
        "precision": 0.9069767441860465,
        "recall": 0.975,
        "f1-score": 0.9397590361445783,
        "support": 40.0
    },
    "accuracy": 0.8290598290598291,
    "macro_avg": {
        "precision": 0.8053426708949964,
        "recall": 0.721891771019678,
        "f1-score": 0.7458143011606868,
        "support": 117.0
    },
    "weighted_avg": {
        "precision": 0.8240311583334838,
        "recall": 0.8290598290598291,
        "f1-score": 0.8198215044832283,
        "support": 117.0
    },
    "micro_avg": {
        "precision": 0.8290598290598291,
        "recall": 0.8290598290598291,
        "f1-score": 0.8290598290598291
    },
    "regression": {
        "mse": 0.3504273504273504,
        "rmse": 0.5919690451597536,
        "mae": 0.23076923076923078,
        "kendall": 0.7807798390728233
    }
}