{
    "high": {
        "precision": 0.5714285714285714,
        "recall": 0.5,
        "f1-score": 0.5333333333333333,
        "support": 8.0
    },
    "low": {
        "precision": 0.8809523809523809,
        "recall": 0.8604651162790697,
        "f1-score": 0.8705882352941177,
        "support": 43.0
    },
    "medium": {
        "precision": 0.6896551724137931,
        "recall": 0.7692307692307693,
        "f1-score": 0.7272727272727273,
        "support": 26.0
    },
    "normal": {
        "precision": 0.9487179487179487,
        "recall": 0.925,
        "f1-score": 0.9367088607594937,
        "support": 40.0
    },
    "accuracy": 0.8376068376068376,
    "macro_avg": {
        "precision": 0.7726885183781735,
        "recall": 0.7636739713774598,
        "f1-score": 0.7669757891649179,
        "support": 117.0
    },
    "weighted_avg": {
        "precision": 0.8404455844774147,
        "recall": 0.8376068376068376,
        "f1-score": 0.8382855224255076,
        "support": 117.0
    },
    "micro_avg": {
        "precision": 0.8376068376068376,
        "recall": 0.8376068376068376,
        "f1-score": 0.8376068376068376
    },
    "regression": {
        "mse": 0.3418803418803419,
        "rmse": 0.5847053462046862,
        "mae": 0.2222222222222222,
        "kendall": 0.7838436962242019
    }
}