{
    "high": {
        "precision": 0.5,
        "recall": 0.375,
        "f1-score": 0.42857142857142855,
        "support": 8.0
    },
    "low": {
        "precision": 0.7659574468085106,
        "recall": 0.8372093023255814,
        "f1-score": 0.8,
        "support": 43.0
    },
    "medium": {
        "precision": 0.6333333333333333,
        "recall": 0.7307692307692307,
        "f1-score": 0.6785714285714286,
        "support": 26.0
    },
    "normal": {
        "precision": 0.9705882352941176,
        "recall": 0.825,
        "f1-score": 0.8918918918918919,
        "support": 40.0
    },
    "accuracy": 0.7777777777777778,
    "macro_avg": {
        "precision": 0.7174697538589904,
        "recall": 0.691994633273703,
        "f1-score": 0.6997586872586873,
        "support": 117.0
    },
    "weighted_avg": {
        "precision": 0.7882595409504046,
        "recall": 0.7777777777777778,
        "f1-score": 0.7790350790350791,
        "support": 117.0
    },
    "micro_avg": {
        "precision": 0.7777777777777778,
        "recall": 0.7777777777777778,
        "f1-score": 0.7777777777777778
    },
    "regression": {
        "mse": 0.39316239316239315,
        "rmse": 0.6270266287506402,
        "mae": 0.27350427350427353,
        "kendall": 0.7467306206879922
    }
}