{
    "high": {
        "precision": 0.6666666666666666,
        "recall": 0.25,
        "f1-score": 0.36363636363636365,
        "support": 8.0
    },
    "low": {
        "precision": 0.8043478260869565,
        "recall": 0.8604651162790697,
        "f1-score": 0.8314606741573034,
        "support": 43.0
    },
    "medium": {
        "precision": 0.6129032258064516,
        "recall": 0.7307692307692307,
        "f1-score": 0.6666666666666666,
        "support": 26.0
    },
    "normal": {
        "precision": 0.972972972972973,
        "recall": 0.9,
        "f1-score": 0.935064935064935,
        "support": 40.0
    },
    "accuracy": 0.8034188034188035,
    "macro_avg": {
        "precision": 0.764222672883262,
        "recall": 0.6853085867620751,
        "f1-score": 0.6992071598813171,
        "support": 117.0
    },
    "weighted_avg": {
        "precision": 0.8100401080765738,
        "recall": 0.8034188034188035,
        "f1-score": 0.7982720566990229,
        "support": 117.0
    },
    "micro_avg": {
        "precision": 0.8034188034188035,
        "recall": 0.8034188034188035,
        "f1-score": 0.8034188034188035
    },
    "regression": {
        "mse": 0.3247863247863248,
        "rmse": 0.5699002761767402,
        "mae": 0.23931623931623933,
        "kendall": 0.7774884334800427
    }
}