{
    "high": {
        "precision": 0.75,
        "recall": 0.375,
        "f1-score": 0.5,
        "support": 8.0
    },
    "low": {
        "precision": 0.7551020408163265,
        "recall": 0.8604651162790697,
        "f1-score": 0.8043478260869565,
        "support": 43.0
    },
    "medium": {
        "precision": 0.72,
        "recall": 0.6923076923076923,
        "f1-score": 0.7058823529411765,
        "support": 26.0
    },
    "normal": {
        "precision": 0.9487179487179487,
        "recall": 0.925,
        "f1-score": 0.9367088607594937,
        "support": 40.0
    },
    "accuracy": 0.811965811965812,
    "macro_avg": {
        "precision": 0.7934549973835687,
        "recall": 0.7131932021466905,
        "f1-score": 0.7367347599469067,
        "support": 117.0
    },
    "weighted_avg": {
        "precision": 0.8131462025967521,
        "recall": 0.811965811965812,
        "f1-score": 0.806908137851192,
        "support": 117.0
    },
    "micro_avg": {
        "precision": 0.811965811965812,
        "recall": 0.811965811965812,
        "f1-score": 0.811965811965812
    },
    "regression": {
        "mse": 0.39316239316239315,
        "rmse": 0.6270266287506402,
        "mae": 0.2564102564102564,
        "kendall": 0.7451303630071239
    }
}