{
    "high": {
        "precision": 0.6666666666666666,
        "recall": 0.5,
        "f1-score": 0.5714285714285714,
        "support": 8.0
    },
    "low": {
        "precision": 0.7659574468085106,
        "recall": 0.8372093023255814,
        "f1-score": 0.8,
        "support": 43.0
    },
    "medium": {
        "precision": 0.8636363636363636,
        "recall": 0.7307692307692307,
        "f1-score": 0.7916666666666666,
        "support": 26.0
    },
    "normal": {
        "precision": 0.8333333333333334,
        "recall": 0.875,
        "f1-score": 0.8536585365853658,
        "support": 40.0
    },
    "accuracy": 0.8034188034188035,
    "macro_avg": {
        "precision": 0.7823984526112187,
        "recall": 0.7357446332737031,
        "f1-score": 0.7541884436701509,
        "support": 117.0
    },
    "weighted_avg": {
        "precision": 0.8039092507177614,
        "recall": 0.8034188034188035,
        "f1-score": 0.8008641313519363,
        "support": 117.0
    },
    "micro_avg": {
        "precision": 0.8034188034188035,
        "recall": 0.8034188034188035,
        "f1-score": 0.8034188034188035
    },
    "regression": {
        "mse": 0.37606837606837606,
        "rmse": 0.6132441406718666,
        "mae": 0.2564102564102564,
        "kendall": 0.7472104667396425
    }
}