{
    "high": {
        "precision": 0.0,
        "recall": 0.0,
        "f1-score": 0.0,
        "support": 8.0
    },
    "low": {
        "precision": 0.65,
        "recall": 0.9069767441860465,
        "f1-score": 0.7572815533980582,
        "support": 43.0
    },
    "medium": {
        "precision": 0.6190476190476191,
        "recall": 0.5,
        "f1-score": 0.5531914893617021,
        "support": 26.0
    },
    "normal": {
        "precision": 0.8611111111111112,
        "recall": 0.775,
        "f1-score": 0.8157894736842105,
        "support": 40.0
    },
    "accuracy": 0.7094017094017094,
    "macro_avg": {
        "precision": 0.5325396825396825,
        "recall": 0.5454941860465116,
        "f1-score": 0.5315656291109927,
        "support": 117.0
    },
    "weighted_avg": {
        "precision": 0.6708519875186542,
        "recall": 0.7094017094017094,
        "f1-score": 0.6801509783494802,
        "support": 117.0
    },
    "micro_avg": {
        "precision": 0.7094017094017094,
        "recall": 0.7094017094017094,
        "f1-score": 0.7094017094017094
    },
    "regression": {
        "mse": 0.6239316239316239,
        "rmse": 0.7898934256794545,
        "mae": 0.4017094017094017,
        "kendall": 0.5628948615203674
    }
}