{
    "high": {
        "precision": 0.5714285714285714,
        "recall": 0.5,
        "f1-score": 0.5333333333333333,
        "support": 8.0
    },
    "low": {
        "precision": 0.8444444444444444,
        "recall": 0.8837209302325582,
        "f1-score": 0.8636363636363636,
        "support": 43.0
    },
    "medium": {
        "precision": 0.7692307692307693,
        "recall": 0.7692307692307693,
        "f1-score": 0.7692307692307693,
        "support": 26.0
    },
    "normal": {
        "precision": 0.9743589743589743,
        "recall": 0.95,
        "f1-score": 0.9620253164556962,
        "support": 40.0
    },
    "accuracy": 0.8547008547008547,
    "macro_avg": {
        "precision": 0.7898656898656898,
        "recall": 0.7757379248658318,
        "f1-score": 0.7820564456640406,
        "support": 117.0
    },
    "weighted_avg": {
        "precision": 0.8534777662982791,
        "recall": 0.8547008547008547,
        "f1-score": 0.8537097688996423,
        "support": 117.0
    },
    "micro_avg": {
        "precision": 0.8547008547008547,
        "recall": 0.8547008547008547,
        "f1-score": 0.8547008547008547
    },
    "regression": {
        "mse": 0.3504273504273504,
        "rmse": 0.5919690451597536,
        "mae": 0.21367521367521367,
        "kendall": 0.7901543726835415
    }
}