{
    "high": {
        "precision": 0.5714285714285714,
        "recall": 0.5,
        "f1-score": 0.5333333333333333,
        "support": 8.0
    },
    "low": {
        "precision": 0.875,
        "recall": 0.813953488372093,
        "f1-score": 0.8433734939759037,
        "support": 43.0
    },
    "medium": {
        "precision": 0.7142857142857143,
        "recall": 0.7692307692307693,
        "f1-score": 0.7407407407407407,
        "support": 26.0
    },
    "normal": {
        "precision": 0.9285714285714286,
        "recall": 0.975,
        "f1-score": 0.9512195121951219,
        "support": 40.0
    },
    "accuracy": 0.8376068376068376,
    "macro_avg": {
        "precision": 0.7723214285714286,
        "recall": 0.7645460644007156,
        "f1-score": 0.767166770061275,
        "support": 117.0
    },
    "weighted_avg": {
        "precision": 0.8368437118437118,
        "recall": 0.8376068376068376,
        "f1-score": 0.8362373218349971,
        "support": 117.0
    },
    "micro_avg": {
        "precision": 0.8376068376068376,
        "recall": 0.8376068376068376,
        "f1-score": 0.8376068376068376
    },
    "regression": {
        "mse": 0.3418803418803419,
        "rmse": 0.5847053462046862,
        "mae": 0.2222222222222222,
        "kendall": 0.792123069432605
    }
}