{
    "high": {
        "precision": 0.75,
        "recall": 0.375,
        "f1-score": 0.5,
        "support": 8.0
    },
    "low": {
        "precision": 0.8857142857142857,
        "recall": 0.7209302325581395,
        "f1-score": 0.7948717948717948,
        "support": 43.0
    },
    "medium": {
        "precision": 0.6052631578947368,
        "recall": 0.8846153846153846,
        "f1-score": 0.71875,
        "support": 26.0
    },
    "normal": {
        "precision": 0.925,
        "recall": 0.925,
        "f1-score": 0.925,
        "support": 40.0
    },
    "accuracy": 0.8034188034188035,
    "macro_avg": {
        "precision": 0.7914943609022556,
        "recall": 0.726386404293381,
        "f1-score": 0.7346554487179486,
        "support": 117.0
    },
    "weighted_avg": {
        "precision": 0.8275432170169011,
        "recall": 0.8034188034188035,
        "f1-score": 0.8022819417050187,
        "support": 117.0
    },
    "micro_avg": {
        "precision": 0.8034188034188035,
        "recall": 0.8034188034188035,
        "f1-score": 0.8034188034188035
    },
    "regression": {
        "mse": 0.37606837606837606,
        "rmse": 0.6132441406718666,
        "mae": 0.2564102564102564,
        "kendall": 0.7558286204195647
    }
}