{
    "high": {
        "precision": 0.0,
        "recall": 0.0,
        "f1-score": 0.0,
        "support": 8.0
    },
    "low": {
        "precision": 0.8260869565217391,
        "recall": 0.8837209302325582,
        "f1-score": 0.8539325842696629,
        "support": 43.0
    },
    "medium": {
        "precision": 0.0,
        "recall": 0.0,
        "f1-score": 0.0,
        "support": 26.0
    },
    "normal": {
        "precision": 0.5492957746478874,
        "recall": 0.975,
        "f1-score": 0.7027027027027027,
        "support": 40.0
    },
    "accuracy": 0.6581196581196581,
    "macro_avg": {
        "precision": 0.3438456827924066,
        "recall": 0.4646802325581395,
        "f1-score": 0.3891588217430914,
        "support": 117.0
    },
    "weighted_avg": {
        "precision": 0.491398035182481,
        "recall": 0.6581196581196581,
        "f1-score": 0.5540787113820822,
        "support": 117.0
    },
    "micro_avg": {
        "precision": 0.6581196581196581,
        "recall": 0.6581196581196581,
        "f1-score": 0.6581196581196581
    },
    "regression": {
        "mse": 1.3247863247863247,
        "rmse": 1.1509936249981252,
        "mae": 0.6410256410256411,
        "kendall": 0.19752619686136397
    }
}