{
    "high": {
        "precision": 0.42857142857142855,
        "recall": 0.375,
        "f1-score": 0.4,
        "support": 8.0
    },
    "low": {
        "precision": 0.7872340425531915,
        "recall": 0.8604651162790697,
        "f1-score": 0.8222222222222222,
        "support": 43.0
    },
    "medium": {
        "precision": 0.7307692307692307,
        "recall": 0.7307692307692307,
        "f1-score": 0.7307692307692307,
        "support": 26.0
    },
    "normal": {
        "precision": 0.918918918918919,
        "recall": 0.85,
        "f1-score": 0.8831168831168831,
        "support": 40.0
    },
    "accuracy": 0.7948717948717948,
    "macro_avg": {
        "precision": 0.7163734052031924,
        "recall": 0.7040585867620751,
        "f1-score": 0.709027084027084,
        "support": 117.0
    },
    "weighted_avg": {
        "precision": 0.7951828377360293,
        "recall": 0.7948717948717948,
        "f1-score": 0.7938481271814606,
        "support": 117.0
    },
    "micro_avg": {
        "precision": 0.7948717948717948,
        "recall": 0.7948717948717948,
        "f1-score": 0.7948717948717948
    },
    "regression": {
        "mse": 0.5213675213675214,
        "rmse": 0.7220578379655755,
        "mae": 0.29914529914529914,
        "kendall": 0.6932245322485399
    }
}