{
    "high": {
        "precision": 0.5,
        "recall": 0.25,
        "f1-score": 0.3333333333333333,
        "support": 8.0
    },
    "low": {
        "precision": 0.8181818181818182,
        "recall": 0.8372093023255814,
        "f1-score": 0.8275862068965517,
        "support": 43.0
    },
    "medium": {
        "precision": 0.6774193548387096,
        "recall": 0.8076923076923077,
        "f1-score": 0.7368421052631579,
        "support": 26.0
    },
    "normal": {
        "precision": 0.9473684210526315,
        "recall": 0.9,
        "f1-score": 0.9230769230769231,
        "support": 40.0
    },
    "accuracy": 0.811965811965812,
    "macro_avg": {
        "precision": 0.7357423985182898,
        "recall": 0.6987254025044723,
        "f1-score": 0.7052096421424916,
        "support": 117.0
    },
    "weighted_avg": {
        "precision": 0.8093116089720503,
        "recall": 0.811965811965812,
        "f1-score": 0.8062721813943369,
        "support": 117.0
    },
    "micro_avg": {
        "precision": 0.811965811965812,
        "recall": 0.811965811965812,
        "f1-score": 0.811965811965812
    },
    "regression": {
        "mse": 0.4188034188034188,
        "rmse": 0.647150228929434,
        "mae": 0.26495726495726496,
        "kendall": 0.7340988804868404
    }
}