{
    "high": {
        "precision": 1.0,
        "recall": 0.125,
        "f1-score": 0.2222222222222222,
        "support": 8.0
    },
    "low": {
        "precision": 0.7777777777777778,
        "recall": 0.4883720930232558,
        "f1-score": 0.6,
        "support": 43.0
    },
    "medium": {
        "precision": 0.75,
        "recall": 0.5769230769230769,
        "f1-score": 0.6521739130434783,
        "support": 26.0
    },
    "normal": {
        "precision": 0.5507246376811594,
        "recall": 0.95,
        "f1-score": 0.6972477064220184,
        "support": 40.0
    },
    "accuracy": 0.6410256410256411,
    "macro_avg": {
        "precision": 0.7696256038647342,
        "recall": 0.5350737924865832,
        "f1-score": 0.5429109604219298,
        "support": 117.0
    },
    "weighted_avg": {
        "precision": 0.7091746149717164,
        "recall": 0.6410256410256411,
        "f1-score": 0.619010322852897,
        "support": 117.0
    },
    "micro_avg": {
        "precision": 0.6410256410256411,
        "recall": 0.6410256410256411,
        "f1-score": 0.6410256410256411
    },
    "regression": {
        "mse": 0.8632478632478633,
        "rmse": 0.9291113298458173,
        "mae": 0.5042735042735043,
        "kendall": 0.5163220022269692
    }
}