{
    "high": {
        "precision": 0.6666666666666666,
        "recall": 0.5,
        "f1-score": 0.5714285714285714,
        "support": 8.0
    },
    "low": {
        "precision": 0.8918918918918919,
        "recall": 0.7674418604651163,
        "f1-score": 0.825,
        "support": 43.0
    },
    "medium": {
        "precision": 0.6388888888888888,
        "recall": 0.8846153846153846,
        "f1-score": 0.7419354838709677,
        "support": 26.0
    },
    "normal": {
        "precision": 0.9736842105263158,
        "recall": 0.925,
        "f1-score": 0.9487179487179487,
        "support": 40.0
    },
    "accuracy": 0.8290598290598291,
    "macro_avg": {
        "precision": 0.7927829144934408,
        "recall": 0.7692643112701252,
        "f1-score": 0.7717705010043721,
        "support": 117.0
    },
    "weighted_avg": {
        "precision": 0.8482321727935763,
        "recall": 0.8290598290598291,
        "f1-score": 0.8314997359042025,
        "support": 117.0
    },
    "micro_avg": {
        "precision": 0.8290598290598291,
        "recall": 0.8290598290598291,
        "f1-score": 0.8290598290598291
    },
    "regression": {
        "mse": 0.3247863247863248,
        "rmse": 0.5699002761767402,
        "mae": 0.2222222222222222,
        "kendall": 0.79437305071225
    }
}