{
    "high": {
        "precision": 0.0,
        "recall": 0.0,
        "f1-score": 0.0,
        "support": 8.0
    },
    "low": {
        "precision": 0.8333333333333334,
        "recall": 0.813953488372093,
        "f1-score": 0.8235294117647058,
        "support": 43.0
    },
    "medium": {
        "precision": 1.0,
        "recall": 0.038461538461538464,
        "f1-score": 0.07407407407407407,
        "support": 26.0
    },
    "normal": {
        "precision": 0.527027027027027,
        "recall": 0.975,
        "f1-score": 0.6842105263157895,
        "support": 40.0
    },
    "accuracy": 0.6410256410256411,
    "macro_avg": {
        "precision": 0.5900900900900901,
        "recall": 0.4568537567084079,
        "f1-score": 0.39545350303864235,
        "support": 117.0
    },
    "weighted_avg": {
        "precision": 0.7086702086702086,
        "recall": 0.6410256410256411,
        "f1-score": 0.553043689610597,
        "support": 117.0
    },
    "micro_avg": {
        "precision": 0.6410256410256411,
        "recall": 0.6410256410256411,
        "f1-score": 0.6410256410256411
    },
    "regression": {
        "mse": 1.358974358974359,
        "rmse": 1.1657505560686467,
        "mae": 0.6581196581196581,
        "kendall": 0.1942089637171501
    }
}