{
    "high": {
        "precision": 0.0,
        "recall": 0.0,
        "f1-score": 0.0,
        "support": 8.0
    },
    "low": {
        "precision": 0.7647058823529411,
        "recall": 0.9069767441860465,
        "f1-score": 0.8297872340425532,
        "support": 43.0
    },
    "medium": {
        "precision": 0.0,
        "recall": 0.0,
        "f1-score": 0.0,
        "support": 26.0
    },
    "normal": {
        "precision": 0.5538461538461539,
        "recall": 0.9,
        "f1-score": 0.6857142857142857,
        "support": 40.0
    },
    "accuracy": 0.6410256410256411,
    "macro_avg": {
        "precision": 0.32963800904977375,
        "recall": 0.4517441860465116,
        "f1-score": 0.3788753799392097,
        "support": 117.0
    },
    "weighted_avg": {
        "precision": 0.47039486406002246,
        "recall": 0.6410256410256411,
        "f1-score": 0.5393967734393266,
        "support": 117.0
    },
    "micro_avg": {
        "precision": 0.6410256410256411,
        "recall": 0.6410256410256411,
        "f1-score": 0.6410256410256411
    },
    "regression": {
        "mse": 1.2991452991452992,
        "rmse": 1.1398005523534804,
        "mae": 0.6495726495726496,
        "kendall": 0.16447917369537987
    }
}