{
    "high": {
        "precision": 0.5,
        "recall": 0.375,
        "f1-score": 0.42857142857142855,
        "support": 8.0
    },
    "low": {
        "precision": 0.7916666666666666,
        "recall": 0.8837209302325582,
        "f1-score": 0.8351648351648352,
        "support": 43.0
    },
    "medium": {
        "precision": 0.7727272727272727,
        "recall": 0.6538461538461539,
        "f1-score": 0.7083333333333334,
        "support": 26.0
    },
    "normal": {
        "precision": 0.926829268292683,
        "recall": 0.95,
        "f1-score": 0.9382716049382716,
        "support": 40.0
    },
    "accuracy": 0.8205128205128205,
    "macro_avg": {
        "precision": 0.7478058019216556,
        "recall": 0.7156417710196781,
        "f1-score": 0.7275853005019672,
        "support": 117.0
    },
    "weighted_avg": {
        "precision": 0.8137243289682314,
        "recall": 0.8205128205128205,
        "f1-score": 0.8144289761098878,
        "support": 117.0
    },
    "micro_avg": {
        "precision": 0.8205128205128205,
        "recall": 0.8205128205128205,
        "f1-score": 0.8205128205128205
    },
    "regression": {
        "mse": 0.38461538461538464,
        "rmse": 0.6201736729460423,
        "mae": 0.24786324786324787,
        "kendall": 0.7684678694077728
    }
}