{
    "high": {
        "precision": 0.0,
        "recall": 0.0,
        "f1-score": 0.0,
        "support": 8.0
    },
    "low": {
        "precision": 0.7708333333333334,
        "recall": 0.8604651162790697,
        "f1-score": 0.8131868131868132,
        "support": 43.0
    },
    "medium": {
        "precision": 0.6666666666666666,
        "recall": 0.8461538461538461,
        "f1-score": 0.7457627118644068,
        "support": 26.0
    },
    "normal": {
        "precision": 0.9166666666666666,
        "recall": 0.825,
        "f1-score": 0.868421052631579,
        "support": 40.0
    },
    "accuracy": 0.7863247863247863,
    "macro_avg": {
        "precision": 0.5885416666666666,
        "recall": 0.6329047406082289,
        "f1-score": 0.6068426444206998,
        "support": 117.0
    },
    "weighted_avg": {
        "precision": 0.7448361823361824,
        "recall": 0.7863247863247863,
        "f1-score": 0.7614846630835101,
        "support": 117.0
    },
    "micro_avg": {
        "precision": 0.7863247863247863,
        "recall": 0.7863247863247863,
        "f1-score": 0.7863247863247863
    },
    "regression": {
        "mse": 0.36752136752136755,
        "rmse": 0.6062354060275328,
        "mae": 0.26495726495726496,
        "kendall": 0.7455696515169846
    }
}