{
    "high": {
        "precision": 0.5,
        "recall": 0.25,
        "f1-score": 0.3333333333333333,
        "support": 8.0
    },
    "low": {
        "precision": 0.813953488372093,
        "recall": 0.813953488372093,
        "f1-score": 0.813953488372093,
        "support": 43.0
    },
    "medium": {
        "precision": 0.6451612903225806,
        "recall": 0.7692307692307693,
        "f1-score": 0.7017543859649122,
        "support": 26.0
    },
    "normal": {
        "precision": 0.8974358974358975,
        "recall": 0.875,
        "f1-score": 0.8860759493670886,
        "support": 40.0
    },
    "accuracy": 0.7863247863247863,
    "macro_avg": {
        "precision": 0.7141376690326428,
        "recall": 0.6770460644007156,
        "f1-score": 0.6837792892593568,
        "support": 117.0
    },
    "weighted_avg": {
        "precision": 0.7835182003916494,
        "recall": 0.7863247863247863,
        "f1-score": 0.7808146895422045,
        "support": 117.0
    },
    "micro_avg": {
        "precision": 0.7863247863247863,
        "recall": 0.7863247863247863,
        "f1-score": 0.7863247863247863
    },
    "regression": {
        "mse": 0.4444444444444444,
        "rmse": 0.6666666666666666,
        "mae": 0.2905982905982906,
        "kendall": 0.7101406668808197
    }
}