{
    "high": {
        "precision": 0.5,
        "recall": 0.5,
        "f1-score": 0.5,
        "support": 8.0
    },
    "low": {
        "precision": 0.825,
        "recall": 0.7674418604651163,
        "f1-score": 0.7951807228915663,
        "support": 43.0
    },
    "medium": {
        "precision": 0.7037037037037037,
        "recall": 0.7307692307692307,
        "f1-score": 0.7169811320754716,
        "support": 26.0
    },
    "normal": {
        "precision": 0.8809523809523809,
        "recall": 0.925,
        "f1-score": 0.9024390243902439,
        "support": 40.0
    },
    "accuracy": 0.7948717948717948,
    "macro_avg": {
        "precision": 0.7274140211640211,
        "recall": 0.7308027728085869,
        "f1-score": 0.7286502198393204,
        "support": 117.0
    },
    "weighted_avg": {
        "precision": 0.7949520643965089,
        "recall": 0.7948717948717948,
        "f1-score": 0.7942892435376869,
        "support": 117.0
    },
    "micro_avg": {
        "precision": 0.7948717948717948,
        "recall": 0.7948717948717948,
        "f1-score": 0.7948717948717948
    },
    "regression": {
        "mse": 0.38461538461538464,
        "rmse": 0.6201736729460423,
        "mae": 0.26495726495726496,
        "kendall": 0.7595639151874856
    }
}