{
    "high": {
        "precision": 0.6666666666666666,
        "recall": 0.5,
        "f1-score": 0.5714285714285714,
        "support": 8.0
    },
    "low": {
        "precision": 0.8333333333333334,
        "recall": 0.813953488372093,
        "f1-score": 0.8235294117647058,
        "support": 43.0
    },
    "medium": {
        "precision": 0.6666666666666666,
        "recall": 0.7692307692307693,
        "f1-score": 0.7142857142857143,
        "support": 26.0
    },
    "normal": {
        "precision": 0.9487179487179487,
        "recall": 0.925,
        "f1-score": 0.9367088607594937,
        "support": 40.0
    },
    "accuracy": 0.8205128205128205,
    "macro_avg": {
        "precision": 0.7788461538461537,
        "recall": 0.7520460644007156,
        "f1-score": 0.7614881395596214,
        "support": 117.0
    },
    "weighted_avg": {
        "precision": 0.824348016655709,
        "recall": 0.8205128205128205,
        "f1-score": 0.820709198966831,
        "support": 117.0
    },
    "micro_avg": {
        "precision": 0.8205128205128205,
        "recall": 0.8205128205128205,
        "f1-score": 0.8205128205128205
    },
    "regression": {
        "mse": 0.28205128205128205,
        "rmse": 0.5310850045437944,
        "mae": 0.21367521367521367,
        "kendall": 0.8099969350551006
    }
}