{
    "high": {
        "precision": 0.0,
        "recall": 0.0,
        "f1-score": 0.0,
        "support": 8.0
    },
    "low": {
        "precision": 0.8222222222222222,
        "recall": 0.8604651162790697,
        "f1-score": 0.8409090909090909,
        "support": 43.0
    },
    "medium": {
        "precision": 0.0,
        "recall": 0.0,
        "f1-score": 0.0,
        "support": 26.0
    },
    "normal": {
        "precision": 0.5211267605633803,
        "recall": 0.925,
        "f1-score": 0.6666666666666666,
        "support": 40.0
    },
    "accuracy": 0.6324786324786325,
    "macro_avg": {
        "precision": 0.3358372456964006,
        "recall": 0.44636627906976745,
        "f1-score": 0.3768939393939394,
        "support": 117.0
    },
    "weighted_avg": {
        "precision": 0.4803472305819723,
        "recall": 0.6324786324786325,
        "f1-score": 0.5369722869722869,
        "support": 117.0
    },
    "micro_avg": {
        "precision": 0.6324786324786325,
        "recall": 0.6324786324786325,
        "f1-score": 0.6324786324786325
    },
    "regression": {
        "mse": 1.4017094017094016,
        "rmse": 1.1839380903195071,
        "mae": 0.6837606837606838,
        "kendall": 0.11901880993247033
    }
}