{
    "high": {
        "precision": 0.6666666666666666,
        "recall": 0.25,
        "f1-score": 0.36363636363636365,
        "support": 8.0
    },
    "low": {
        "precision": 0.8260869565217391,
        "recall": 0.8837209302325582,
        "f1-score": 0.8539325842696629,
        "support": 43.0
    },
    "medium": {
        "precision": 0.5,
        "recall": 0.07692307692307693,
        "f1-score": 0.13333333333333333,
        "support": 26.0
    },
    "normal": {
        "precision": 0.609375,
        "recall": 0.975,
        "f1-score": 0.75,
        "support": 40.0
    },
    "accuracy": 0.6923076923076923,
    "macro_avg": {
        "precision": 0.6505321557971014,
        "recall": 0.5464110017889088,
        "f1-score": 0.52522557030984,
        "support": 117.0
    },
    "weighted_avg": {
        "precision": 0.6686330979809242,
        "recall": 0.6923076923076923,
        "f1-score": 0.6247423820457528,
        "support": 117.0
    },
    "micro_avg": {
        "precision": 0.6923076923076923,
        "recall": 0.6923076923076923,
        "f1-score": 0.6923076923076923
    },
    "regression": {
        "mse": 1.0769230769230769,
        "rmse": 1.0377490433255416,
        "mae": 0.5470085470085471,
        "kendall": 0.3387245186237752
    }
}