{
    "high": {
        "precision": 0.6666666666666666,
        "recall": 0.5,
        "f1-score": 0.5714285714285714,
        "support": 8.0
    },
    "low": {
        "precision": 0.851063829787234,
        "recall": 0.9302325581395349,
        "f1-score": 0.8888888888888888,
        "support": 43.0
    },
    "medium": {
        "precision": 0.72,
        "recall": 0.6923076923076923,
        "f1-score": 0.7058823529411765,
        "support": 26.0
    },
    "normal": {
        "precision": 0.9743589743589743,
        "recall": 0.95,
        "f1-score": 0.9620253164556962,
        "support": 40.0
    },
    "accuracy": 0.8547008547008547,
    "macro_avg": {
        "precision": 0.8030223677032188,
        "recall": 0.7681350626118069,
        "f1-score": 0.7820562824285833,
        "support": 117.0
    },
    "weighted_avg": {
        "precision": 0.8514823674234476,
        "recall": 0.8547008547008547,
        "f1-score": 0.8515179882764891,
        "support": 117.0
    },
    "micro_avg": {
        "precision": 0.8547008547008547,
        "recall": 0.8547008547008547,
        "f1-score": 0.8547008547008547
    },
    "regression": {
        "mse": 0.27350427350427353,
        "rmse": 0.5229763603684908,
        "mae": 0.18803418803418803,
        "kendall": 0.8222626050951697
    }
}