{
    "high": {
        "precision": 0.5714285714285714,
        "recall": 0.5,
        "f1-score": 0.5333333333333333,
        "support": 8.0
    },
    "low": {
        "precision": 0.7777777777777778,
        "recall": 0.813953488372093,
        "f1-score": 0.7954545454545454,
        "support": 43.0
    },
    "medium": {
        "precision": 0.6551724137931034,
        "recall": 0.7307692307692307,
        "f1-score": 0.6909090909090909,
        "support": 26.0
    },
    "normal": {
        "precision": 0.9444444444444444,
        "recall": 0.85,
        "f1-score": 0.8947368421052632,
        "support": 40.0
    },
    "accuracy": 0.7863247863247863,
    "macro_avg": {
        "precision": 0.7372058018609744,
        "recall": 0.723680679785331,
        "f1-score": 0.7286084529505582,
        "support": 117.0
    },
    "weighted_avg": {
        "precision": 0.7934028508741152,
        "recall": 0.7863247863247863,
        "f1-score": 0.7882420698210172,
        "support": 117.0
    },
    "micro_avg": {
        "precision": 0.7863247863247863,
        "recall": 0.7863247863247863,
        "f1-score": 0.7863247863247863
    },
    "regression": {
        "mse": 0.5042735042735043,
        "rmse": 0.7101221755962168,
        "mae": 0.29914529914529914,
        "kendall": 0.6911164934581601
    }
}