{
    "high": {
        "precision": 0.5,
        "recall": 0.375,
        "f1-score": 0.42857142857142855,
        "support": 8.0
    },
    "low": {
        "precision": 0.8571428571428571,
        "recall": 0.8372093023255814,
        "f1-score": 0.8470588235294118,
        "support": 43.0
    },
    "medium": {
        "precision": 0.7857142857142857,
        "recall": 0.8461538461538461,
        "f1-score": 0.8148148148148148,
        "support": 26.0
    },
    "normal": {
        "precision": 0.9512195121951219,
        "recall": 0.975,
        "f1-score": 0.9629629629629629,
        "support": 40.0
    },
    "accuracy": 0.8547008547008547,
    "macro_avg": {
        "precision": 0.7735191637630662,
        "recall": 0.758340787119857,
        "f1-score": 0.7633520074696545,
        "support": 117.0
    },
    "weighted_avg": {
        "precision": 0.849012775842044,
        "recall": 0.8547008547008547,
        "f1-score": 0.8509043123422207,
        "support": 117.0
    },
    "micro_avg": {
        "precision": 0.8547008547008547,
        "recall": 0.8547008547008547,
        "f1-score": 0.8547008547008547
    },
    "regression": {
        "mse": 0.3504273504273504,
        "rmse": 0.5919690451597536,
        "mae": 0.21367521367521367,
        "kendall": 0.797512244197139
    }
}