{
    "high": {
        "precision": 0.0,
        "recall": 0.0,
        "f1-score": 0.0,
        "support": 8.0
    },
    "low": {
        "precision": 0.8409090909090909,
        "recall": 0.8604651162790697,
        "f1-score": 0.8505747126436781,
        "support": 43.0
    },
    "medium": {
        "precision": 0.0,
        "recall": 0.0,
        "f1-score": 0.0,
        "support": 26.0
    },
    "normal": {
        "precision": 0.5342465753424658,
        "recall": 0.975,
        "f1-score": 0.6902654867256637,
        "support": 40.0
    },
    "accuracy": 0.6495726495726496,
    "macro_avg": {
        "precision": 0.3437889165628892,
        "recall": 0.4588662790697674,
        "f1-score": 0.3852100498423354,
        "support": 117.0
    },
    "weighted_avg": {
        "precision": 0.4917004608785431,
        "recall": 0.6495726495726496,
        "f1-score": 0.5485925821598694,
        "support": 117.0
    },
    "micro_avg": {
        "precision": 0.6495726495726496,
        "recall": 0.6495726495726496,
        "f1-score": 0.6495726495726496
    },
    "regression": {
        "mse": 1.3418803418803418,
        "rmse": 1.1583955895463094,
        "mae": 0.6581196581196581,
        "kendall": 0.18714697162567429
    }
}