{
    "high": {
        "precision": 0.0,
        "recall": 0.0,
        "f1-score": 0.0,
        "support": 8.0
    },
    "low": {
        "precision": 0.7037037037037037,
        "recall": 0.8837209302325582,
        "f1-score": 0.7835051546391752,
        "support": 43.0
    },
    "medium": {
        "precision": 0.3333333333333333,
        "recall": 0.038461538461538464,
        "f1-score": 0.06896551724137931,
        "support": 26.0
    },
    "normal": {
        "precision": 0.6166666666666667,
        "recall": 0.925,
        "f1-score": 0.74,
        "support": 40.0
    },
    "accuracy": 0.6495726495726496,
    "macro_avg": {
        "precision": 0.4134259259259259,
        "recall": 0.46179561717352413,
        "f1-score": 0.39811766797013864,
        "support": 117.0
    },
    "weighted_avg": {
        "precision": 0.5435264324153213,
        "recall": 0.6495726495726496,
        "f1-score": 0.5562720093825676,
        "support": 117.0
    },
    "micro_avg": {
        "precision": 0.6495726495726496,
        "recall": 0.6495726495726496,
        "f1-score": 0.6495726495726496
    },
    "regression": {
        "mse": 1.1196581196581197,
        "rmse": 1.0581389888186332,
        "mae": 0.5897435897435898,
        "kendall": 0.3018281597735151
    }
}