{
    "high": {
        "precision": 0.0,
        "recall": 0.0,
        "f1-score": 0.0,
        "support": 8.0
    },
    "low": {
        "precision": 0.7735849056603774,
        "recall": 0.9534883720930233,
        "f1-score": 0.8541666666666666,
        "support": 43.0
    },
    "medium": {
        "precision": 0.0,
        "recall": 0.0,
        "f1-score": 0.0,
        "support": 26.0
    },
    "normal": {
        "precision": 0.578125,
        "recall": 0.925,
        "f1-score": 0.7115384615384616,
        "support": 40.0
    },
    "accuracy": 0.6666666666666666,
    "macro_avg": {
        "precision": 0.33792747641509435,
        "recall": 0.46962209302325586,
        "f1-score": 0.39142628205128205,
        "support": 117.0
    },
    "weighted_avg": {
        "precision": 0.48195855507176266,
        "recall": 0.6666666666666666,
        "f1-score": 0.5571855139162831,
        "support": 117.0
    },
    "micro_avg": {
        "precision": 0.6666666666666666,
        "recall": 0.6666666666666666,
        "f1-score": 0.6666666666666666
    },
    "regression": {
        "mse": 1.264957264957265,
        "rmse": 1.1247031897159645,
        "mae": 0.6153846153846154,
        "kendall": 0.1973106171560529
    }
}