{
    "high": {
        "precision": 0.0,
        "recall": 0.0,
        "f1-score": 0.0,
        "support": 8.0
    },
    "low": {
        "precision": 0.76,
        "recall": 0.8837209302325582,
        "f1-score": 0.8172043010752689,
        "support": 43.0
    },
    "medium": {
        "precision": 1.0,
        "recall": 0.038461538461538464,
        "f1-score": 0.07407407407407407,
        "support": 26.0
    },
    "normal": {
        "precision": 0.5909090909090909,
        "recall": 0.975,
        "f1-score": 0.7358490566037735,
        "support": 40.0
    },
    "accuracy": 0.6666666666666666,
    "macro_avg": {
        "precision": 0.5877272727272728,
        "recall": 0.47429561717352414,
        "f1-score": 0.40678185793827915,
        "support": 117.0
    },
    "weighted_avg": {
        "precision": 0.7035586635586635,
        "recall": 0.6666666666666666,
        "f1-score": 0.5683732746693455,
        "support": 117.0
    },
    "micro_avg": {
        "precision": 0.6666666666666666,
        "recall": 0.6666666666666666,
        "f1-score": 0.6666666666666666
    },
    "regression": {
        "mse": 1.1538461538461537,
        "rmse": 1.0741723110591492,
        "mae": 0.5897435897435898,
        "kendall": 0.31155734194582874
    }
}