{
    "high": {
        "precision": 0.0,
        "recall": 0.0,
        "f1-score": 0.0,
        "support": 8.0
    },
    "low": {
        "precision": 0.75,
        "recall": 0.9069767441860465,
        "f1-score": 0.8210526315789474,
        "support": 43.0
    },
    "medium": {
        "precision": 0.6774193548387096,
        "recall": 0.8076923076923077,
        "f1-score": 0.7368421052631579,
        "support": 26.0
    },
    "normal": {
        "precision": 0.9705882352941176,
        "recall": 0.825,
        "f1-score": 0.8918918918918919,
        "support": 40.0
    },
    "accuracy": 0.7948717948717948,
    "macro_avg": {
        "precision": 0.5995018975332068,
        "recall": 0.6349172629695885,
        "f1-score": 0.6124466571834992,
        "support": 117.0
    },
    "weighted_avg": {
        "precision": 0.7580036977570185,
        "recall": 0.7948717948717948,
        "f1-score": 0.7704173809436967,
        "support": 117.0
    },
    "micro_avg": {
        "precision": 0.7948717948717948,
        "recall": 0.7948717948717948,
        "f1-score": 0.7948717948717948
    },
    "regression": {
        "mse": 0.3333333333333333,
        "rmse": 0.5773502691896257,
        "mae": 0.24786324786324787,
        "kendall": 0.7709268637383415
    }
}