{
    "high": {
        "precision": 0.0,
        "recall": 0.0,
        "f1-score": 0.0,
        "support": 8.0
    },
    "low": {
        "precision": 0.5,
        "recall": 0.7441860465116279,
        "f1-score": 0.5981308411214953,
        "support": 43.0
    },
    "medium": {
        "precision": 0.45652173913043476,
        "recall": 0.8076923076923077,
        "f1-score": 0.5833333333333334,
        "support": 26.0
    },
    "normal": {
        "precision": 1.0,
        "recall": 0.175,
        "f1-score": 0.2978723404255319,
        "support": 40.0
    },
    "accuracy": 0.5128205128205128,
    "macro_avg": {
        "precision": 0.4891304347826087,
        "recall": 0.4317195885509839,
        "f1-score": 0.36983412872009014,
        "support": 117.0
    },
    "weighted_avg": {
        "precision": 0.6270903010033445,
        "recall": 0.5128205128205128,
        "f1-score": 0.45129219189668585,
        "support": 117.0
    },
    "micro_avg": {
        "precision": 0.5128205128205128,
        "recall": 0.5128205128205128,
        "f1-score": 0.5128205128205128
    },
    "regression": {
        "mse": 0.6410256410256411,
        "rmse": 0.8006407690254357,
        "mae": 0.5384615384615384,
        "kendall": 0.5499766171375019
    }
}