{
    "high": {
        "precision": 0.6,
        "recall": 0.75,
        "f1-score": 0.6666666666666666,
        "support": 8.0
    },
    "low": {
        "precision": 0.9099099099099099,
        "recall": 0.9351851851851852,
        "f1-score": 0.9223744292237442,
        "support": 108.0
    },
    "medium": {
        "precision": 0.9803921568627451,
        "recall": 0.9493670886075949,
        "f1-score": 0.9646302250803859,
        "support": 158.0
    },
    "normal": {
        "precision": 0.9827586206896551,
        "recall": 0.9827586206896551,
        "f1-score": 0.9827586206896551,
        "support": 174.0
    },
    "accuracy": 0.9553571428571429,
    "macro_avg": {
        "precision": 0.8682651718655776,
        "recall": 0.9043277236206088,
        "f1-score": 0.884107485415113,
        "support": 448.0
    },
    "weighted_avg": {
        "precision": 0.957527301461125,
        "recall": 0.9553571428571429,
        "f1-score": 0.9561637215450863,
        "support": 448.0
    },
    "micro_avg": {
        "precision": 0.9553571428571429,
        "recall": 0.9553571428571429,
        "f1-score": 0.9553571428571429
    },
    "regression": {
        "mse": 0.078125,
        "rmse": 0.2795084971874737,
        "mae": 0.05580357142857143,
        "kendall": 0.9439925876291231
    }
}