{
    "high": {
        "precision": 0.5714285714285714,
        "recall": 0.5,
        "f1-score": 0.5333333333333333,
        "support": 8.0
    },
    "low": {
        "precision": 0.7916666666666666,
        "recall": 0.8837209302325582,
        "f1-score": 0.8351648351648352,
        "support": 43.0
    },
    "medium": {
        "precision": 0.76,
        "recall": 0.7307692307692307,
        "f1-score": 0.7450980392156863,
        "support": 26.0
    },
    "normal": {
        "precision": 0.972972972972973,
        "recall": 0.9,
        "f1-score": 0.935064935064935,
        "support": 40.0
    },
    "accuracy": 0.8290598290598291,
    "macro_avg": {
        "precision": 0.7740170527670527,
        "recall": 0.7536225402504472,
        "f1-score": 0.7621652856946974,
        "support": 117.0
    },
    "weighted_avg": {
        "precision": 0.8315556765556765,
        "recall": 0.8290598290598291,
        "f1-score": 0.8286658205210242,
        "support": 117.0
    },
    "micro_avg": {
        "precision": 0.8290598290598291,
        "recall": 0.8290598290598291,
        "f1-score": 0.8290598290598291
    },
    "regression": {
        "mse": 0.39316239316239315,
        "rmse": 0.6270266287506402,
        "mae": 0.23931623931623933,
        "kendall": 0.7636400534440384
    }
}