{
    "high": {
        "precision": 0.0,
        "recall": 0.0,
        "f1-score": 0.0,
        "support": 8.0
    },
    "low": {
        "precision": 0.6086956521739131,
        "recall": 0.6511627906976745,
        "f1-score": 0.6292134831460674,
        "support": 43.0
    },
    "medium": {
        "precision": 0.4117647058823529,
        "recall": 0.5384615384615384,
        "f1-score": 0.4666666666666667,
        "support": 26.0
    },
    "normal": {
        "precision": 0.2692307692307692,
        "recall": 0.175,
        "f1-score": 0.21212121212121213,
        "support": 40.0
    },
    "accuracy": 0.4188034188034188,
    "macro_avg": {
        "precision": 0.32242278182175876,
        "recall": 0.34115608228980326,
        "f1-score": 0.32700034048348653,
        "support": 117.0
    },
    "weighted_avg": {
        "precision": 0.4072566338944462,
        "recall": 0.4188034188034188,
        "f1-score": 0.4074731760125019,
        "support": 117.0
    },
    "micro_avg": {
        "precision": 0.4188034188034188,
        "recall": 0.4188034188034188,
        "f1-score": 0.4188034188034188
    },
    "regression": {
        "mse": 2.017094017094017,
        "rmse": 1.4202443511924336,
        "mae": 0.9914529914529915,
        "kendall": -0.14519114409141345
    }
}