{
    "high": {
        "precision": 0.4,
        "recall": 0.25,
        "f1-score": 0.3076923076923077,
        "support": 8.0
    },
    "low": {
        "precision": 0.9393939393939394,
        "recall": 0.7209302325581395,
        "f1-score": 0.8157894736842105,
        "support": 43.0
    },
    "medium": {
        "precision": 0.6052631578947368,
        "recall": 0.8846153846153846,
        "f1-score": 0.71875,
        "support": 26.0
    },
    "normal": {
        "precision": 0.9512195121951219,
        "recall": 0.975,
        "f1-score": 0.9629629629629629,
        "support": 40.0
    },
    "accuracy": 0.811965811965812,
    "macro_avg": {
        "precision": 0.7239691523709495,
        "recall": 0.707636404293381,
        "f1-score": 0.7012986860848702,
        "support": 117.0
    },
    "weighted_avg": {
        "precision": 0.8323039486069012,
        "recall": 0.811965811965812,
        "f1-score": 0.8097991824656242,
        "support": 117.0
    },
    "micro_avg": {
        "precision": 0.811965811965812,
        "recall": 0.811965811965812,
        "f1-score": 0.811965811965812
    },
    "regression": {
        "mse": 0.3162393162393162,
        "rmse": 0.5623515948579823,
        "mae": 0.23076923076923078,
        "kendall": 0.8080239208350232
    }
}