{
    "high": {
        "precision": 0.0,
        "recall": 0.0,
        "f1-score": 0.0,
        "support": 8.0
    },
    "low": {
        "precision": 0.6,
        "recall": 0.9069767441860465,
        "f1-score": 0.7222222222222222,
        "support": 43.0
    },
    "medium": {
        "precision": 0.0,
        "recall": 0.0,
        "f1-score": 0.0,
        "support": 26.0
    },
    "normal": {
        "precision": 0.7115384615384616,
        "recall": 0.925,
        "f1-score": 0.8043478260869565,
        "support": 40.0
    },
    "accuracy": 0.6495726495726496,
    "macro_avg": {
        "precision": 0.3278846153846154,
        "recall": 0.45799418604651165,
        "f1-score": 0.3816425120772947,
        "support": 117.0
    },
    "weighted_avg": {
        "precision": 0.46377383300460223,
        "recall": 0.6495726495726496,
        "f1-score": 0.5404228085387506,
        "support": 117.0
    },
    "micro_avg": {
        "precision": 0.6495726495726496,
        "recall": 0.6495726495726496,
        "f1-score": 0.6495726495726496
    },
    "regression": {
        "mse": 0.8717948717948718,
        "rmse": 0.9336995618478525,
        "mae": 0.5128205128205128,
        "kendall": 0.48217197788405103
    }
}