{
    "high": {
        "precision": 0.8,
        "recall": 0.5,
        "f1-score": 0.6153846153846154,
        "support": 8.0
    },
    "low": {
        "precision": 0.918918918918919,
        "recall": 0.9444444444444444,
        "f1-score": 0.9315068493150684,
        "support": 108.0
    },
    "medium": {
        "precision": 0.9444444444444444,
        "recall": 0.9683544303797469,
        "f1-score": 0.95625,
        "support": 158.0
    },
    "normal": {
        "precision": 0.9941176470588236,
        "recall": 0.9712643678160919,
        "f1-score": 0.9825581395348837,
        "support": 174.0
    },
    "accuracy": 0.9553571428571429,
    "macro_avg": {
        "precision": 0.9143702526055468,
        "recall": 0.8460158106600708,
        "f1-score": 0.8714249010586419,
        "support": 448.0
    },
    "weighted_avg": {
        "precision": 0.9550043215484393,
        "recall": 0.9553571428571429,
        "f1-score": 0.95441614492896,
        "support": 448.0
    },
    "micro_avg": {
        "precision": 0.9553571428571429,
        "recall": 0.9553571428571429,
        "f1-score": 0.9553571428571429
    },
    "regression": {
        "mse": 0.07142857142857142,
        "rmse": 0.2672612419124244,
        "mae": 0.05357142857142857,
        "kendall": 0.9474151845972556
    }
}