{
    "high": {
        "precision": 0.0,
        "recall": 0.0,
        "f1-score": 0.0,
        "support": 8.0
    },
    "low": {
        "precision": 0.8163265306122449,
        "recall": 0.9302325581395349,
        "f1-score": 0.8695652173913043,
        "support": 43.0
    },
    "medium": {
        "precision": 0.0,
        "recall": 0.0,
        "f1-score": 0.0,
        "support": 26.0
    },
    "normal": {
        "precision": 0.5588235294117647,
        "recall": 0.95,
        "f1-score": 0.7037037037037037,
        "support": 40.0
    },
    "accuracy": 0.6666666666666666,
    "macro_avg": {
        "precision": 0.3437875150060024,
        "recall": 0.47005813953488373,
        "f1-score": 0.393317230273752,
        "support": 117.0
    },
    "weighted_avg": {
        "precision": 0.4910682221606591,
        "recall": 0.6666666666666666,
        "f1-score": 0.5601662606493524,
        "support": 117.0
    },
    "micro_avg": {
        "precision": 0.6666666666666666,
        "recall": 0.6666666666666666,
        "f1-score": 0.6666666666666666
    },
    "regression": {
        "mse": 1.2991452991452992,
        "rmse": 1.1398005523534804,
        "mae": 0.6324786324786325,
        "kendall": 0.1877678790282524
    }
}