{
    "high": {
        "precision": 0.5,
        "recall": 0.375,
        "f1-score": 0.42857142857142855,
        "support": 8.0
    },
    "low": {
        "precision": 0.78,
        "recall": 0.9069767441860465,
        "f1-score": 0.8387096774193549,
        "support": 43.0
    },
    "medium": {
        "precision": 0.75,
        "recall": 0.6923076923076923,
        "f1-score": 0.72,
        "support": 26.0
    },
    "normal": {
        "precision": 0.9459459459459459,
        "recall": 0.875,
        "f1-score": 0.9090909090909091,
        "support": 40.0
    },
    "accuracy": 0.811965811965812,
    "macro_avg": {
        "precision": 0.7439864864864866,
        "recall": 0.7123211091234347,
        "f1-score": 0.7240930037704231,
        "support": 117.0
    },
    "weighted_avg": {
        "precision": 0.8109216909216909,
        "recall": 0.811965811965812,
        "f1-score": 0.8083480677029063,
        "support": 117.0
    },
    "micro_avg": {
        "precision": 0.811965811965812,
        "recall": 0.811965811965812,
        "f1-score": 0.811965811965812
    },
    "regression": {
        "mse": 0.4358974358974359,
        "rmse": 0.6602252917735247,
        "mae": 0.26495726495726496,
        "kendall": 0.7332516059309083
    }
}