{
    "high": {
        "precision": 0.4444444444444444,
        "recall": 0.5,
        "f1-score": 0.47058823529411764,
        "support": 8.0
    },
    "low": {
        "precision": 0.9230769230769231,
        "recall": 0.8372093023255814,
        "f1-score": 0.8780487804878049,
        "support": 43.0
    },
    "medium": {
        "precision": 0.7142857142857143,
        "recall": 0.7692307692307693,
        "f1-score": 0.7407407407407407,
        "support": 26.0
    },
    "normal": {
        "precision": 0.926829268292683,
        "recall": 0.95,
        "f1-score": 0.9382716049382716,
        "support": 40.0
    },
    "accuracy": 0.8376068376068376,
    "macro_avg": {
        "precision": 0.7521590875249412,
        "recall": 0.7641100178890876,
        "f1-score": 0.7569123403652336,
        "support": 117.0
    },
    "weighted_avg": {
        "precision": 0.8452347226581123,
        "recall": 0.8376068376068376,
        "f1-score": 0.8402643324796468,
        "support": 117.0
    },
    "micro_avg": {
        "precision": 0.8376068376068376,
        "recall": 0.8376068376068376,
        "f1-score": 0.8376068376068376
    },
    "regression": {
        "mse": 0.3162393162393162,
        "rmse": 0.5623515948579823,
        "mae": 0.21367521367521367,
        "kendall": 0.812483851581106
    }
}