{
    "high": {
        "precision": 1.0,
        "recall": 0.125,
        "f1-score": 0.2222222222222222,
        "support": 8.0
    },
    "low": {
        "precision": 0.8333333333333334,
        "recall": 0.813953488372093,
        "f1-score": 0.8235294117647058,
        "support": 43.0
    },
    "medium": {
        "precision": 0.6764705882352942,
        "recall": 0.8846153846153846,
        "f1-score": 0.7666666666666667,
        "support": 26.0
    },
    "normal": {
        "precision": 0.9,
        "recall": 0.9,
        "f1-score": 0.9,
        "support": 40.0
    },
    "accuracy": 0.811965811965812,
    "macro_avg": {
        "precision": 0.8524509803921568,
        "recall": 0.6808922182468694,
        "f1-score": 0.6781045751633986,
        "support": 117.0
    },
    "weighted_avg": {
        "precision": 0.8326629797218033,
        "recall": 0.811965811965812,
        "f1-score": 0.7959220155298586,
        "support": 117.0
    },
    "micro_avg": {
        "precision": 0.811965811965812,
        "recall": 0.811965811965812,
        "f1-score": 0.811965811965812
    }
}