{
    "high": {
        "precision": 0.5,
        "recall": 0.125,
        "f1-score": 0.2,
        "support": 8.0
    },
    "low": {
        "precision": 0.7735849056603774,
        "recall": 0.9534883720930233,
        "f1-score": 0.8541666666666666,
        "support": 43.0
    },
    "medium": {
        "precision": 0.7619047619047619,
        "recall": 0.6153846153846154,
        "f1-score": 0.6808510638297872,
        "support": 26.0
    },
    "normal": {
        "precision": 0.8780487804878049,
        "recall": 0.9,
        "f1-score": 0.8888888888888888,
        "support": 40.0
    },
    "accuracy": 0.8034188034188035,
    "macro_avg": {
        "precision": 0.728384612013236,
        "recall": 0.6484682468694096,
        "f1-score": 0.6559766548463357,
        "support": 117.0
    },
    "weighted_avg": {
        "precision": 0.7879968031831815,
        "recall": 0.8034188034188035,
        "f1-score": 0.7827935887333051,
        "support": 117.0
    },
    "micro_avg": {
        "precision": 0.8034188034188035,
        "recall": 0.8034188034188035,
        "f1-score": 0.8034188034188035
    },
    "regression": {
        "mse": 0.49572649572649574,
        "rmse": 0.7040784727049221,
        "mae": 0.2905982905982906,
        "kendall": 0.6912754453902006
    }
}