{
    "high": {
        "precision": 0.0,
        "recall": 0.0,
        "f1-score": 0.0,
        "support": 8.0
    },
    "low": {
        "precision": 0.8043478260869565,
        "recall": 0.8604651162790697,
        "f1-score": 0.8314606741573034,
        "support": 43.0
    },
    "medium": {
        "precision": 0.0,
        "recall": 0.0,
        "f1-score": 0.0,
        "support": 26.0
    },
    "normal": {
        "precision": 0.5211267605633803,
        "recall": 0.925,
        "f1-score": 0.6666666666666666,
        "support": 40.0
    },
    "accuracy": 0.6324786324786325,
    "macro_avg": {
        "precision": 0.3313686466625842,
        "recall": 0.44636627906976745,
        "f1-score": 0.37453183520599254,
        "support": 117.0
    },
    "weighted_avg": {
        "precision": 0.47377800807072085,
        "recall": 0.6324786324786325,
        "f1-score": 0.5334997919267582,
        "support": 117.0
    },
    "micro_avg": {
        "precision": 0.6324786324786325,
        "recall": 0.6324786324786325,
        "f1-score": 0.6324786324786325
    },
    "regression": {
        "mse": 1.376068376068376,
        "rmse": 1.1730594085843973,
        "mae": 0.6752136752136753,
        "kendall": 0.13786211426185171
    }
}