{
    "high": {
        "precision": 0.6666666666666666,
        "recall": 0.5,
        "f1-score": 0.5714285714285714,
        "support": 8.0
    },
    "low": {
        "precision": 0.8095238095238095,
        "recall": 0.7906976744186046,
        "f1-score": 0.8,
        "support": 43.0
    },
    "medium": {
        "precision": 0.6333333333333333,
        "recall": 0.7307692307692307,
        "f1-score": 0.6785714285714286,
        "support": 26.0
    },
    "normal": {
        "precision": 0.9487179487179487,
        "recall": 0.925,
        "f1-score": 0.9367088607594937,
        "support": 40.0
    },
    "accuracy": 0.8034188034188035,
    "macro_avg": {
        "precision": 0.7645604395604395,
        "recall": 0.736616726296959,
        "f1-score": 0.7466772151898734,
        "support": 117.0
    },
    "weighted_avg": {
        "precision": 0.8081901004977928,
        "recall": 0.8034188034188035,
        "f1-score": 0.8041251294415851,
        "support": 117.0
    },
    "micro_avg": {
        "precision": 0.8034188034188035,
        "recall": 0.8034188034188035,
        "f1-score": 0.8034188034188035
    },
    "regression": {
        "mse": 0.4017094017094017,
        "rmse": 0.633805492015809,
        "mae": 0.26495726495726496,
        "kendall": 0.739140655393941
    }
}