{
    "high": {
        "precision": 0.8,
        "recall": 0.5,
        "f1-score": 0.6153846153846154,
        "support": 8.0
    },
    "low": {
        "precision": 0.8333333333333334,
        "recall": 0.813953488372093,
        "f1-score": 0.8235294117647058,
        "support": 43.0
    },
    "medium": {
        "precision": 0.7142857142857143,
        "recall": 0.7692307692307693,
        "f1-score": 0.7407407407407407,
        "support": 26.0
    },
    "normal": {
        "precision": 0.9285714285714286,
        "recall": 0.975,
        "f1-score": 0.9512195121951219,
        "support": 40.0
    },
    "accuracy": 0.8376068376068376,
    "macro_avg": {
        "precision": 0.819047619047619,
        "recall": 0.7645460644007156,
        "f1-score": 0.782718570021296,
        "support": 117.0
    },
    "weighted_avg": {
        "precision": 0.8371591371591371,
        "recall": 0.8376068376068376,
        "f1-score": 0.8345545416754138,
        "support": 117.0
    },
    "micro_avg": {
        "precision": 0.8376068376068376,
        "recall": 0.8376068376068376,
        "f1-score": 0.8376068376068376
    },
    "regression": {
        "mse": 0.23931623931623933,
        "rmse": 0.48919959047022854,
        "mae": 0.18803418803418803,
        "kendall": 0.8377088198256843
    }
}