{
    "high": {
        "precision": 0.5,
        "recall": 0.25,
        "f1-score": 0.3333333333333333,
        "support": 8.0
    },
    "low": {
        "precision": 0.813953488372093,
        "recall": 0.813953488372093,
        "f1-score": 0.813953488372093,
        "support": 43.0
    },
    "medium": {
        "precision": 0.5806451612903226,
        "recall": 0.6923076923076923,
        "f1-score": 0.631578947368421,
        "support": 26.0
    },
    "normal": {
        "precision": 0.8974358974358975,
        "recall": 0.875,
        "f1-score": 0.8860759493670886,
        "support": 40.0
    },
    "accuracy": 0.7692307692307693,
    "macro_avg": {
        "precision": 0.6980086367745783,
        "recall": 0.6578152951699463,
        "f1-score": 0.666235429610234,
        "support": 117.0
    },
    "weighted_avg": {
        "precision": 0.7691812828289255,
        "recall": 0.7692307692307693,
        "f1-score": 0.7652201476318731,
        "support": 117.0
    },
    "micro_avg": {
        "precision": 0.7692307692307693,
        "recall": 0.7692307692307693,
        "f1-score": 0.7692307692307693
    },
    "regression": {
        "mse": 0.41025641025641024,
        "rmse": 0.6405126152203485,
        "mae": 0.2905982905982906,
        "kendall": 0.7209679236852805
    }
}