{
    "high": {
        "precision": 0.5,
        "recall": 0.375,
        "f1-score": 0.42857142857142855,
        "support": 8.0
    },
    "low": {
        "precision": 0.7551020408163265,
        "recall": 0.8604651162790697,
        "f1-score": 0.8043478260869565,
        "support": 43.0
    },
    "medium": {
        "precision": 0.7037037037037037,
        "recall": 0.7307692307692307,
        "f1-score": 0.7169811320754716,
        "support": 26.0
    },
    "normal": {
        "precision": 0.9428571428571428,
        "recall": 0.825,
        "f1-score": 0.88,
        "support": 40.0
    },
    "accuracy": 0.7863247863247863,
    "macro_avg": {
        "precision": 0.7254157218442933,
        "recall": 0.6978085867620751,
        "f1-score": 0.7074750966834642,
        "support": 117.0
    },
    "weighted_avg": {
        "precision": 0.7904270920143935,
        "recall": 0.7863247863247863,
        "f1-score": 0.7851028836262635,
        "support": 117.0
    },
    "micro_avg": {
        "precision": 0.7863247863247863,
        "recall": 0.7863247863247863,
        "f1-score": 0.7863247863247863
    },
    "regression": {
        "mse": 0.39316239316239315,
        "rmse": 0.6270266287506402,
        "mae": 0.27350427350427353,
        "kendall": 0.7394830622944395
    }
}