{
    "high": {
        "precision": 0.0,
        "recall": 0.0,
        "f1-score": 0.0,
        "support": 8.0
    },
    "low": {
        "precision": 0.5846153846153846,
        "recall": 0.8837209302325582,
        "f1-score": 0.7037037037037037,
        "support": 43.0
    },
    "medium": {
        "precision": 0.0,
        "recall": 0.0,
        "f1-score": 0.0,
        "support": 26.0
    },
    "normal": {
        "precision": 0.75,
        "recall": 0.975,
        "f1-score": 0.8478260869565217,
        "support": 40.0
    },
    "accuracy": 0.6581196581196581,
    "macro_avg": {
        "precision": 0.3336538461538462,
        "recall": 0.4646802325581395,
        "f1-score": 0.38788244766505636,
        "support": 117.0
    },
    "weighted_avg": {
        "precision": 0.4712689020381328,
        "recall": 0.6581196581196581,
        "f1-score": 0.5484812199788045,
        "support": 117.0
    },
    "micro_avg": {
        "precision": 0.6581196581196581,
        "recall": 0.6581196581196581,
        "f1-score": 0.6581196581196581
    },
    "regression": {
        "mse": 0.7863247863247863,
        "rmse": 0.886749562348235,
        "mae": 0.47863247863247865,
        "kendall": 0.5752621164713962
    }
}