{
    "high": {
        "precision": 0.0,
        "recall": 0.0,
        "f1-score": 0.0,
        "support": 8.0
    },
    "low": {
        "precision": 0.8444444444444444,
        "recall": 0.8837209302325582,
        "f1-score": 0.8636363636363636,
        "support": 43.0
    },
    "medium": {
        "precision": 1.0,
        "recall": 0.038461538461538464,
        "f1-score": 0.07407407407407407,
        "support": 26.0
    },
    "normal": {
        "precision": 0.5492957746478874,
        "recall": 0.975,
        "f1-score": 0.7027027027027027,
        "support": 40.0
    },
    "accuracy": 0.6666666666666666,
    "macro_avg": {
        "precision": 0.598435054773083,
        "recall": 0.47429561717352414,
        "f1-score": 0.4101032851032851,
        "support": 117.0
    },
    "weighted_avg": {
        "precision": 0.7203670264703129,
        "recall": 0.6666666666666666,
        "f1-score": 0.574105962994852,
        "support": 117.0
    },
    "micro_avg": {
        "precision": 0.6666666666666666,
        "recall": 0.6666666666666666,
        "f1-score": 0.6666666666666666
    },
    "regression": {
        "mse": 1.2991452991452992,
        "rmse": 1.1398005523534804,
        "mae": 0.6324786324786325,
        "kendall": 0.2135782457898355
    }
}