{
    "high": {
        "precision": 1.0,
        "recall": 0.375,
        "f1-score": 0.5454545454545454,
        "support": 8.0
    },
    "low": {
        "precision": 0.8571428571428571,
        "recall": 0.8372093023255814,
        "f1-score": 0.8470588235294118,
        "support": 43.0
    },
    "medium": {
        "precision": 0.6774193548387096,
        "recall": 0.8076923076923077,
        "f1-score": 0.7368421052631579,
        "support": 26.0
    },
    "normal": {
        "precision": 0.926829268292683,
        "recall": 0.95,
        "f1-score": 0.9382716049382716,
        "support": 40.0
    },
    "accuracy": 0.8376068376068376,
    "macro_avg": {
        "precision": 0.8653478700685624,
        "recall": 0.7424754025044724,
        "f1-score": 0.7669067697963468,
        "support": 117.0
    },
    "weighted_avg": {
        "precision": 0.8507967249115952,
        "recall": 0.8376068376068376,
        "f1-score": 0.8331275616220003,
        "support": 117.0
    },
    "micro_avg": {
        "precision": 0.8376068376068376,
        "recall": 0.8376068376068376,
        "f1-score": 0.8376068376068376
    },
    "regression": {
        "mse": 0.23931623931623933,
        "rmse": 0.48919959047022854,
        "mae": 0.18803418803418803,
        "kendall": 0.8314227662357531
    }
}