{
    "high": {
        "precision": 0.0,
        "recall": 0.0,
        "f1-score": 0.0,
        "support": 8.0
    },
    "low": {
        "precision": 0.8372093023255814,
        "recall": 0.8372093023255814,
        "f1-score": 0.8372093023255814,
        "support": 43.0
    },
    "medium": {
        "precision": 0.6388888888888888,
        "recall": 0.8846153846153846,
        "f1-score": 0.7419354838709677,
        "support": 26.0
    },
    "normal": {
        "precision": 0.9210526315789473,
        "recall": 0.875,
        "f1-score": 0.8974358974358975,
        "support": 40.0
    },
    "accuracy": 0.8034188034188035,
    "macro_avg": {
        "precision": 0.5992877056983544,
        "recall": 0.6492061717352415,
        "f1-score": 0.6191451709081116,
        "support": 117.0
    },
    "weighted_avg": {
        "precision": 0.7645574049082821,
        "recall": 0.8034188034188035,
        "f1-score": 0.77938255109471,
        "support": 117.0
    },
    "micro_avg": {
        "precision": 0.8034188034188035,
        "recall": 0.8034188034188035,
        "f1-score": 0.8034188034188035
    },
    "regression": {
        "mse": 0.37606837606837606,
        "rmse": 0.6132441406718666,
        "mae": 0.2564102564102564,
        "kendall": 0.7487753178197417
    }
}