{
    "high": {
        "precision": 0.6,
        "recall": 0.375,
        "f1-score": 0.46153846153846156,
        "support": 8.0
    },
    "low": {
        "precision": 0.8918918918918919,
        "recall": 0.7674418604651163,
        "f1-score": 0.825,
        "support": 43.0
    },
    "medium": {
        "precision": 0.7058823529411765,
        "recall": 0.9230769230769231,
        "f1-score": 0.8,
        "support": 26.0
    },
    "normal": {
        "precision": 0.9512195121951219,
        "recall": 0.975,
        "f1-score": 0.9629629629629629,
        "support": 40.0
    },
    "accuracy": 0.8461538461538461,
    "macro_avg": {
        "precision": 0.7872484392570476,
        "recall": 0.7601296958855098,
        "f1-score": 0.7623753561253561,
        "support": 117.0
    },
    "weighted_avg": {
        "precision": 0.8508809659455284,
        "recall": 0.8461538461538461,
        "f1-score": 0.8417591983831301,
        "support": 117.0
    },
    "micro_avg": {
        "precision": 0.8461538461538461,
        "recall": 0.8461538461538461,
        "f1-score": 0.8461538461538461
    },
    "regression": {
        "mse": 0.28205128205128205,
        "rmse": 0.5310850045437944,
        "mae": 0.19658119658119658,
        "kendall": 0.8273044883149231
    }
}