{
    "high": {
        "precision": 0.0,
        "recall": 0.0,
        "f1-score": 0.0,
        "support": 8.0
    },
    "low": {
        "precision": 0.782608695652174,
        "recall": 0.8372093023255814,
        "f1-score": 0.8089887640449438,
        "support": 43.0
    },
    "medium": {
        "precision": 0.0,
        "recall": 0.0,
        "f1-score": 0.0,
        "support": 26.0
    },
    "normal": {
        "precision": 0.5352112676056338,
        "recall": 0.95,
        "f1-score": 0.6846846846846847,
        "support": 40.0
    },
    "accuracy": 0.6324786324786325,
    "macro_avg": {
        "precision": 0.32945499081445195,
        "recall": 0.4468023255813953,
        "f1-score": 0.3734183621824071,
        "support": 117.0
    },
    "weighted_avg": {
        "precision": 0.4706036292074259,
        "recall": 0.6324786324786325,
        "f1-score": 0.5314008909514528,
        "support": 117.0
    },
    "micro_avg": {
        "precision": 0.6324786324786325,
        "recall": 0.6324786324786325,
        "f1-score": 0.6324786324786325
    },
    "regression": {
        "mse": 1.3418803418803418,
        "rmse": 1.1583955895463094,
        "mae": 0.6581196581196581,
        "kendall": 0.1853394906282721
    }
}