{
    "high": {
        "precision": 0.0,
        "recall": 0.0,
        "f1-score": 0.0,
        "support": 8.0
    },
    "low": {
        "precision": 0.7608695652173914,
        "recall": 0.813953488372093,
        "f1-score": 0.7865168539325843,
        "support": 43.0
    },
    "medium": {
        "precision": 0.0,
        "recall": 0.0,
        "f1-score": 0.0,
        "support": 26.0
    },
    "normal": {
        "precision": 0.5352112676056338,
        "recall": 0.95,
        "f1-score": 0.6846846846846847,
        "support": 40.0
    },
    "accuracy": 0.6239316239316239,
    "macro_avg": {
        "precision": 0.3240202082057563,
        "recall": 0.4409883720930232,
        "f1-score": 0.36780038465431725,
        "support": 117.0
    },
    "weighted_avg": {
        "precision": 0.4626140342613092,
        "recall": 0.6239316239316239,
        "f1-score": 0.5231419838161411,
        "support": 117.0
    },
    "micro_avg": {
        "precision": 0.6239316239316239,
        "recall": 0.6239316239316239,
        "f1-score": 0.6239316239316239
    },
    "regression": {
        "mse": 1.2905982905982907,
        "rmse": 1.1360450213782423,
        "mae": 0.6581196581196581,
        "kendall": 0.22012238133522183
    }
}