{
    "high": {
        "precision": 0.75,
        "recall": 0.375,
        "f1-score": 0.5,
        "support": 8.0
    },
    "low": {
        "precision": 0.8372093023255814,
        "recall": 0.8372093023255814,
        "f1-score": 0.8372093023255814,
        "support": 43.0
    },
    "medium": {
        "precision": 0.7142857142857143,
        "recall": 0.7692307692307693,
        "f1-score": 0.7407407407407407,
        "support": 26.0
    },
    "normal": {
        "precision": 0.9285714285714286,
        "recall": 0.975,
        "f1-score": 0.9512195121951219,
        "support": 40.0
    },
    "accuracy": 0.8376068376068376,
    "macro_avg": {
        "precision": 0.8075166112956811,
        "recall": 0.7391100178890877,
        "f1-score": 0.7572923888153611,
        "support": 117.0
    },
    "weighted_avg": {
        "precision": 0.8351648351648352,
        "recall": 0.8376068376068376,
        "f1-score": 0.8316926474108045,
        "support": 117.0
    },
    "micro_avg": {
        "precision": 0.8376068376068376,
        "recall": 0.8376068376068376,
        "f1-score": 0.8376068376068376
    },
    "regression": {
        "mse": 0.2905982905982906,
        "rmse": 0.5390716933750933,
        "mae": 0.20512820512820512,
        "kendall": 0.8127975115795415
    }
}