{
    "high": {
        "precision": 0.5,
        "recall": 0.375,
        "f1-score": 0.42857142857142855,
        "support": 8.0
    },
    "low": {
        "precision": 0.8181818181818182,
        "recall": 0.8372093023255814,
        "f1-score": 0.8275862068965517,
        "support": 43.0
    },
    "medium": {
        "precision": 0.6785714285714286,
        "recall": 0.7307692307692307,
        "f1-score": 0.7037037037037037,
        "support": 26.0
    },
    "normal": {
        "precision": 0.9743589743589743,
        "recall": 0.95,
        "f1-score": 0.9620253164556962,
        "support": 40.0
    },
    "accuracy": 0.8205128205128205,
    "macro_avg": {
        "precision": 0.7427780552780553,
        "recall": 0.723244633273703,
        "f1-score": 0.730471663906845,
        "support": 117.0
    },
    "weighted_avg": {
        "precision": 0.8187951649490112,
        "recall": 0.8205128205128205,
        "f1-score": 0.8187357887149341,
        "support": 117.0
    },
    "micro_avg": {
        "precision": 0.8205128205128205,
        "recall": 0.8205128205128205,
        "f1-score": 0.8205128205128205
    },
    "regression": {
        "mse": 0.3333333333333333,
        "rmse": 0.5773502691896257,
        "mae": 0.23076923076923078,
        "kendall": 0.7937903193586029
    }
}