{
    "high": {
        "precision": 0.5,
        "recall": 0.375,
        "f1-score": 0.42857142857142855,
        "support": 8.0
    },
    "low": {
        "precision": 0.7407407407407407,
        "recall": 0.9302325581395349,
        "f1-score": 0.8247422680412371,
        "support": 43.0
    },
    "medium": {
        "precision": 0.7727272727272727,
        "recall": 0.6538461538461539,
        "f1-score": 0.7083333333333334,
        "support": 26.0
    },
    "normal": {
        "precision": 0.9714285714285714,
        "recall": 0.85,
        "f1-score": 0.9066666666666666,
        "support": 40.0
    },
    "accuracy": 0.8034188034188035,
    "macro_avg": {
        "precision": 0.7462241462241462,
        "recall": 0.7022696779964221,
        "f1-score": 0.7170784241531665,
        "support": 117.0
    },
    "weighted_avg": {
        "precision": 0.8102555880333658,
        "recall": 0.8034188034188035,
        "f1-score": 0.7997933528861363,
        "support": 117.0
    },
    "micro_avg": {
        "precision": 0.8034188034188035,
        "recall": 0.8034188034188035,
        "f1-score": 0.8034188034188035
    },
    "regression": {
        "mse": 0.3504273504273504,
        "rmse": 0.5919690451597536,
        "mae": 0.24786324786324787,
        "kendall": 0.7718394387488097
    }
}