{
    "high": {
        "precision": 0.0,
        "recall": 0.0,
        "f1-score": 0.0,
        "support": 8.0
    },
    "low": {
        "precision": 0.8260869565217391,
        "recall": 0.8837209302325582,
        "f1-score": 0.8539325842696629,
        "support": 43.0
    },
    "medium": {
        "precision": 0.7586206896551724,
        "recall": 0.8461538461538461,
        "f1-score": 0.8,
        "support": 26.0
    },
    "normal": {
        "precision": 0.9285714285714286,
        "recall": 0.975,
        "f1-score": 0.9512195121951219,
        "support": 40.0
    },
    "accuracy": 0.8461538461538461,
    "macro_avg": {
        "precision": 0.628319768687085,
        "recall": 0.6762186940966011,
        "f1-score": 0.6512880241161962,
        "support": 117.0
    },
    "weighted_avg": {
        "precision": 0.7896473008916786,
        "recall": 0.8461538461538461,
        "f1-score": 0.81681950095214,
        "support": 117.0
    },
    "micro_avg": {
        "precision": 0.8461538461538461,
        "recall": 0.8461538461538461,
        "f1-score": 0.8461538461538461
    },
    "regression": {
        "mse": 0.28205128205128205,
        "rmse": 0.5310850045437944,
        "mae": 0.19658119658119658,
        "kendall": 0.8311874777256009
    }
}