{
    "high": {
        "precision": 0.75,
        "recall": 0.375,
        "f1-score": 0.5,
        "support": 8.0
    },
    "low": {
        "precision": 0.75,
        "recall": 0.9069767441860465,
        "f1-score": 0.8210526315789474,
        "support": 43.0
    },
    "medium": {
        "precision": 0.75,
        "recall": 0.6923076923076923,
        "f1-score": 0.72,
        "support": 26.0
    },
    "normal": {
        "precision": 0.918918918918919,
        "recall": 0.85,
        "f1-score": 0.8831168831168831,
        "support": 40.0
    },
    "accuracy": 0.8034188034188035,
    "macro_avg": {
        "precision": 0.7922297297297297,
        "recall": 0.7060711091234346,
        "f1-score": 0.7310423786739575,
        "support": 117.0
    },
    "weighted_avg": {
        "precision": 0.8077500577500578,
        "recall": 0.8034188034188035,
        "f1-score": 0.7978627220732483,
        "support": 117.0
    },
    "micro_avg": {
        "precision": 0.8034188034188035,
        "recall": 0.8034188034188035,
        "f1-score": 0.8034188034188035
    },
    "regression": {
        "mse": 0.4700854700854701,
        "rmse": 0.6856277926728686,
        "mae": 0.28205128205128205,
        "kendall": 0.6948958381157091
    }
}