{
    "high": {
        "precision": 0.75,
        "recall": 0.375,
        "f1-score": 0.5,
        "support": 8.0
    },
    "low": {
        "precision": 0.8085106382978723,
        "recall": 0.8837209302325582,
        "f1-score": 0.8444444444444444,
        "support": 43.0
    },
    "medium": {
        "precision": 0.7,
        "recall": 0.8076923076923077,
        "f1-score": 0.75,
        "support": 26.0
    },
    "normal": {
        "precision": 0.9722222222222222,
        "recall": 0.875,
        "f1-score": 0.9210526315789473,
        "support": 40.0
    },
    "accuracy": 0.8290598290598291,
    "macro_avg": {
        "precision": 0.8076832151300237,
        "recall": 0.7353533094812165,
        "f1-score": 0.753874269005848,
        "support": 117.0
    },
    "weighted_avg": {
        "precision": 0.8363662079974136,
        "recall": 0.8290598290598291,
        "f1-score": 0.8260958664467435,
        "support": 117.0
    },
    "micro_avg": {
        "precision": 0.8290598290598291,
        "recall": 0.8290598290598291,
        "f1-score": 0.8290598290598291
    },
    "regression": {
        "mse": 0.3247863247863248,
        "rmse": 0.5699002761767402,
        "mae": 0.2222222222222222,
        "kendall": 0.7805370459462484
    }
}