{
    "high": {
        "precision": 0.4,
        "recall": 0.25,
        "f1-score": 0.3076923076923077,
        "support": 8.0
    },
    "low": {
        "precision": 0.782608695652174,
        "recall": 0.8372093023255814,
        "f1-score": 0.8089887640449438,
        "support": 43.0
    },
    "medium": {
        "precision": 0.8260869565217391,
        "recall": 0.7307692307692307,
        "f1-score": 0.7755102040816326,
        "support": 26.0
    },
    "normal": {
        "precision": 0.813953488372093,
        "recall": 0.875,
        "f1-score": 0.8433734939759037,
        "support": 40.0
    },
    "accuracy": 0.7863247863247863,
    "macro_avg": {
        "precision": 0.7056622851365015,
        "recall": 0.6732446332737031,
        "f1-score": 0.683891192448697,
        "support": 117.0
    },
    "weighted_avg": {
        "precision": 0.7768254215170292,
        "recall": 0.7863247863247863,
        "f1-score": 0.7790278665011079,
        "support": 117.0
    },
    "micro_avg": {
        "precision": 0.7863247863247863,
        "recall": 0.7863247863247863,
        "f1-score": 0.7863247863247863
    },
    "regression": {
        "mse": 0.5128205128205128,
        "rmse": 0.7161148740394329,
        "mae": 0.3076923076923077,
        "kendall": 0.6856989801042994
    }
}