{
    "high": {
        "precision": 0.0,
        "recall": 0.0,
        "f1-score": 0.0,
        "support": 8.0
    },
    "low": {
        "precision": 0.609375,
        "recall": 0.9069767441860465,
        "f1-score": 0.7289719626168224,
        "support": 43.0
    },
    "medium": {
        "precision": 1.0,
        "recall": 0.23076923076923078,
        "f1-score": 0.375,
        "support": 26.0
    },
    "normal": {
        "precision": 0.7872340425531915,
        "recall": 0.925,
        "f1-score": 0.8505747126436781,
        "support": 40.0
    },
    "accuracy": 0.7008547008547008,
    "macro_avg": {
        "precision": 0.5991522606382979,
        "recall": 0.5156864937388193,
        "f1-score": 0.48863666881512513,
        "support": 117.0
    },
    "weighted_avg": {
        "precision": 0.7153203991634843,
        "recall": 0.7008547008547008,
        "f1-score": 0.6420408794723973,
        "support": 117.0
    },
    "micro_avg": {
        "precision": 0.7008547008547008,
        "recall": 0.7008547008547008,
        "f1-score": 0.7008547008547008
    },
    "regression": {
        "mse": 0.6923076923076923,
        "rmse": 0.8320502943378437,
        "mae": 0.4188034188034188,
        "kendall": 0.6039498388480602
    }
}