{
    "high": {
        "precision": 0.6,
        "recall": 0.375,
        "f1-score": 0.46153846153846156,
        "support": 8.0
    },
    "low": {
        "precision": 0.8372093023255814,
        "recall": 0.8372093023255814,
        "f1-score": 0.8372093023255814,
        "support": 43.0
    },
    "medium": {
        "precision": 0.71875,
        "recall": 0.8846153846153846,
        "f1-score": 0.7931034482758621,
        "support": 26.0
    },
    "normal": {
        "precision": 0.972972972972973,
        "recall": 0.9,
        "f1-score": 0.935064935064935,
        "support": 40.0
    },
    "accuracy": 0.8376068376068376,
    "macro_avg": {
        "precision": 0.7822330688246386,
        "recall": 0.7492061717352415,
        "f1-score": 0.75672903680121,
        "support": 117.0
    },
    "weighted_avg": {
        "precision": 0.8410805035805036,
        "recall": 0.8376068376068376,
        "f1-score": 0.835176023504936,
        "support": 117.0
    },
    "micro_avg": {
        "precision": 0.8376068376068376,
        "recall": 0.8376068376068376,
        "f1-score": 0.8376068376068376
    },
    "regression": {
        "mse": 0.36752136752136755,
        "rmse": 0.6062354060275328,
        "mae": 0.23076923076923078,
        "kendall": 0.7701154110728295
    }
}