{
    "high": {
        "precision": 1.0,
        "recall": 0.25,
        "f1-score": 0.4,
        "support": 8.0
    },
    "low": {
        "precision": 0.8780487804878049,
        "recall": 0.8372093023255814,
        "f1-score": 0.8571428571428571,
        "support": 43.0
    },
    "medium": {
        "precision": 0.65625,
        "recall": 0.8076923076923077,
        "f1-score": 0.7241379310344828,
        "support": 26.0
    },
    "normal": {
        "precision": 0.9285714285714286,
        "recall": 0.975,
        "f1-score": 0.9512195121951219,
        "support": 40.0
    },
    "accuracy": 0.8376068376068376,
    "macro_avg": {
        "precision": 0.8657175522648084,
        "recall": 0.7174754025044723,
        "f1-score": 0.7331250750931154,
        "support": 117.0
    },
    "weighted_avg": {
        "precision": 0.8543714077250663,
        "recall": 0.8376068376068376,
        "f1-score": 0.8284915346311477,
        "support": 117.0
    },
    "micro_avg": {
        "precision": 0.8376068376068376,
        "recall": 0.8376068376068376,
        "f1-score": 0.8376068376068376
    },
    "regression": {
        "mse": 0.2905982905982906,
        "rmse": 0.5390716933750933,
        "mae": 0.20512820512820512,
        "kendall": 0.8079579522670589
    }
}