{
    "high": {
        "precision": 0.45454545454545453,
        "recall": 0.625,
        "f1-score": 0.5263157894736842,
        "support": 8.0
    },
    "low": {
        "precision": 0.9035087719298246,
        "recall": 0.9537037037037037,
        "f1-score": 0.9279279279279279,
        "support": 108.0
    },
    "medium": {
        "precision": 0.9802631578947368,
        "recall": 0.9430379746835443,
        "f1-score": 0.9612903225806452,
        "support": 158.0
    },
    "normal": {
        "precision": 1.0,
        "recall": 0.9827586206896551,
        "f1-score": 0.991304347826087,
        "support": 174.0
    },
    "accuracy": 0.9553571428571429,
    "macro_avg": {
        "precision": 0.834579346092504,
        "recall": 0.8761250747692259,
        "f1-score": 0.851709596952086,
        "support": 448.0
    },
    "weighted_avg": {
        "precision": 0.960037700786056,
        "recall": 0.9553571428571429,
        "f1-score": 0.9571374330836758,
        "support": 448.0
    },
    "micro_avg": {
        "precision": 0.9553571428571429,
        "recall": 0.9553571428571429,
        "f1-score": 0.9553571428571429
    },
    "regression": {
        "mse": 0.078125,
        "rmse": 0.2795084971874737,
        "mae": 0.05580357142857143,
        "kendall": 0.9460698967413445
    }
}