{
    "high": {
        "precision": 0.0,
        "recall": 0.0,
        "f1-score": 0.0,
        "support": 8.0
    },
    "low": {
        "precision": 0.6666666666666666,
        "recall": 0.9302325581395349,
        "f1-score": 0.7766990291262136,
        "support": 43.0
    },
    "medium": {
        "precision": 0.0,
        "recall": 0.0,
        "f1-score": 0.0,
        "support": 26.0
    },
    "normal": {
        "precision": 0.631578947368421,
        "recall": 0.9,
        "f1-score": 0.7422680412371134,
        "support": 40.0
    },
    "accuracy": 0.6495726495726496,
    "macro_avg": {
        "precision": 0.32456140350877194,
        "recall": 0.4575581395348837,
        "f1-score": 0.3797417675908318,
        "support": 117.0
    },
    "weighted_avg": {
        "precision": 0.46093867146498724,
        "recall": 0.6495726495726496,
        "f1-score": 0.5392203410419805,
        "support": 117.0
    },
    "micro_avg": {
        "precision": 0.6495726495726496,
        "recall": 0.6495726495726496,
        "f1-score": 0.6495726495726496
    },
    "regression": {
        "mse": 1.0683760683760684,
        "rmse": 1.0336227882434037,
        "mae": 0.5726495726495726,
        "kendall": 0.3230361505631175
    }
}