{
    "high": {
        "precision": 0.0,
        "recall": 0.0,
        "f1-score": 0.0,
        "support": 8.0
    },
    "low": {
        "precision": 0.711864406779661,
        "recall": 0.9767441860465116,
        "f1-score": 0.8235294117647058,
        "support": 43.0
    },
    "medium": {
        "precision": 0.0,
        "recall": 0.0,
        "f1-score": 0.0,
        "support": 26.0
    },
    "normal": {
        "precision": 0.6206896551724138,
        "recall": 0.9,
        "f1-score": 0.7346938775510204,
        "support": 40.0
    },
    "accuracy": 0.6666666666666666,
    "macro_avg": {
        "precision": 0.3331385154880187,
        "recall": 0.4691860465116279,
        "f1-score": 0.3895558223289316,
        "support": 117.0
    },
    "weighted_avg": {
        "precision": 0.4738269717813844,
        "recall": 0.6666666666666666,
        "f1-score": 0.5538420496403689,
        "support": 117.0
    },
    "micro_avg": {
        "precision": 0.6666666666666666,
        "recall": 0.6666666666666666,
        "f1-score": 0.6666666666666666
    },
    "regression": {
        "mse": 1.1282051282051282,
        "rmse": 1.0621700090875887,
        "mae": 0.5811965811965812,
        "kendall": 0.270110254642748
    }
}