{
    "high": {
        "precision": 0.5,
        "recall": 0.5,
        "f1-score": 0.5,
        "support": 8.0
    },
    "low": {
        "precision": 0.8095238095238095,
        "recall": 0.7906976744186046,
        "f1-score": 0.8,
        "support": 43.0
    },
    "medium": {
        "precision": 0.7037037037037037,
        "recall": 0.7307692307692307,
        "f1-score": 0.7169811320754716,
        "support": 26.0
    },
    "normal": {
        "precision": 0.9,
        "recall": 0.9,
        "f1-score": 0.9,
        "support": 40.0
    },
    "accuracy": 0.7948717948717948,
    "macro_avg": {
        "precision": 0.7283068783068783,
        "recall": 0.7303667262969589,
        "f1-score": 0.7292452830188679,
        "support": 117.0
    },
    "weighted_avg": {
        "precision": 0.7957762402206846,
        "recall": 0.7948717948717948,
        "f1-score": 0.7952265763586518,
        "support": 117.0
    },
    "micro_avg": {
        "precision": 0.7948717948717948,
        "recall": 0.7948717948717948,
        "f1-score": 0.7948717948717948
    },
    "regression": {
        "mse": 0.5213675213675214,
        "rmse": 0.7220578379655755,
        "mae": 0.29914529914529914,
        "kendall": 0.6977731594970814
    }
}