{
    "high": {
        "precision": 0.36363636363636365,
        "recall": 0.5,
        "f1-score": 0.42105263157894735,
        "support": 8.0
    },
    "low": {
        "precision": 0.8043478260869565,
        "recall": 0.8604651162790697,
        "f1-score": 0.8314606741573034,
        "support": 43.0
    },
    "medium": {
        "precision": 0.7916666666666666,
        "recall": 0.7307692307692307,
        "f1-score": 0.76,
        "support": 26.0
    },
    "normal": {
        "precision": 0.9722222222222222,
        "recall": 0.875,
        "f1-score": 0.9210526315789473,
        "support": 40.0
    },
    "accuracy": 0.811965811965812,
    "macro_avg": {
        "precision": 0.7329682696530523,
        "recall": 0.7415585867620751,
        "f1-score": 0.7333914843287995,
        "support": 117.0
    },
    "weighted_avg": {
        "precision": 0.8287886295132671,
        "recall": 0.811965811965812,
        "f1-score": 0.8181481649961839,
        "support": 117.0
    },
    "micro_avg": {
        "precision": 0.811965811965812,
        "recall": 0.811965811965812,
        "f1-score": 0.811965811965812
    },
    "regression": {
        "mse": 0.46153846153846156,
        "rmse": 0.6793662204867574,
        "mae": 0.27350427350427353,
        "kendall": 0.7473860245446459
    }
}