{
    "high": {
        "precision": 0.6,
        "recall": 0.375,
        "f1-score": 0.46153846153846156,
        "support": 8.0
    },
    "low": {
        "precision": 0.7857142857142857,
        "recall": 0.7674418604651163,
        "f1-score": 0.7764705882352941,
        "support": 43.0
    },
    "medium": {
        "precision": 0.6176470588235294,
        "recall": 0.8076923076923077,
        "f1-score": 0.7,
        "support": 26.0
    },
    "normal": {
        "precision": 0.8888888888888888,
        "recall": 0.8,
        "f1-score": 0.8421052631578947,
        "support": 40.0
    },
    "accuracy": 0.7606837606837606,
    "macro_avg": {
        "precision": 0.723062558356676,
        "recall": 0.687533542039356,
        "f1-score": 0.6950285782329126,
        "support": 117.0
    },
    "weighted_avg": {
        "precision": 0.7709409689801846,
        "recall": 0.7606837606837606,
        "f1-score": 0.7603825086559072,
        "support": 117.0
    },
    "micro_avg": {
        "precision": 0.7606837606837606,
        "recall": 0.7606837606837606,
        "f1-score": 0.7606837606837606
    },
    "regression": {
        "mse": 0.49572649572649574,
        "rmse": 0.7040784727049221,
        "mae": 0.3247863247863248,
        "kendall": 0.6694135404724959
    }
}