{
    "high": {
        "precision": 0.0,
        "recall": 0.0,
        "f1-score": 0.0,
        "support": 8.0
    },
    "low": {
        "precision": 0.7708333333333334,
        "recall": 0.8604651162790697,
        "f1-score": 0.8131868131868132,
        "support": 43.0
    },
    "medium": {
        "precision": 1.0,
        "recall": 0.038461538461538464,
        "f1-score": 0.07407407407407407,
        "support": 26.0
    },
    "normal": {
        "precision": 0.5735294117647058,
        "recall": 0.975,
        "f1-score": 0.7222222222222222,
        "support": 40.0
    },
    "accuracy": 0.6581196581196581,
    "macro_avg": {
        "precision": 0.5860906862745099,
        "recall": 0.46848166368515204,
        "f1-score": 0.40237077737077737,
        "support": 117.0
    },
    "weighted_avg": {
        "precision": 0.7015983743924921,
        "recall": 0.6581196581196581,
        "f1-score": 0.5622380152294681,
        "support": 117.0
    },
    "micro_avg": {
        "precision": 0.6581196581196581,
        "recall": 0.6581196581196581,
        "f1-score": 0.6581196581196581
    },
    "regression": {
        "mse": 1.188034188034188,
        "rmse": 1.0899698106067837,
        "mae": 0.6068376068376068,
        "kendall": 0.2927472722867453
    }
}