{
    "high": {
        "precision": 1.0,
        "recall": 0.25,
        "f1-score": 0.4,
        "support": 8.0
    },
    "low": {
        "precision": 0.7954545454545454,
        "recall": 0.813953488372093,
        "f1-score": 0.8045977011494253,
        "support": 43.0
    },
    "medium": {
        "precision": 0.65625,
        "recall": 0.8076923076923077,
        "f1-score": 0.7241379310344828,
        "support": 26.0
    },
    "normal": {
        "precision": 0.9230769230769231,
        "recall": 0.9,
        "f1-score": 0.9113924050632911,
        "support": 40.0
    },
    "accuracy": 0.8034188034188035,
    "macro_avg": {
        "precision": 0.8436953671328671,
        "recall": 0.6929114490161002,
        "f1-score": 0.7100320093117998,
        "support": 117.0
    },
    "weighted_avg": {
        "precision": 0.8221377980993365,
        "recall": 0.8034188034188035,
        "f1-score": 0.7955639620414828,
        "support": 117.0
    },
    "micro_avg": {
        "precision": 0.8034188034188035,
        "recall": 0.8034188034188035,
        "f1-score": 0.8034188034188035
    },
    "regression": {
        "mse": 0.3504273504273504,
        "rmse": 0.5919690451597536,
        "mae": 0.24786324786324787,
        "kendall": 0.7588632110815247
    }
}