{
    "high": {
        "precision": 0.6,
        "recall": 0.375,
        "f1-score": 0.46153846153846156,
        "support": 8.0
    },
    "low": {
        "precision": 0.8478260869565217,
        "recall": 0.9069767441860465,
        "f1-score": 0.8764044943820225,
        "support": 43.0
    },
    "medium": {
        "precision": 0.6923076923076923,
        "recall": 0.6923076923076923,
        "f1-score": 0.6923076923076923,
        "support": 26.0
    },
    "normal": {
        "precision": 0.95,
        "recall": 0.95,
        "f1-score": 0.95,
        "support": 40.0
    },
    "accuracy": 0.8376068376068376,
    "macro_avg": {
        "precision": 0.7725334448160535,
        "recall": 0.7310711091234346,
        "f1-score": 0.7450626620570442,
        "support": 117.0
    },
    "weighted_avg": {
        "precision": 0.8312523225566704,
        "recall": 0.8376068376068376,
        "f1-score": 0.8322880423139715,
        "support": 117.0
    },
    "micro_avg": {
        "precision": 0.8376068376068376,
        "recall": 0.8376068376068376,
        "f1-score": 0.8376068376068376
    },
    "regression": {
        "mse": 0.2905982905982906,
        "rmse": 0.5390716933750933,
        "mae": 0.20512820512820512,
        "kendall": 0.8116942214872345
    }
}