{
    "high": {
        "precision": 0.5,
        "recall": 0.25,
        "f1-score": 0.3333333333333333,
        "support": 8.0
    },
    "low": {
        "precision": 0.7592592592592593,
        "recall": 0.9534883720930233,
        "f1-score": 0.845360824742268,
        "support": 43.0
    },
    "medium": {
        "precision": 0.782608695652174,
        "recall": 0.6923076923076923,
        "f1-score": 0.7346938775510204,
        "support": 26.0
    },
    "normal": {
        "precision": 0.9444444444444444,
        "recall": 0.85,
        "f1-score": 0.8947368421052632,
        "support": 40.0
    },
    "accuracy": 0.811965811965812,
    "macro_avg": {
        "precision": 0.7465780998389695,
        "recall": 0.6864490161001788,
        "f1-score": 0.7020312194329713,
        "support": 117.0
    },
    "weighted_avg": {
        "precision": 0.8100320684861748,
        "recall": 0.811965811965812,
        "f1-score": 0.802638432744626,
        "support": 117.0
    },
    "micro_avg": {
        "precision": 0.811965811965812,
        "recall": 0.811965811965812,
        "f1-score": 0.811965811965812
    },
    "regression": {
        "mse": 0.4188034188034188,
        "rmse": 0.647150228929434,
        "mae": 0.26495726495726496,
        "kendall": 0.7284275455641657
    }
}