{
    "high": {
        "precision": 0.0,
        "recall": 0.0,
        "f1-score": 0.0,
        "support": 8.0
    },
    "low": {
        "precision": 0.8292682926829268,
        "recall": 0.7906976744186046,
        "f1-score": 0.8095238095238095,
        "support": 43.0
    },
    "medium": {
        "precision": 0.525,
        "recall": 0.8076923076923077,
        "f1-score": 0.6363636363636364,
        "support": 26.0
    },
    "normal": {
        "precision": 0.9444444444444444,
        "recall": 0.85,
        "f1-score": 0.8947368421052632,
        "support": 40.0
    },
    "accuracy": 0.7606837606837606,
    "macro_avg": {
        "precision": 0.5746781842818428,
        "recall": 0.6120974955277281,
        "f1-score": 0.5851560719981773,
        "support": 117.0
    },
    "weighted_avg": {
        "precision": 0.7443274731892617,
        "recall": 0.7606837606837606,
        "f1-score": 0.7448243764033238,
        "support": 117.0
    },
    "micro_avg": {
        "precision": 0.7606837606837606,
        "recall": 0.7606837606837606,
        "f1-score": 0.7606837606837606
    },
    "regression": {
        "mse": 0.4444444444444444,
        "rmse": 0.6666666666666666,
        "mae": 0.3076923076923077,
        "kendall": 0.6930369189096396
    }
}