{
    "high": {
        "precision": 0.0,
        "recall": 0.0,
        "f1-score": 0.0,
        "support": 8.0
    },
    "low": {
        "precision": 0.7954545454545454,
        "recall": 0.813953488372093,
        "f1-score": 0.8045977011494253,
        "support": 43.0
    },
    "medium": {
        "precision": 0.5,
        "recall": 0.038461538461538464,
        "f1-score": 0.07142857142857142,
        "support": 26.0
    },
    "normal": {
        "precision": 0.5211267605633803,
        "recall": 0.925,
        "f1-score": 0.6666666666666666,
        "support": 40.0
    },
    "accuracy": 0.6239316239316239,
    "macro_avg": {
        "precision": 0.4541453265044814,
        "recall": 0.4443537567084079,
        "f1-score": 0.38567323481116583,
        "support": 117.0
    },
    "weighted_avg": {
        "precision": 0.581620648522057,
        "recall": 0.6239316239316239,
        "f1-score": 0.5395000912242292,
        "support": 117.0
    },
    "micro_avg": {
        "precision": 0.6239316239316239,
        "recall": 0.6239316239316239,
        "f1-score": 0.6239316239316239
    },
    "regression": {
        "mse": 1.358974358974359,
        "rmse": 1.1657505560686467,
        "mae": 0.6752136752136753,
        "kendall": 0.16134575120744962
    }
}