{
    "high": {
        "precision": 0.0,
        "recall": 0.0,
        "f1-score": 0.0,
        "support": 8.0
    },
    "low": {
        "precision": 0.8571428571428571,
        "recall": 0.8372093023255814,
        "f1-score": 0.8470588235294118,
        "support": 43.0
    },
    "medium": {
        "precision": 0.0,
        "recall": 0.0,
        "f1-score": 0.0,
        "support": 26.0
    },
    "normal": {
        "precision": 0.52,
        "recall": 0.975,
        "f1-score": 0.6782608695652174,
        "support": 40.0
    },
    "accuracy": 0.6410256410256411,
    "macro_avg": {
        "precision": 0.3442857142857143,
        "recall": 0.45305232558139535,
        "f1-score": 0.3813299232736573,
        "support": 117.0
    },
    "weighted_avg": {
        "precision": 0.4927960927960928,
        "recall": 0.6410256410256411,
        "f1-score": 0.5431962751655847,
        "support": 117.0
    },
    "micro_avg": {
        "precision": 0.6410256410256411,
        "recall": 0.6410256410256411,
        "f1-score": 0.6410256410256411
    },
    "regression": {
        "mse": 1.4273504273504274,
        "rmse": 1.1947177186894096,
        "mae": 0.6752136752136753,
        "kendall": 0.14167019013751855
    }
}