{
    "high": {
        "precision": 1.0,
        "recall": 0.75,
        "f1-score": 0.8571428571428571,
        "support": 8.0
    },
    "low": {
        "precision": 0.9818181818181818,
        "recall": 1.0,
        "f1-score": 0.9908256880733946,
        "support": 108.0
    },
    "medium": {
        "precision": 0.9937106918238994,
        "recall": 1.0,
        "f1-score": 0.9968454258675079,
        "support": 158.0
    },
    "normal": {
        "precision": 1.0,
        "recall": 0.9942528735632183,
        "f1-score": 0.9971181556195965,
        "support": 174.0
    },
    "accuracy": 0.9933035714285714,
    "macro_avg": {
        "precision": 0.9938822184105203,
        "recall": 0.9360632183908046,
        "f1-score": 0.960483031675839,
        "support": 448.0
    },
    "weighted_avg": {
        "precision": 0.9933987788940619,
        "recall": 0.9933035714285714,
        "f1-score": 0.9930054766382713,
        "support": 448.0
    },
    "micro_avg": {
        "precision": 0.9933035714285714,
        "recall": 0.9933035714285714,
        "f1-score": 0.9933035714285714
    },
    "regression": {
        "mse": 0.013392857142857142,
        "rmse": 0.11572751247156893,
        "mae": 0.008928571428571428,
        "kendall": 0.9910678079246454
    }
}