{
    "high": {
        "precision": 0.5,
        "recall": 0.5,
        "f1-score": 0.5,
        "support": 8.0
    },
    "low": {
        "precision": 0.875,
        "recall": 0.813953488372093,
        "f1-score": 0.8433734939759037,
        "support": 43.0
    },
    "medium": {
        "precision": 0.7241379310344828,
        "recall": 0.8076923076923077,
        "f1-score": 0.7636363636363637,
        "support": 26.0
    },
    "normal": {
        "precision": 0.975,
        "recall": 0.975,
        "f1-score": 0.975,
        "support": 40.0
    },
    "accuracy": 0.8461538461538461,
    "macro_avg": {
        "precision": 0.7685344827586207,
        "recall": 0.7741614490161003,
        "f1-score": 0.7705024644030668,
        "support": 117.0
    },
    "weighted_avg": {
        "precision": 0.8500221043324492,
        "recall": 0.8461538461538461,
        "f1-score": 0.8471761170556351,
        "support": 117.0
    },
    "micro_avg": {
        "precision": 0.8461538461538461,
        "recall": 0.8461538461538461,
        "f1-score": 0.8461538461538461
    },
    "regression": {
        "mse": 0.3333333333333333,
        "rmse": 0.5773502691896257,
        "mae": 0.21367521367521367,
        "kendall": 0.8071761276920266
    }
}