{
    "high": {
        "precision": 0.5,
        "recall": 0.125,
        "f1-score": 0.2,
        "support": 8.0
    },
    "low": {
        "precision": 0.8444444444444444,
        "recall": 0.8837209302325582,
        "f1-score": 0.8636363636363636,
        "support": 43.0
    },
    "medium": {
        "precision": 0.7241379310344828,
        "recall": 0.8076923076923077,
        "f1-score": 0.7636363636363637,
        "support": 26.0
    },
    "normal": {
        "precision": 0.9512195121951219,
        "recall": 0.975,
        "f1-score": 0.9629629629629629,
        "support": 40.0
    },
    "accuracy": 0.8461538461538461,
    "macro_avg": {
        "precision": 0.7549504719185123,
        "recall": 0.6978533094812165,
        "f1-score": 0.6975589225589226,
        "support": 117.0
    },
    "weighted_avg": {
        "precision": 0.8306622034684832,
        "recall": 0.8461538461538461,
        "f1-score": 0.8299951077728855,
        "support": 117.0
    },
    "micro_avg": {
        "precision": 0.8461538461538461,
        "recall": 0.8461538461538461,
        "f1-score": 0.8461538461538461
    },
    "regression": {
        "mse": 0.3076923076923077,
        "rmse": 0.5547001962252291,
        "mae": 0.20512820512820512,
        "kendall": 0.8146187395196077
    }
}