{
    "high": {
        "precision": 0.0,
        "recall": 0.0,
        "f1-score": 0.0,
        "support": 8.0
    },
    "low": {
        "precision": 0.43010752688172044,
        "recall": 0.9302325581395349,
        "f1-score": 0.5882352941176471,
        "support": 43.0
    },
    "medium": {
        "precision": 0.0,
        "recall": 0.0,
        "f1-score": 0.0,
        "support": 26.0
    },
    "normal": {
        "precision": 0.08333333333333333,
        "recall": 0.05,
        "f1-score": 0.0625,
        "support": 40.0
    },
    "accuracy": 0.358974358974359,
    "macro_avg": {
        "precision": 0.12836021505376344,
        "recall": 0.24505813953488373,
        "f1-score": 0.16268382352941177,
        "support": 117.0
    },
    "weighted_avg": {
        "precision": 0.18656373495083173,
        "recall": 0.358974358974359,
        "f1-score": 0.23755656108597287,
        "support": 117.0
    },
    "micro_avg": {
        "precision": 0.358974358974359,
        "recall": 0.358974358974359,
        "f1-score": 0.358974358974359
    },
    "regression": {
        "mse": 1.3675213675213675,
        "rmse": 1.1694106924093723,
        "mae": 0.8717948717948718,
        "kendall": -0.41675992165249437
    }
}