{
    "high": {
        "precision": 0.7142857142857143,
        "recall": 0.625,
        "f1-score": 0.6666666666666666,
        "support": 8.0
    },
    "low": {
        "precision": 0.9230769230769231,
        "recall": 0.8372093023255814,
        "f1-score": 0.8780487804878049,
        "support": 43.0
    },
    "medium": {
        "precision": 0.65625,
        "recall": 0.8076923076923077,
        "f1-score": 0.7241379310344828,
        "support": 26.0
    },
    "normal": {
        "precision": 0.9743589743589743,
        "recall": 0.95,
        "f1-score": 0.9620253164556962,
        "support": 40.0
    },
    "accuracy": 0.8547008547008547,
    "macro_avg": {
        "precision": 0.8169929029304029,
        "recall": 0.8049754025044724,
        "f1-score": 0.8077196736611627,
        "support": 117.0
    },
    "weighted_avg": {
        "precision": 0.8670380545380545,
        "recall": 0.8547008547008547,
        "f1-score": 0.8581028184566952,
        "support": 117.0
    },
    "micro_avg": {
        "precision": 0.8547008547008547,
        "recall": 0.8547008547008547,
        "f1-score": 0.8547008547008547
    },
    "regression": {
        "mse": 0.24786324786324787,
        "rmse": 0.4978586625371179,
        "mae": 0.1794871794871795,
        "kendall": 0.8361182773431635
    }
}