{
    "high": {
        "precision": 0.0,
        "recall": 0.0,
        "f1-score": 0.0,
        "support": 8.0
    },
    "low": {
        "precision": 0.8461538461538461,
        "recall": 0.7674418604651163,
        "f1-score": 0.8048780487804879,
        "support": 43.0
    },
    "medium": {
        "precision": 0.55,
        "recall": 0.8461538461538461,
        "f1-score": 0.6666666666666666,
        "support": 26.0
    },
    "normal": {
        "precision": 0.9210526315789473,
        "recall": 0.875,
        "f1-score": 0.8974358974358975,
        "support": 40.0
    },
    "accuracy": 0.7692307692307693,
    "macro_avg": {
        "precision": 0.5793016194331984,
        "recall": 0.6221489266547406,
        "f1-score": 0.592245153220763,
        "support": 117.0
    },
    "weighted_avg": {
        "precision": 0.7480916294681477,
        "recall": 0.7692307692307693,
        "f1-score": 0.750773720754959,
        "support": 117.0
    },
    "micro_avg": {
        "precision": 0.7692307692307693,
        "recall": 0.7692307692307693,
        "f1-score": 0.7692307692307693
    },
    "regression": {
        "mse": 0.41025641025641024,
        "rmse": 0.6405126152203485,
        "mae": 0.2905982905982906,
        "kendall": 0.7213669593480109
    }
}