{
    "high": {
        "precision": 0.4,
        "recall": 0.5,
        "f1-score": 0.4444444444444444,
        "support": 8.0
    },
    "low": {
        "precision": 0.8918918918918919,
        "recall": 0.7674418604651163,
        "f1-score": 0.825,
        "support": 43.0
    },
    "medium": {
        "precision": 0.7142857142857143,
        "recall": 0.7692307692307693,
        "f1-score": 0.7407407407407407,
        "support": 26.0
    },
    "normal": {
        "precision": 0.9047619047619048,
        "recall": 0.95,
        "f1-score": 0.926829268292683,
        "support": 40.0
    },
    "accuracy": 0.811965811965812,
    "macro_avg": {
        "precision": 0.7277348777348778,
        "recall": 0.7466681574239713,
        "f1-score": 0.734253613369467,
        "support": 117.0
    },
    "weighted_avg": {
        "precision": 0.8231902231902232,
        "recall": 0.811965811965812,
        "f1-score": 0.8150682525343773,
        "support": 117.0
    },
    "micro_avg": {
        "precision": 0.811965811965812,
        "recall": 0.811965811965812,
        "f1-score": 0.811965811965812
    },
    "regression": {
        "mse": 0.46153846153846156,
        "rmse": 0.6793662204867574,
        "mae": 0.27350427350427353,
        "kendall": 0.7452834878446782
    }
}