{
    "high": {
        "precision": 0.75,
        "recall": 0.375,
        "f1-score": 0.5,
        "support": 8.0
    },
    "low": {
        "precision": 0.8409090909090909,
        "recall": 0.8604651162790697,
        "f1-score": 0.8505747126436781,
        "support": 43.0
    },
    "medium": {
        "precision": 0.7,
        "recall": 0.8076923076923077,
        "f1-score": 0.75,
        "support": 26.0
    },
    "normal": {
        "precision": 0.9743589743589743,
        "recall": 0.95,
        "f1-score": 0.9620253164556962,
        "support": 40.0
    },
    "accuracy": 0.8461538461538461,
    "macro_avg": {
        "precision": 0.8163170163170164,
        "recall": 0.7482893559928443,
        "f1-score": 0.7656500072748436,
        "support": 117.0
    },
    "weighted_avg": {
        "precision": 0.8490038451576912,
        "recall": 0.8461538461538461,
        "f1-score": 0.8423566265120171,
        "support": 117.0
    },
    "micro_avg": {
        "precision": 0.8461538461538461,
        "recall": 0.8461538461538461,
        "f1-score": 0.8461538461538461
    },
    "regression": {
        "mse": 0.28205128205128205,
        "rmse": 0.5310850045437944,
        "mae": 0.19658119658119658,
        "kendall": 0.8167907552842325
    }
}