{
    "high": {
        "precision": 0.0,
        "recall": 0.0,
        "f1-score": 0.0,
        "support": 8.0
    },
    "low": {
        "precision": 0.5526315789473685,
        "recall": 0.9767441860465116,
        "f1-score": 0.7058823529411765,
        "support": 43.0
    },
    "medium": {
        "precision": 0.0,
        "recall": 0.0,
        "f1-score": 0.0,
        "support": 26.0
    },
    "normal": {
        "precision": 0.9024390243902439,
        "recall": 0.925,
        "f1-score": 0.9135802469135802,
        "support": 40.0
    },
    "accuracy": 0.6752136752136753,
    "macro_avg": {
        "precision": 0.3637676508344031,
        "recall": 0.4754360465116279,
        "f1-score": 0.4048656499636892,
        "support": 117.0
    },
    "weighted_avg": {
        "precision": 0.5116300758149283,
        "recall": 0.6752136752136753,
        "f1-score": 0.5717619748120837,
        "support": 117.0
    },
    "micro_avg": {
        "precision": 0.6752136752136753,
        "recall": 0.6752136752136753,
        "f1-score": 0.6752136752136753
    },
    "regression": {
        "mse": 0.6068376068376068,
        "rmse": 0.7789978221006826,
        "mae": 0.4188034188034188,
        "kendall": 0.6804937063233225
    }
}