{
    "high": {
        "precision": 0.0,
        "recall": 0.0,
        "f1-score": 0.0,
        "support": 8.0
    },
    "low": {
        "precision": 0.5512820512820513,
        "recall": 1.0,
        "f1-score": 0.7107438016528925,
        "support": 43.0
    },
    "medium": {
        "precision": 0.0,
        "recall": 0.0,
        "f1-score": 0.0,
        "support": 26.0
    },
    "normal": {
        "precision": 0.9743589743589743,
        "recall": 0.95,
        "f1-score": 0.9620253164556962,
        "support": 40.0
    },
    "accuracy": 0.6923076923076923,
    "macro_avg": {
        "precision": 0.3814102564102564,
        "recall": 0.4875,
        "f1-score": 0.4181922795271472,
        "support": 117.0
    },
    "weighted_avg": {
        "precision": 0.5357221126451895,
        "recall": 0.6923076923076923,
        "f1-score": 0.5901110780282242,
        "support": 117.0
    },
    "micro_avg": {
        "precision": 0.6923076923076923,
        "recall": 0.6923076923076923,
        "f1-score": 0.6923076923076923
    },
    "regression": {
        "mse": 0.5384615384615384,
        "rmse": 0.7337993857053428,
        "mae": 0.38461538461538464,
        "kendall": 0.7500164825114806
    }
}