{
    "high": {
        "precision": 0.0,
        "recall": 0.0,
        "f1-score": 0.0,
        "support": 8.0
    },
    "low": {
        "precision": 0.547945205479452,
        "recall": 0.9302325581395349,
        "f1-score": 0.6896551724137931,
        "support": 43.0
    },
    "medium": {
        "precision": 0.0,
        "recall": 0.0,
        "f1-score": 0.0,
        "support": 26.0
    },
    "normal": {
        "precision": 0.8181818181818182,
        "recall": 0.9,
        "f1-score": 0.8571428571428571,
        "support": 40.0
    },
    "accuracy": 0.6495726495726496,
    "macro_avg": {
        "precision": 0.3415317559153176,
        "recall": 0.4575581395348837,
        "f1-score": 0.3866995073891626,
        "support": 117.0
    },
    "weighted_avg": {
        "precision": 0.48110185096486463,
        "recall": 0.6495726495726496,
        "f1-score": 0.5465033051239948,
        "support": 117.0
    },
    "micro_avg": {
        "precision": 0.6495726495726496,
        "recall": 0.6495726495726496,
        "f1-score": 0.6495726495726496
    },
    "regression": {
        "mse": 0.717948717948718,
        "rmse": 0.8473185457363234,
        "mae": 0.46153846153846156,
        "kendall": 0.5916506859465571
    }
}