{
    "high": {
        "precision": 0.5,
        "recall": 0.5,
        "f1-score": 0.5,
        "support": 8.0
    },
    "low": {
        "precision": 0.825,
        "recall": 0.7674418604651163,
        "f1-score": 0.7951807228915663,
        "support": 43.0
    },
    "medium": {
        "precision": 0.72,
        "recall": 0.6923076923076923,
        "f1-score": 0.7058823529411765,
        "support": 26.0
    },
    "normal": {
        "precision": 0.8636363636363636,
        "recall": 0.95,
        "f1-score": 0.9047619047619048,
        "support": 40.0
    },
    "accuracy": 0.7948717948717948,
    "macro_avg": {
        "precision": 0.7271590909090909,
        "recall": 0.7274373881932021,
        "f1-score": 0.7264562451486619,
        "support": 117.0
    },
    "weighted_avg": {
        "precision": 0.7926534576534577,
        "recall": 0.7948717948717948,
        "f1-score": 0.7926169953101209,
        "support": 117.0
    },
    "micro_avg": {
        "precision": 0.7948717948717948,
        "recall": 0.7948717948717948,
        "f1-score": 0.7948717948717948
    },
    "regression": {
        "mse": 0.38461538461538464,
        "rmse": 0.6201736729460423,
        "mae": 0.26495726495726496,
        "kendall": 0.7618659582887611
    }
}