{
    "high": {
        "precision": 0.0,
        "recall": 0.0,
        "f1-score": 0.0,
        "support": 8.0
    },
    "low": {
        "precision": 0.7547169811320755,
        "recall": 0.9302325581395349,
        "f1-score": 0.8333333333333334,
        "support": 43.0
    },
    "medium": {
        "precision": 0.7142857142857143,
        "recall": 0.7692307692307693,
        "f1-score": 0.7407407407407407,
        "support": 26.0
    },
    "normal": {
        "precision": 0.9166666666666666,
        "recall": 0.825,
        "f1-score": 0.868421052631579,
        "support": 40.0
    },
    "accuracy": 0.7948717948717948,
    "macro_avg": {
        "precision": 0.5964173405211141,
        "recall": 0.631115831842576,
        "f1-score": 0.6106237816764133,
        "support": 117.0
    },
    "weighted_avg": {
        "precision": 0.7494950891177308,
        "recall": 0.7948717948717948,
        "f1-score": 0.7677729461355193,
        "support": 117.0
    },
    "micro_avg": {
        "precision": 0.7948717948717948,
        "recall": 0.7948717948717948,
        "f1-score": 0.7948717948717948
    },
    "regression": {
        "mse": 0.358974358974359,
        "rmse": 0.5991446895152781,
        "mae": 0.2564102564102564,
        "kendall": 0.7537756954446475
    }
}