{
    "high": {
        "precision": 0.0,
        "recall": 0.0,
        "f1-score": 0.0,
        "support": 8.0
    },
    "low": {
        "precision": 0.7090909090909091,
        "recall": 0.9069767441860465,
        "f1-score": 0.7959183673469388,
        "support": 43.0
    },
    "medium": {
        "precision": 1.0,
        "recall": 0.07692307692307693,
        "f1-score": 0.14285714285714285,
        "support": 26.0
    },
    "normal": {
        "precision": 0.6,
        "recall": 0.9,
        "f1-score": 0.72,
        "support": 40.0
    },
    "accuracy": 0.6581196581196581,
    "macro_avg": {
        "precision": 0.5772727272727273,
        "recall": 0.47097495527728084,
        "f1-score": 0.4146938775510204,
        "support": 117.0
    },
    "weighted_avg": {
        "precision": 0.687956487956488,
        "recall": 0.6581196581196581,
        "f1-score": 0.570416884702599,
        "support": 117.0
    },
    "micro_avg": {
        "precision": 0.6581196581196581,
        "recall": 0.6581196581196581,
        "f1-score": 0.6581196581196581
    },
    "regression": {
        "mse": 1.1111111111111112,
        "rmse": 1.0540925533894598,
        "mae": 0.5811965811965812,
        "kendall": 0.29842626838491276
    }
}