{
    "high": {
        "precision": 0.5,
        "recall": 0.25,
        "f1-score": 0.3333333333333333,
        "support": 8.0
    },
    "low": {
        "precision": 0.8372093023255814,
        "recall": 0.8372093023255814,
        "f1-score": 0.8372093023255814,
        "support": 43.0
    },
    "medium": {
        "precision": 0.6774193548387096,
        "recall": 0.8076923076923077,
        "f1-score": 0.7368421052631579,
        "support": 26.0
    },
    "normal": {
        "precision": 0.9230769230769231,
        "recall": 0.9,
        "f1-score": 0.9113924050632911,
        "support": 40.0
    },
    "accuracy": 0.811965811965812,
    "macro_avg": {
        "precision": 0.7344263950603036,
        "recall": 0.6987254025044723,
        "f1-score": 0.7046942864963409,
        "support": 117.0
    },
    "weighted_avg": {
        "precision": 0.8079998303323365,
        "recall": 0.811965811965812,
        "f1-score": 0.805814167572995,
        "support": 117.0
    },
    "micro_avg": {
        "precision": 0.811965811965812,
        "recall": 0.811965811965812,
        "f1-score": 0.811965811965812
    },
    "regression": {
        "mse": 0.3418803418803419,
        "rmse": 0.5847053462046862,
        "mae": 0.23931623931623933,
        "kendall": 0.7768026009318144
    }
}