{
    "high": {
        "precision": 0.0,
        "recall": 0.0,
        "f1-score": 0.0,
        "support": 8.0
    },
    "low": {
        "precision": 0.5125,
        "recall": 0.9534883720930233,
        "f1-score": 0.6666666666666666,
        "support": 43.0
    },
    "medium": {
        "precision": 0.0,
        "recall": 0.0,
        "f1-score": 0.0,
        "support": 26.0
    },
    "normal": {
        "precision": 0.8918918918918919,
        "recall": 0.825,
        "f1-score": 0.8571428571428571,
        "support": 40.0
    },
    "accuracy": 0.6324786324786325,
    "macro_avg": {
        "precision": 0.35109797297297296,
        "recall": 0.44462209302325584,
        "f1-score": 0.38095238095238093,
        "support": 117.0
    },
    "weighted_avg": {
        "precision": 0.4932750057750057,
        "recall": 0.6324786324786325,
        "f1-score": 0.5380545380545381,
        "support": 117.0
    },
    "micro_avg": {
        "precision": 0.6324786324786325,
        "recall": 0.6324786324786325,
        "f1-score": 0.6324786324786325
    },
    "regression": {
        "mse": 0.6239316239316239,
        "rmse": 0.7898934256794545,
        "mae": 0.452991452991453,
        "kendall": 0.6344563986310399
    }
}