{
    "high": {
        "precision": 1.0,
        "recall": 0.375,
        "f1-score": 0.5454545454545454,
        "support": 8.0
    },
    "low": {
        "precision": 0.76,
        "recall": 0.8837209302325582,
        "f1-score": 0.8172043010752689,
        "support": 43.0
    },
    "medium": {
        "precision": 0.7037037037037037,
        "recall": 0.7307692307692307,
        "f1-score": 0.7169811320754716,
        "support": 26.0
    },
    "normal": {
        "precision": 0.9459459459459459,
        "recall": 0.875,
        "f1-score": 0.9090909090909091,
        "support": 40.0
    },
    "accuracy": 0.811965811965812,
    "macro_avg": {
        "precision": 0.8524124124124125,
        "recall": 0.7161225402504472,
        "f1-score": 0.7471827219240488,
        "support": 117.0
    },
    "weighted_avg": {
        "precision": 0.8274712319156764,
        "recall": 0.811965811965812,
        "f1-score": 0.8077655308330902,
        "support": 117.0
    },
    "micro_avg": {
        "precision": 0.811965811965812,
        "recall": 0.811965811965812,
        "f1-score": 0.811965811965812
    },
    "regression": {
        "mse": 0.39316239316239315,
        "rmse": 0.6270266287506402,
        "mae": 0.2564102564102564,
        "kendall": 0.729061891521884
    }
}