{
    "high": {
        "precision": 0.0,
        "recall": 0.0,
        "f1-score": 0.0,
        "support": 8.0
    },
    "low": {
        "precision": 0.6666666666666666,
        "recall": 0.9767441860465116,
        "f1-score": 0.7924528301886793,
        "support": 43.0
    },
    "medium": {
        "precision": 0.0,
        "recall": 0.0,
        "f1-score": 0.0,
        "support": 26.0
    },
    "normal": {
        "precision": 0.6296296296296297,
        "recall": 0.85,
        "f1-score": 0.723404255319149,
        "support": 40.0
    },
    "accuracy": 0.6495726495726496,
    "macro_avg": {
        "precision": 0.32407407407407407,
        "recall": 0.4566860465116279,
        "f1-score": 0.3789642713769571,
        "support": 117.0
    },
    "weighted_avg": {
        "precision": 0.46027223805001577,
        "recall": 0.6495726495726496,
        "f1-score": 0.5385610419733262,
        "support": 117.0
    },
    "micro_avg": {
        "precision": 0.6495726495726496,
        "recall": 0.6495726495726496,
        "f1-score": 0.6495726495726496
    },
    "regression": {
        "mse": 1.1111111111111112,
        "rmse": 1.0540925533894598,
        "mae": 0.5811965811965812,
        "kendall": 0.26145006646914826
    }
}