{
    "high": {
        "precision": 0.0,
        "recall": 0.0,
        "f1-score": 0.0,
        "support": 8.0
    },
    "low": {
        "precision": 0.5512820512820513,
        "recall": 1.0,
        "f1-score": 0.7107438016528925,
        "support": 43.0
    },
    "medium": {
        "precision": 0.0,
        "recall": 0.0,
        "f1-score": 0.0,
        "support": 26.0
    },
    "normal": {
        "precision": 0.9230769230769231,
        "recall": 0.9,
        "f1-score": 0.9113924050632911,
        "support": 40.0
    },
    "accuracy": 0.6752136752136753,
    "macro_avg": {
        "precision": 0.3685897435897436,
        "recall": 0.475,
        "f1-score": 0.4055340516790459,
        "support": 117.0
    },
    "weighted_avg": {
        "precision": 0.5181897874205568,
        "recall": 0.6752136752136753,
        "f1-score": 0.5728006809709916,
        "support": 117.0
    },
    "micro_avg": {
        "precision": 0.6752136752136753,
        "recall": 0.6752136752136753,
        "f1-score": 0.6752136752136753
    },
    "regression": {
        "mse": 0.6410256410256411,
        "rmse": 0.8006407690254357,
        "mae": 0.4188034188034188,
        "kendall": 0.6521539320048967
    }
}