{
    "high": {
        "precision": 0.5,
        "recall": 0.25,
        "f1-score": 0.3333333333333333,
        "support": 8.0
    },
    "low": {
        "precision": 0.9230769230769231,
        "recall": 0.8372093023255814,
        "f1-score": 0.8780487804878049,
        "support": 43.0
    },
    "medium": {
        "precision": 0.6875,
        "recall": 0.8461538461538461,
        "f1-score": 0.7586206896551724,
        "support": 26.0
    },
    "normal": {
        "precision": 0.9285714285714286,
        "recall": 0.975,
        "f1-score": 0.9512195121951219,
        "support": 40.0
    },
    "accuracy": 0.8461538461538461,
    "macro_avg": {
        "precision": 0.759787087912088,
        "recall": 0.727090787119857,
        "f1-score": 0.7303055789178581,
        "support": 117.0
    },
    "weighted_avg": {
        "precision": 0.8436766225227764,
        "recall": 0.8461538461538461,
        "f1-score": 0.8392793388588173,
        "support": 117.0
    },
    "micro_avg": {
        "precision": 0.8461538461538461,
        "recall": 0.8461538461538461,
        "f1-score": 0.8461538461538461
    },
    "regression": {
        "mse": 0.358974358974359,
        "rmse": 0.5991446895152781,
        "mae": 0.2222222222222222,
        "kendall": 0.7835233314327821
    }
}