{
    "high": {
        "precision": 0.4,
        "recall": 0.25,
        "f1-score": 0.3076923076923077,
        "support": 8.0
    },
    "low": {
        "precision": 0.85,
        "recall": 0.7906976744186046,
        "f1-score": 0.8192771084337349,
        "support": 43.0
    },
    "medium": {
        "precision": 0.6551724137931034,
        "recall": 0.7307692307692307,
        "f1-score": 0.6909090909090909,
        "support": 26.0
    },
    "normal": {
        "precision": 0.9302325581395349,
        "recall": 1.0,
        "f1-score": 0.963855421686747,
        "support": 40.0
    },
    "accuracy": 0.811965811965812,
    "macro_avg": {
        "precision": 0.7088512429831596,
        "recall": 0.6928667262969589,
        "f1-score": 0.6954334821804702,
        "support": 117.0
    },
    "weighted_avg": {
        "precision": 0.8033656844803597,
        "recall": 0.811965811965812,
        "f1-score": 0.8051992081649171,
        "support": 117.0
    },
    "micro_avg": {
        "precision": 0.811965811965812,
        "recall": 0.811965811965812,
        "f1-score": 0.811965811965812
    },
    "regression": {
        "mse": 0.2905982905982906,
        "rmse": 0.5390716933750933,
        "mae": 0.2222222222222222,
        "kendall": 0.8227374181193842
    }
}