{
    "high": {
        "precision": 0.5,
        "recall": 0.375,
        "f1-score": 0.42857142857142855,
        "support": 8.0
    },
    "low": {
        "precision": 0.7959183673469388,
        "recall": 0.9069767441860465,
        "f1-score": 0.8478260869565217,
        "support": 43.0
    },
    "medium": {
        "precision": 0.7391304347826086,
        "recall": 0.6538461538461539,
        "f1-score": 0.6938775510204082,
        "support": 26.0
    },
    "normal": {
        "precision": 0.9487179487179487,
        "recall": 0.925,
        "f1-score": 0.9367088607594937,
        "support": 40.0
    },
    "accuracy": 0.8205128205128205,
    "macro_avg": {
        "precision": 0.7459416877118741,
        "recall": 0.7152057245080501,
        "f1-score": 0.726745981826963,
        "support": 117.0
    },
    "weighted_avg": {
        "precision": 0.8153042653759328,
        "recall": 0.8205128205128205,
        "f1-score": 0.8153355890992499,
        "support": 117.0
    },
    "micro_avg": {
        "precision": 0.8205128205128205,
        "recall": 0.8205128205128205,
        "f1-score": 0.8205128205128205
    },
    "regression": {
        "mse": 0.37606837606837606,
        "rmse": 0.6132441406718666,
        "mae": 0.23931623931623933,
        "kendall": 0.7756304997793524
    }
}