{
    "high": {
        "precision": 0.0,
        "recall": 0.0,
        "f1-score": 0.0,
        "support": 8.0
    },
    "low": {
        "precision": 0.7954545454545454,
        "recall": 0.813953488372093,
        "f1-score": 0.8045977011494253,
        "support": 43.0
    },
    "medium": {
        "precision": 0.5675675675675675,
        "recall": 0.8076923076923077,
        "f1-score": 0.6666666666666666,
        "support": 26.0
    },
    "normal": {
        "precision": 0.9722222222222222,
        "recall": 0.875,
        "f1-score": 0.9210526315789473,
        "support": 40.0
    },
    "accuracy": 0.7777777777777778,
    "macro_avg": {
        "precision": 0.5838110838110838,
        "recall": 0.6241614490161002,
        "f1-score": 0.5980792498487598,
        "support": 117.0
    },
    "weighted_avg": {
        "precision": 0.7508563341896675,
        "recall": 0.7777777777777778,
        "f1-score": 0.7587447841531325,
        "support": 117.0
    },
    "micro_avg": {
        "precision": 0.7777777777777778,
        "recall": 0.7777777777777778,
        "f1-score": 0.7777777777777778
    },
    "regression": {
        "mse": 0.4017094017094017,
        "rmse": 0.633805492015809,
        "mae": 0.28205128205128205,
        "kendall": 0.7260229931501162
    }
}