{
    "high": {
        "precision": 0.8,
        "recall": 0.5,
        "f1-score": 0.6153846153846154,
        "support": 8.0
    },
    "low": {
        "precision": 0.896551724137931,
        "recall": 0.9629629629629629,
        "f1-score": 0.9285714285714286,
        "support": 108.0
    },
    "medium": {
        "precision": 0.987012987012987,
        "recall": 0.9620253164556962,
        "f1-score": 0.9743589743589743,
        "support": 158.0
    },
    "normal": {
        "precision": 0.9884393063583815,
        "recall": 0.9827586206896551,
        "f1-score": 0.9855907780979827,
        "support": 174.0
    },
    "accuracy": 0.9620535714285714,
    "macro_avg": {
        "precision": 0.9180010043773249,
        "recall": 0.8519367250270785,
        "f1-score": 0.8759764491032502,
        "support": 448.0
    },
    "weighted_avg": {
        "precision": 0.9624198157618457,
        "recall": 0.9620535714285714,
        "f1-score": 0.9612730012199958,
        "support": 448.0
    },
    "micro_avg": {
        "precision": 0.9620535714285714,
        "recall": 0.9620535714285714,
        "f1-score": 0.9620535714285714
    },
    "regression": {
        "mse": 0.08258928571428571,
        "rmse": 0.287383516775555,
        "mae": 0.05133928571428571,
        "kendall": 0.9443876643100738
    }
}