{
    "high": {
        "precision": 0.0,
        "recall": 0.0,
        "f1-score": 0.0,
        "support": 8.0
    },
    "low": {
        "precision": 0.8,
        "recall": 0.8372093023255814,
        "f1-score": 0.8181818181818182,
        "support": 43.0
    },
    "medium": {
        "precision": 1.0,
        "recall": 0.038461538461538464,
        "f1-score": 0.07407407407407407,
        "support": 26.0
    },
    "normal": {
        "precision": 0.5352112676056338,
        "recall": 0.95,
        "f1-score": 0.6846846846846847,
        "support": 40.0
    },
    "accuracy": 0.6410256410256411,
    "macro_avg": {
        "precision": 0.5838028169014085,
        "recall": 0.45641771019677996,
        "f1-score": 0.3942351442351443,
        "support": 117.0
    },
    "weighted_avg": {
        "precision": 0.6992175273865414,
        "recall": 0.6410256410256411,
        "f1-score": 0.551240440129329,
        "support": 117.0
    },
    "micro_avg": {
        "precision": 0.6410256410256411,
        "recall": 0.6410256410256411,
        "f1-score": 0.6410256410256411
    },
    "regression": {
        "mse": 1.2991452991452992,
        "rmse": 1.1398005523534804,
        "mae": 0.6495726495726496,
        "kendall": 0.20979586835554093
    }
}