{
    "high": {
        "precision": 0.75,
        "recall": 0.375,
        "f1-score": 0.5,
        "support": 8.0
    },
    "low": {
        "precision": 0.8333333333333334,
        "recall": 0.9302325581395349,
        "f1-score": 0.8791208791208791,
        "support": 43.0
    },
    "medium": {
        "precision": 0.8571428571428571,
        "recall": 0.6923076923076923,
        "f1-score": 0.7659574468085106,
        "support": 26.0
    },
    "normal": {
        "precision": 0.8863636363636364,
        "recall": 0.975,
        "f1-score": 0.9285714285714286,
        "support": 40.0
    },
    "accuracy": 0.8547008547008547,
    "macro_avg": {
        "precision": 0.8317099567099567,
        "recall": 0.7431350626118067,
        "f1-score": 0.7684124386252047,
        "support": 117.0
    },
    "weighted_avg": {
        "precision": 0.851056351056351,
        "recall": 0.8547008547008547,
        "f1-score": 0.8449568253168909,
        "support": 117.0
    },
    "micro_avg": {
        "precision": 0.8547008547008547,
        "recall": 0.8547008547008547,
        "f1-score": 0.8547008547008547
    },
    "regression": {
        "mse": 0.36752136752136755,
        "rmse": 0.6062354060275328,
        "mae": 0.21367521367521367,
        "kendall": 0.7870156073489908
    }
}