{
    "high": {
        "precision": 1.0,
        "recall": 0.25,
        "f1-score": 0.4,
        "support": 8.0
    },
    "low": {
        "precision": 0.76,
        "recall": 0.8837209302325582,
        "f1-score": 0.8172043010752689,
        "support": 43.0
    },
    "medium": {
        "precision": 0.6785714285714286,
        "recall": 0.7307692307692307,
        "f1-score": 0.7037037037037037,
        "support": 26.0
    },
    "normal": {
        "precision": 0.972972972972973,
        "recall": 0.9,
        "f1-score": 0.935064935064935,
        "support": 40.0
    },
    "accuracy": 0.811965811965812,
    "macro_avg": {
        "precision": 0.8528861003861004,
        "recall": 0.6911225402504472,
        "f1-score": 0.7139932349609769,
        "support": 117.0
    },
    "weighted_avg": {
        "precision": 0.8311262911262911,
        "recall": 0.811965811965812,
        "f1-score": 0.8037493901293185,
        "support": 117.0
    },
    "micro_avg": {
        "precision": 0.811965811965812,
        "recall": 0.811965811965812,
        "f1-score": 0.811965811965812
    },
    "regression": {
        "mse": 0.36752136752136755,
        "rmse": 0.6062354060275328,
        "mae": 0.24786324786324787,
        "kendall": 0.7515887171445164
    }
}