{
    "high": {
        "precision": 0.0,
        "recall": 0.0,
        "f1-score": 0.0,
        "support": 8.0
    },
    "low": {
        "precision": 0.7547169811320755,
        "recall": 0.9302325581395349,
        "f1-score": 0.8333333333333334,
        "support": 43.0
    },
    "medium": {
        "precision": 0.0,
        "recall": 0.0,
        "f1-score": 0.0,
        "support": 26.0
    },
    "normal": {
        "precision": 0.59375,
        "recall": 0.95,
        "f1-score": 0.7307692307692307,
        "support": 40.0
    },
    "accuracy": 0.6666666666666666,
    "macro_avg": {
        "precision": 0.3371167452830189,
        "recall": 0.47005813953488373,
        "f1-score": 0.391025641025641,
        "support": 117.0
    },
    "weighted_avg": {
        "precision": 0.48036606998871156,
        "recall": 0.6666666666666666,
        "f1-score": 0.5561034407188253,
        "support": 117.0
    },
    "micro_avg": {
        "precision": 0.6666666666666666,
        "recall": 0.6666666666666666,
        "f1-score": 0.6666666666666666
    },
    "regression": {
        "mse": 1.1794871794871795,
        "rmse": 1.086041978694737,
        "mae": 0.5982905982905983,
        "kendall": 0.26930906205264293
    }
}