{
    "high": {
        "precision": 0.0,
        "recall": 0.0,
        "f1-score": 0.0,
        "support": 8.0
    },
    "low": {
        "precision": 0.7659574468085106,
        "recall": 0.8372093023255814,
        "f1-score": 0.8,
        "support": 43.0
    },
    "medium": {
        "precision": 0.625,
        "recall": 0.7692307692307693,
        "f1-score": 0.6896551724137931,
        "support": 26.0
    },
    "normal": {
        "precision": 0.9473684210526315,
        "recall": 0.9,
        "f1-score": 0.9230769230769231,
        "support": 40.0
    },
    "accuracy": 0.7863247863247863,
    "macro_avg": {
        "precision": 0.5845814669652856,
        "recall": 0.6266100178890877,
        "f1-score": 0.6031830238726791,
        "support": 117.0
    },
    "weighted_avg": {
        "precision": 0.7442812568792412,
        "recall": 0.7863247863247863,
        "f1-score": 0.7628556530413294,
        "support": 117.0
    },
    "micro_avg": {
        "precision": 0.7863247863247863,
        "recall": 0.7863247863247863,
        "f1-score": 0.7863247863247863
    },
    "regression": {
        "mse": 0.39316239316239315,
        "rmse": 0.6270266287506402,
        "mae": 0.27350427350427353,
        "kendall": 0.7372916592633193
    }
}