{
    "high": {
        "precision": 0.6666666666666666,
        "recall": 0.75,
        "f1-score": 0.7058823529411765,
        "support": 8.0
    },
    "low": {
        "precision": 0.9433962264150944,
        "recall": 0.9259259259259259,
        "f1-score": 0.9345794392523364,
        "support": 108.0
    },
    "medium": {
        "precision": 0.9625,
        "recall": 0.9746835443037974,
        "f1-score": 0.9685534591194969,
        "support": 158.0
    },
    "normal": {
        "precision": 0.9942196531791907,
        "recall": 0.9885057471264368,
        "f1-score": 0.9913544668587896,
        "support": 174.0
    },
    "accuracy": 0.9642857142857143,
    "macro_avg": {
        "precision": 0.891695636565238,
        "recall": 0.90977880433904,
        "f1-score": 0.9000924295429499,
        "support": 448.0
    },
    "weighted_avg": {
        "precision": 0.9649315746413901,
        "recall": 0.9642857142857143,
        "f1-score": 0.9645284866899366,
        "support": 448.0
    },
    "micro_avg": {
        "precision": 0.9642857142857143,
        "recall": 0.9642857142857143,
        "f1-score": 0.9642857142857143
    },
    "regression": {
        "mse": 0.07366071428571429,
        "rmse": 0.2714050741709047,
        "mae": 0.046875,
        "kendall": 0.9509182808500491
    }
}