{
    "high": {
        "precision": 0.5,
        "recall": 0.375,
        "f1-score": 0.42857142857142855,
        "support": 8.0
    },
    "low": {
        "precision": 0.8378378378378378,
        "recall": 0.7209302325581395,
        "f1-score": 0.775,
        "support": 43.0
    },
    "medium": {
        "precision": 0.6129032258064516,
        "recall": 0.7307692307692307,
        "f1-score": 0.6666666666666666,
        "support": 26.0
    },
    "normal": {
        "precision": 0.8372093023255814,
        "recall": 0.9,
        "f1-score": 0.8674698795180723,
        "support": 40.0
    },
    "accuracy": 0.7606837606837606,
    "macro_avg": {
        "precision": 0.6969875914924677,
        "recall": 0.6816748658318426,
        "f1-score": 0.6844269936890419,
        "support": 117.0
    },
    "weighted_avg": {
        "precision": 0.7645374614616925,
        "recall": 0.7606837606837606,
        "f1-score": 0.7588521362617747,
        "support": 117.0
    },
    "micro_avg": {
        "precision": 0.7606837606837606,
        "recall": 0.7606837606837606,
        "f1-score": 0.7606837606837606
    },
    "regression": {
        "mse": 0.5299145299145299,
        "rmse": 0.7279522854655585,
        "mae": 0.3247863247863248,
        "kendall": 0.6830405906813903
    }
}