{
    "high": {
        "precision": 0.6,
        "recall": 0.375,
        "f1-score": 0.46153846153846156,
        "support": 8.0
    },
    "low": {
        "precision": 0.7872340425531915,
        "recall": 0.8604651162790697,
        "f1-score": 0.8222222222222222,
        "support": 43.0
    },
    "medium": {
        "precision": 0.75,
        "recall": 0.8076923076923077,
        "f1-score": 0.7777777777777778,
        "support": 26.0
    },
    "normal": {
        "precision": 0.972972972972973,
        "recall": 0.9,
        "f1-score": 0.935064935064935,
        "support": 40.0
    },
    "accuracy": 0.8290598290598291,
    "macro_avg": {
        "precision": 0.7775517538815411,
        "recall": 0.7357893559928443,
        "f1-score": 0.7491508491508491,
        "support": 117.0
    },
    "weighted_avg": {
        "precision": 0.8296579722111637,
        "recall": 0.8290598290598291,
        "f1-score": 0.8262622467750672,
        "support": 117.0
    },
    "micro_avg": {
        "precision": 0.8290598290598291,
        "recall": 0.8290598290598291,
        "f1-score": 0.8290598290598291
    },
    "regression": {
        "mse": 0.4188034188034188,
        "rmse": 0.647150228929434,
        "mae": 0.24786324786324787,
        "kendall": 0.7469832351859739
    }
}