{
    "high": {
        "precision": 0.5,
        "recall": 0.75,
        "f1-score": 0.6,
        "support": 8.0
    },
    "low": {
        "precision": 0.9428571428571428,
        "recall": 0.9166666666666666,
        "f1-score": 0.9295774647887324,
        "support": 108.0
    },
    "medium": {
        "precision": 0.9617834394904459,
        "recall": 0.9556962025316456,
        "f1-score": 0.9587301587301588,
        "support": 158.0
    },
    "normal": {
        "precision": 0.9827586206896551,
        "recall": 0.9827586206896551,
        "f1-score": 0.9827586206896551,
        "support": 174.0
    },
    "accuracy": 0.953125,
    "macro_avg": {
        "precision": 0.8468498007593109,
        "recall": 0.9012803724719919,
        "f1-score": 0.8677665610521366,
        "support": 448.0
    },
    "weighted_avg": {
        "precision": 0.9571213278304952,
        "recall": 0.953125,
        "f1-score": 0.9546288644565808,
        "support": 448.0
    },
    "micro_avg": {
        "precision": 0.953125,
        "recall": 0.953125,
        "f1-score": 0.953125
    },
    "regression": {
        "mse": 0.078125,
        "rmse": 0.2795084971874737,
        "mae": 0.05580357142857143,
        "kendall": 0.9479006549551725
    }
}