{
    "high": {
        "precision": 0.5,
        "recall": 0.25,
        "f1-score": 0.3333333333333333,
        "support": 8.0
    },
    "low": {
        "precision": 0.7407407407407407,
        "recall": 0.9302325581395349,
        "f1-score": 0.8247422680412371,
        "support": 43.0
    },
    "medium": {
        "precision": 0.75,
        "recall": 0.6923076923076923,
        "f1-score": 0.72,
        "support": 26.0
    },
    "normal": {
        "precision": 0.9142857142857143,
        "recall": 0.8,
        "f1-score": 0.8533333333333334,
        "support": 40.0
    },
    "accuracy": 0.7863247863247863,
    "macro_avg": {
        "precision": 0.7262566137566138,
        "recall": 0.6681350626118068,
        "f1-score": 0.6828522336769759,
        "support": 117.0
    },
    "weighted_avg": {
        "precision": 0.7856690634468412,
        "recall": 0.7863247863247863,
        "f1-score": 0.7776403207331042,
        "support": 117.0
    },
    "micro_avg": {
        "precision": 0.7863247863247863,
        "recall": 0.7863247863247863,
        "f1-score": 0.7863247863247863
    },
    "regression": {
        "mse": 0.5384615384615384,
        "rmse": 0.7337993857053428,
        "mae": 0.3162393162393162,
        "kendall": 0.6552478589856635
    }
}