{
    "high": {
        "precision": 1.0,
        "recall": 0.375,
        "f1-score": 0.5454545454545454,
        "support": 8.0
    },
    "low": {
        "precision": 0.7551020408163265,
        "recall": 0.8604651162790697,
        "f1-score": 0.8043478260869565,
        "support": 43.0
    },
    "medium": {
        "precision": 0.75,
        "recall": 0.6923076923076923,
        "f1-score": 0.72,
        "support": 26.0
    },
    "normal": {
        "precision": 0.8536585365853658,
        "recall": 0.875,
        "f1-score": 0.8641975308641975,
        "support": 40.0
    },
    "accuracy": 0.7948717948717948,
    "macro_avg": {
        "precision": 0.839690144350423,
        "recall": 0.7006932021466905,
        "f1-score": 0.7334999756014248,
        "support": 117.0
    },
    "weighted_avg": {
        "precision": 0.8044079420386041,
        "recall": 0.7948717948717948,
        "f1-score": 0.7883631976063539,
        "support": 117.0
    },
    "micro_avg": {
        "precision": 0.7948717948717948,
        "recall": 0.7948717948717948,
        "f1-score": 0.7948717948717948
    },
    "regression": {
        "mse": 0.4358974358974359,
        "rmse": 0.6602252917735247,
        "mae": 0.28205128205128205,
        "kendall": 0.6997255459417246
    }
}