{
    "high": {
        "precision": 0.375,
        "recall": 0.375,
        "f1-score": 0.375,
        "support": 8.0
    },
    "low": {
        "precision": 0.7659574468085106,
        "recall": 0.8372093023255814,
        "f1-score": 0.8,
        "support": 43.0
    },
    "medium": {
        "precision": 0.76,
        "recall": 0.7307692307692307,
        "f1-score": 0.7450980392156863,
        "support": 26.0
    },
    "normal": {
        "precision": 0.8918918918918919,
        "recall": 0.825,
        "f1-score": 0.8571428571428571,
        "support": 40.0
    },
    "accuracy": 0.7777777777777778,
    "macro_avg": {
        "precision": 0.6982123346751006,
        "recall": 0.691994633273703,
        "f1-score": 0.6943102240896358,
        "support": 117.0
    },
    "weighted_avg": {
        "precision": 0.7809559477644584,
        "recall": 0.7777777777777778,
        "f1-score": 0.778275754746343,
        "support": 117.0
    },
    "micro_avg": {
        "precision": 0.7777777777777778,
        "recall": 0.7777777777777778,
        "f1-score": 0.7777777777777778
    },
    "regression": {
        "mse": 0.5470085470085471,
        "rmse": 0.7396002616336389,
        "mae": 0.3247863247863248,
        "kendall": 0.6730846744045811
    }
}