{
    "high": {
        "precision": 0.5,
        "recall": 0.25,
        "f1-score": 0.3333333333333333,
        "support": 8.0
    },
    "low": {
        "precision": 0.8372093023255814,
        "recall": 0.8372093023255814,
        "f1-score": 0.8372093023255814,
        "support": 43.0
    },
    "medium": {
        "precision": 0.6774193548387096,
        "recall": 0.8076923076923077,
        "f1-score": 0.7368421052631579,
        "support": 26.0
    },
    "normal": {
        "precision": 0.9487179487179487,
        "recall": 0.925,
        "f1-score": 0.9367088607594937,
        "support": 40.0
    },
    "accuracy": 0.8205128205128205,
    "macro_avg": {
        "precision": 0.74083665147056,
        "recall": 0.7049754025044723,
        "f1-score": 0.7110234004203916,
        "support": 117.0
    },
    "weighted_avg": {
        "precision": 0.8167659929446529,
        "recall": 0.8205128205128205,
        "f1-score": 0.8144693661016112,
        "support": 117.0
    },
    "micro_avg": {
        "precision": 0.8205128205128205,
        "recall": 0.8205128205128205,
        "f1-score": 0.8205128205128205
    },
    "regression": {
        "mse": 0.358974358974359,
        "rmse": 0.5991446895152781,
        "mae": 0.23931623931623933,
        "kendall": 0.7727689170242701
    }
}