{
    "high": {
        "precision": 0.6666666666666666,
        "recall": 0.25,
        "f1-score": 0.36363636363636365,
        "support": 8.0
    },
    "low": {
        "precision": 0.7916666666666666,
        "recall": 0.8837209302325582,
        "f1-score": 0.8351648351648352,
        "support": 43.0
    },
    "medium": {
        "precision": 0.7307692307692307,
        "recall": 0.7307692307692307,
        "f1-score": 0.7307692307692307,
        "support": 26.0
    },
    "normal": {
        "precision": 0.95,
        "recall": 0.95,
        "f1-score": 0.95,
        "support": 40.0
    },
    "accuracy": 0.8290598290598291,
    "macro_avg": {
        "precision": 0.784775641025641,
        "recall": 0.7036225402504472,
        "f1-score": 0.7198926073926073,
        "support": 117.0
    },
    "weighted_avg": {
        "precision": 0.8237179487179487,
        "recall": 0.8290598290598291,
        "f1-score": 0.8189844343690498,
        "support": 117.0
    },
    "micro_avg": {
        "precision": 0.8290598290598291,
        "recall": 0.8290598290598291,
        "f1-score": 0.8290598290598291
    },
    "regression": {
        "mse": 0.37606837606837606,
        "rmse": 0.6132441406718666,
        "mae": 0.23931623931623933,
        "kendall": 0.7642627705296015
    }
}