{
    "high": {
        "precision": 0.45454545454545453,
        "recall": 0.625,
        "f1-score": 0.5263157894736842,
        "support": 8.0
    },
    "low": {
        "precision": 0.926605504587156,
        "recall": 0.9351851851851852,
        "f1-score": 0.9308755760368663,
        "support": 108.0
    },
    "medium": {
        "precision": 0.9738562091503268,
        "recall": 0.9430379746835443,
        "f1-score": 0.9581993569131833,
        "support": 158.0
    },
    "normal": {
        "precision": 0.9828571428571429,
        "recall": 0.9885057471264368,
        "f1-score": 0.9856733524355301,
        "support": 174.0
    },
    "accuracy": 0.953125,
    "macro_avg": {
        "precision": 0.8344660777850201,
        "recall": 0.8729322267487916,
        "f1-score": 0.8502660187148159,
        "support": 448.0
    },
    "weighted_avg": {
        "precision": 0.9566879063273905,
        "recall": 0.953125,
        "f1-score": 0.9545708710799915,
        "support": 448.0
    },
    "micro_avg": {
        "precision": 0.953125,
        "recall": 0.953125,
        "f1-score": 0.953125
    },
    "regression": {
        "mse": 0.10267857142857142,
        "rmse": 0.32043497223082784,
        "mae": 0.0625,
        "kendall": 0.9365788718087966
    }
}