{
    "high": {
        "precision": 1.0,
        "recall": 0.125,
        "f1-score": 0.2222222222222222,
        "support": 8.0
    },
    "low": {
        "precision": 0.9357798165137615,
        "recall": 0.9444444444444444,
        "f1-score": 0.9400921658986175,
        "support": 108.0
    },
    "medium": {
        "precision": 0.9622641509433962,
        "recall": 0.9683544303797469,
        "f1-score": 0.9652996845425867,
        "support": 158.0
    },
    "normal": {
        "precision": 0.9608938547486033,
        "recall": 0.9885057471264368,
        "f1-score": 0.9745042492917847,
        "support": 174.0
    },
    "accuracy": 0.9553571428571429,
    "macro_avg": {
        "precision": 0.9647344555514403,
        "recall": 0.756576155487657,
        "f1-score": 0.7755295804888028,
        "support": 448.0
    },
    "weighted_avg": {
        "precision": 0.9560211758008924,
        "recall": 0.9553571428571429,
        "f1-score": 0.9495286188154637,
        "support": 448.0
    },
    "micro_avg": {
        "precision": 0.9553571428571429,
        "recall": 0.9553571428571429,
        "f1-score": 0.9553571428571429
    },
    "regression": {
        "mse": 0.125,
        "rmse": 0.3535533905932738,
        "mae": 0.06696428571428571,
        "kendall": 0.9247338814005536
    }
}