{
    "high": {
        "precision": 1.0,
        "recall": 0.375,
        "f1-score": 0.5454545454545454,
        "support": 8.0
    },
    "low": {
        "precision": 0.918918918918919,
        "recall": 0.7906976744186046,
        "f1-score": 0.85,
        "support": 43.0
    },
    "medium": {
        "precision": 0.6470588235294118,
        "recall": 0.8461538461538461,
        "f1-score": 0.7333333333333333,
        "support": 26.0
    },
    "normal": {
        "precision": 0.8837209302325582,
        "recall": 0.95,
        "f1-score": 0.9156626506024096,
        "support": 40.0
    },
    "accuracy": 0.8290598290598291,
    "macro_avg": {
        "precision": 0.8624246681702221,
        "recall": 0.7404628801431128,
        "f1-score": 0.7611126323475721,
        "support": 117.0
    },
    "weighted_avg": {
        "precision": 0.8520160695263295,
        "recall": 0.8290598290598291,
        "f1-score": 0.8256992226871744,
        "support": 117.0
    },
    "micro_avg": {
        "precision": 0.8290598290598291,
        "recall": 0.8290598290598291,
        "f1-score": 0.8290598290598291
    },
    "regression": {
        "mse": 0.29914529914529914,
        "rmse": 0.5469417694282447,
        "mae": 0.21367521367521367,
        "kendall": 0.7942568746586505
    }
}