{
    "high": {
        "precision": 0.3,
        "recall": 0.375,
        "f1-score": 0.3333333333333333,
        "support": 8.0
    },
    "low": {
        "precision": 0.813953488372093,
        "recall": 0.813953488372093,
        "f1-score": 0.813953488372093,
        "support": 43.0
    },
    "medium": {
        "precision": 0.782608695652174,
        "recall": 0.6923076923076923,
        "f1-score": 0.7346938775510204,
        "support": 26.0
    },
    "normal": {
        "precision": 0.8536585365853658,
        "recall": 0.875,
        "f1-score": 0.8641975308641975,
        "support": 40.0
    },
    "accuracy": 0.7777777777777778,
    "macro_avg": {
        "precision": 0.6875551801524081,
        "recall": 0.6890652951699463,
        "f1-score": 0.6865445575301611,
        "support": 117.0
    },
    "weighted_avg": {
        "precision": 0.7854202354732577,
        "recall": 0.7777777777777778,
        "f1-score": 0.78065477536377,
        "support": 117.0
    },
    "micro_avg": {
        "precision": 0.7777777777777778,
        "recall": 0.7777777777777778,
        "f1-score": 0.7777777777777778
    },
    "regression": {
        "mse": 0.6666666666666666,
        "rmse": 0.816496580927726,
        "mae": 0.358974358974359,
        "kendall": 0.6366797191536542
    }
}