{
    "high": {
        "precision": 0.5714285714285714,
        "recall": 0.5,
        "f1-score": 0.5333333333333333,
        "support": 8.0
    },
    "low": {
        "precision": 0.8648648648648649,
        "recall": 0.7441860465116279,
        "f1-score": 0.8,
        "support": 43.0
    },
    "medium": {
        "precision": 0.6666666666666666,
        "recall": 0.8461538461538461,
        "f1-score": 0.7457627118644068,
        "support": 26.0
    },
    "normal": {
        "precision": 0.925,
        "recall": 0.925,
        "f1-score": 0.925,
        "support": 40.0
    },
    "accuracy": 0.811965811965812,
    "macro_avg": {
        "precision": 0.7569900257400257,
        "recall": 0.7538349731663685,
        "f1-score": 0.7510240112994351,
        "support": 117.0
    },
    "weighted_avg": {
        "precision": 0.8213158213158213,
        "recall": 0.811965811965812,
        "f1-score": 0.812448693804626,
        "support": 117.0
    },
    "micro_avg": {
        "precision": 0.811965811965812,
        "recall": 0.811965811965812,
        "f1-score": 0.811965811965812
    },
    "regression": {
        "mse": 0.4188034188034188,
        "rmse": 0.647150228929434,
        "mae": 0.26495726495726496,
        "kendall": 0.7420674323040193
    }
}