{
    "high": {
        "precision": 1.0,
        "recall": 0.375,
        "f1-score": 0.5454545454545454,
        "support": 8.0
    },
    "low": {
        "precision": 0.782608695652174,
        "recall": 0.8372093023255814,
        "f1-score": 0.8089887640449438,
        "support": 43.0
    },
    "medium": {
        "precision": 0.6551724137931034,
        "recall": 0.7307692307692307,
        "f1-score": 0.6909090909090909,
        "support": 26.0
    },
    "normal": {
        "precision": 0.8974358974358975,
        "recall": 0.875,
        "f1-score": 0.8860759493670886,
        "support": 40.0
    },
    "accuracy": 0.7948717948717948,
    "macro_avg": {
        "precision": 0.8338042517202936,
        "recall": 0.7044946332737031,
        "f1-score": 0.7328570874439172,
        "support": 117.0
    },
    "weighted_avg": {
        "precision": 0.8084110475991458,
        "recall": 0.7948717948717948,
        "f1-score": 0.7910839962041781,
        "support": 117.0
    },
    "micro_avg": {
        "precision": 0.7948717948717948,
        "recall": 0.7948717948717948,
        "f1-score": 0.7948717948717948
    },
    "regression": {
        "mse": 0.358974358974359,
        "rmse": 0.5991446895152781,
        "mae": 0.2564102564102564,
        "kendall": 0.7426886638813877
    }
}