{
    "high": {
        "precision": 0.5,
        "recall": 0.25,
        "f1-score": 0.3333333333333333,
        "support": 8.0
    },
    "low": {
        "precision": 0.7884615384615384,
        "recall": 0.9534883720930233,
        "f1-score": 0.8631578947368421,
        "support": 43.0
    },
    "medium": {
        "precision": 0.8181818181818182,
        "recall": 0.6923076923076923,
        "f1-score": 0.75,
        "support": 26.0
    },
    "normal": {
        "precision": 0.9743589743589743,
        "recall": 0.95,
        "f1-score": 0.9620253164556962,
        "support": 40.0
    },
    "accuracy": 0.8461538461538461,
    "macro_avg": {
        "precision": 0.7702505827505828,
        "recall": 0.7114490161001789,
        "f1-score": 0.7271291361314679,
        "support": 117.0
    },
    "weighted_avg": {
        "precision": 0.8388968581276273,
        "recall": 0.8461538461538461,
        "f1-score": 0.8355852034066557,
        "support": 117.0
    },
    "micro_avg": {
        "precision": 0.8461538461538461,
        "recall": 0.8461538461538461,
        "f1-score": 0.8461538461538461
    },
    "regression": {
        "mse": 0.4017094017094017,
        "rmse": 0.633805492015809,
        "mae": 0.23076923076923078,
        "kendall": 0.7743731484153382
    }
}