{
    "high": {
        "precision": 0.5,
        "recall": 0.625,
        "f1-score": 0.5555555555555556,
        "support": 8.0
    },
    "low": {
        "precision": 0.9166666666666666,
        "recall": 0.9166666666666666,
        "f1-score": 0.9166666666666666,
        "support": 108.0
    },
    "medium": {
        "precision": 0.9615384615384616,
        "recall": 0.9493670886075949,
        "f1-score": 0.9554140127388535,
        "support": 158.0
    },
    "normal": {
        "precision": 0.9885057471264368,
        "recall": 0.9885057471264368,
        "f1-score": 0.9885057471264368,
        "support": 174.0
    },
    "accuracy": 0.9508928571428571,
    "macro_avg": {
        "precision": 0.8416777188328912,
        "recall": 0.8698848756001746,
        "f1-score": 0.8540354955218782,
        "support": 448.0
    },
    "weighted_avg": {
        "precision": 0.9529532967032966,
        "recall": 0.9508928571428571,
        "f1-score": 0.951785398341927,
        "support": 448.0
    },
    "micro_avg": {
        "precision": 0.9508928571428571,
        "recall": 0.9508928571428571,
        "f1-score": 0.9508928571428571
    },
    "regression": {
        "mse": 0.07589285714285714,
        "rmse": 0.27548658250966984,
        "mae": 0.05803571428571429,
        "kendall": 0.945224341533511
    }
}