{
    "high": {
        "precision": 1.0,
        "recall": 0.25,
        "f1-score": 0.4,
        "support": 8.0
    },
    "low": {
        "precision": 0.75,
        "recall": 0.9069767441860465,
        "f1-score": 0.8210526315789474,
        "support": 43.0
    },
    "medium": {
        "precision": 0.75,
        "recall": 0.6923076923076923,
        "f1-score": 0.72,
        "support": 26.0
    },
    "normal": {
        "precision": 0.9230769230769231,
        "recall": 0.9,
        "f1-score": 0.9113924050632911,
        "support": 40.0
    },
    "accuracy": 0.811965811965812,
    "macro_avg": {
        "precision": 0.8557692307692308,
        "recall": 0.6873211091234347,
        "f1-score": 0.7131112591605596,
        "support": 117.0
    },
    "weighted_avg": {
        "precision": 0.8262656147271533,
        "recall": 0.811965811965812,
        "f1-score": 0.8006919603455247,
        "support": 117.0
    },
    "micro_avg": {
        "precision": 0.811965811965812,
        "recall": 0.811965811965812,
        "f1-score": 0.811965811965812
    },
    "regression": {
        "mse": 0.36752136752136755,
        "rmse": 0.6062354060275328,
        "mae": 0.24786324786324787,
        "kendall": 0.7552108450361398
    }
}