{
    "high": {
        "precision": 0.6,
        "recall": 0.375,
        "f1-score": 0.46153846153846156,
        "support": 8.0
    },
    "low": {
        "precision": 0.8717948717948718,
        "recall": 0.7906976744186046,
        "f1-score": 0.8292682926829268,
        "support": 43.0
    },
    "medium": {
        "precision": 0.6363636363636364,
        "recall": 0.8076923076923077,
        "f1-score": 0.711864406779661,
        "support": 26.0
    },
    "normal": {
        "precision": 0.95,
        "recall": 0.95,
        "f1-score": 0.95,
        "support": 40.0
    },
    "accuracy": 0.8205128205128205,
    "macro_avg": {
        "precision": 0.764539627039627,
        "recall": 0.7308474955277281,
        "f1-score": 0.7381677902502624,
        "support": 117.0
    },
    "weighted_avg": {
        "precision": 0.8276293507062737,
        "recall": 0.8205128205128205,
        "f1-score": 0.8193104175550832,
        "support": 117.0
    },
    "micro_avg": {
        "precision": 0.8205128205128205,
        "recall": 0.8205128205128205,
        "f1-score": 0.8205128205128205
    },
    "regression": {
        "mse": 0.3333333333333333,
        "rmse": 0.5773502691896257,
        "mae": 0.23076923076923078,
        "kendall": 0.7865381399237117
    }
}