{
    "high": {
        "precision": 1.0,
        "recall": 0.5,
        "f1-score": 0.6666666666666666,
        "support": 8.0
    },
    "low": {
        "precision": 0.8222222222222222,
        "recall": 0.8604651162790697,
        "f1-score": 0.8409090909090909,
        "support": 43.0
    },
    "medium": {
        "precision": 0.85,
        "recall": 0.6538461538461539,
        "f1-score": 0.7391304347826086,
        "support": 26.0
    },
    "normal": {
        "precision": 0.8333333333333334,
        "recall": 1.0,
        "f1-score": 0.9090909090909091,
        "support": 40.0
    },
    "accuracy": 0.8376068376068376,
    "macro_avg": {
        "precision": 0.8763888888888889,
        "recall": 0.7535778175313059,
        "f1-score": 0.7889492753623188,
        "support": 117.0
    },
    "weighted_avg": {
        "precision": 0.844349477682811,
        "recall": 0.8376068376068376,
        "f1-score": 0.8296876231658841,
        "support": 117.0
    },
    "micro_avg": {
        "precision": 0.8376068376068376,
        "recall": 0.8376068376068376,
        "f1-score": 0.8376068376068376
    },
    "regression": {
        "mse": 0.42735042735042733,
        "rmse": 0.6537204504606134,
        "mae": 0.23931623931623933,
        "kendall": 0.7468152260288036
    }
}