{
    "high": {
        "precision": 0.6,
        "recall": 0.375,
        "f1-score": 0.46153846153846156,
        "support": 8.0
    },
    "low": {
        "precision": 0.8372093023255814,
        "recall": 0.8372093023255814,
        "f1-score": 0.8372093023255814,
        "support": 43.0
    },
    "medium": {
        "precision": 0.76,
        "recall": 0.7307692307692307,
        "f1-score": 0.7450980392156863,
        "support": 26.0
    },
    "normal": {
        "precision": 0.8181818181818182,
        "recall": 0.9,
        "f1-score": 0.8571428571428571,
        "support": 40.0
    },
    "accuracy": 0.8034188034188035,
    "macro_avg": {
        "precision": 0.7538477801268499,
        "recall": 0.7107446332737031,
        "f1-score": 0.7252471650556466,
        "support": 117.0
    },
    "weighted_avg": {
        "precision": 0.7973271173271173,
        "recall": 0.8034188034188035,
        "f1-score": 0.7978681281848703,
        "support": 117.0
    },
    "micro_avg": {
        "precision": 0.8034188034188035,
        "recall": 0.8034188034188035,
        "f1-score": 0.8034188034188035
    },
    "regression": {
        "mse": 0.452991452991453,
        "rmse": 0.6730463973541891,
        "mae": 0.28205128205128205,
        "kendall": 0.7060434675639329
    }
}