{
    "high": {
        "precision": 1.0,
        "recall": 0.625,
        "f1-score": 0.7692307692307693,
        "support": 8.0
    },
    "low": {
        "precision": 0.9423076923076923,
        "recall": 0.9074074074074074,
        "f1-score": 0.9245283018867925,
        "support": 108.0
    },
    "medium": {
        "precision": 0.9393939393939394,
        "recall": 0.9810126582278481,
        "f1-score": 0.9597523219814241,
        "support": 158.0
    },
    "normal": {
        "precision": 0.9827586206896551,
        "recall": 0.9827586206896551,
        "f1-score": 0.9827586206896551,
        "support": 174.0
    },
    "accuracy": 0.9575892857142857,
    "macro_avg": {
        "precision": 0.9661150630978218,
        "recall": 0.8740446715812277,
        "f1-score": 0.9090675034471603,
        "support": 448.0
    },
    "weighted_avg": {
        "precision": 0.9580211455211456,
        "recall": 0.9575892857142857,
        "f1-score": 0.9567941286399214,
        "support": 448.0
    },
    "micro_avg": {
        "precision": 0.9575892857142857,
        "recall": 0.9575892857142857,
        "f1-score": 0.9575892857142857
    },
    "regression": {
        "mse": 0.07366071428571429,
        "rmse": 0.2714050741709047,
        "mae": 0.05133928571428571,
        "kendall": 0.9480844019599223
    }
}