{
    "high": {
        "precision": 0.5,
        "recall": 0.375,
        "f1-score": 0.42857142857142855,
        "support": 8.0
    },
    "low": {
        "precision": 0.78,
        "recall": 0.9069767441860465,
        "f1-score": 0.8387096774193549,
        "support": 43.0
    },
    "medium": {
        "precision": 0.7916666666666666,
        "recall": 0.7307692307692307,
        "f1-score": 0.76,
        "support": 26.0
    },
    "normal": {
        "precision": 0.9459459459459459,
        "recall": 0.875,
        "f1-score": 0.9090909090909091,
        "support": 40.0
    },
    "accuracy": 0.8205128205128205,
    "macro_avg": {
        "precision": 0.7544031531531532,
        "recall": 0.7219364937388193,
        "f1-score": 0.7340930037704232,
        "support": 117.0
    },
    "weighted_avg": {
        "precision": 0.8201809501809502,
        "recall": 0.8205128205128205,
        "f1-score": 0.8172369565917953,
        "support": 117.0
    },
    "micro_avg": {
        "precision": 0.8205128205128205,
        "recall": 0.8205128205128205,
        "f1-score": 0.8205128205128205
    },
    "regression": {
        "mse": 0.452991452991453,
        "rmse": 0.6730463973541891,
        "mae": 0.26495726495726496,
        "kendall": 0.7281194862043578
    }
}