{
    "high": {
        "precision": 0.6666666666666666,
        "recall": 0.5,
        "f1-score": 0.5714285714285714,
        "support": 8.0
    },
    "low": {
        "precision": 0.970873786407767,
        "recall": 0.9259259259259259,
        "f1-score": 0.9478672985781991,
        "support": 108.0
    },
    "medium": {
        "precision": 0.9567901234567902,
        "recall": 0.9810126582278481,
        "f1-score": 0.96875,
        "support": 158.0
    },
    "normal": {
        "precision": 0.9774011299435028,
        "recall": 0.9942528735632183,
        "f1-score": 0.9857549857549858,
        "support": 174.0
    },
    "accuracy": 0.9642857142857143,
    "macro_avg": {
        "precision": 0.8929329266186816,
        "recall": 0.850297864429248,
        "f1-score": 0.868450213940439,
        "support": 448.0
    },
    "weighted_avg": {
        "precision": 0.9630096838877557,
        "recall": 0.9642857142857143,
        "f1-score": 0.9632253668286642,
        "support": 448.0
    },
    "micro_avg": {
        "precision": 0.9642857142857143,
        "recall": 0.9642857142857143,
        "f1-score": 0.9642857142857143
    },
    "regression": {
        "mse": 0.07366071428571429,
        "rmse": 0.2714050741709047,
        "mae": 0.046875,
        "kendall": 0.9520580339218165
    }
}