{
    "high": {
        "precision": 0.75,
        "recall": 0.375,
        "f1-score": 0.5,
        "support": 8.0
    },
    "low": {
        "precision": 0.8536585365853658,
        "recall": 0.813953488372093,
        "f1-score": 0.8333333333333334,
        "support": 43.0
    },
    "medium": {
        "precision": 0.6896551724137931,
        "recall": 0.7692307692307693,
        "f1-score": 0.7272727272727273,
        "support": 26.0
    },
    "normal": {
        "precision": 0.9069767441860465,
        "recall": 0.975,
        "f1-score": 0.9397590361445783,
        "support": 40.0
    },
    "accuracy": 0.8290598290598291,
    "macro_avg": {
        "precision": 0.8000726132963013,
        "recall": 0.7332960644007156,
        "f1-score": 0.7500912741876598,
        "support": 117.0
    },
    "weighted_avg": {
        "precision": 0.828354028404882,
        "recall": 0.8290598290598291,
        "f1-score": 0.8233571426342511,
        "support": 117.0
    },
    "micro_avg": {
        "precision": 0.8290598290598291,
        "recall": 0.8290598290598291,
        "f1-score": 0.8290598290598291
    },
    "regression": {
        "mse": 0.3247863247863248,
        "rmse": 0.5699002761767402,
        "mae": 0.2222222222222222,
        "kendall": 0.7897470148135388
    }
}