{
    "high": {
        "precision": 0.8,
        "recall": 0.5,
        "f1-score": 0.6153846153846154,
        "support": 8.0
    },
    "low": {
        "precision": 0.8222222222222222,
        "recall": 0.8604651162790697,
        "f1-score": 0.8409090909090909,
        "support": 43.0
    },
    "medium": {
        "precision": 0.7407407407407407,
        "recall": 0.7692307692307693,
        "f1-score": 0.7547169811320755,
        "support": 26.0
    },
    "normal": {
        "precision": 0.95,
        "recall": 0.95,
        "f1-score": 0.95,
        "support": 40.0
    },
    "accuracy": 0.8461538461538461,
    "macro_avg": {
        "precision": 0.8282407407407408,
        "recall": 0.7699239713774597,
        "f1-score": 0.7902526718564455,
        "support": 117.0
    },
    "weighted_avg": {
        "precision": 0.8462804685026907,
        "recall": 0.8461538461538461,
        "f1-score": 0.8436308490735197,
        "support": 117.0
    },
    "micro_avg": {
        "precision": 0.8461538461538461,
        "recall": 0.8461538461538461,
        "f1-score": 0.8461538461538461
    },
    "regression": {
        "mse": 0.3333333333333333,
        "rmse": 0.5773502691896257,
        "mae": 0.21367521367521367,
        "kendall": 0.7847290293468753
    }
}