{
    "high": {
        "precision": 0.2857142857142857,
        "recall": 0.25,
        "f1-score": 0.26666666666666666,
        "support": 8.0
    },
    "low": {
        "precision": 0.9166666666666666,
        "recall": 0.7674418604651163,
        "f1-score": 0.8354430379746836,
        "support": 43.0
    },
    "medium": {
        "precision": 0.6470588235294118,
        "recall": 0.8461538461538461,
        "f1-score": 0.7333333333333333,
        "support": 26.0
    },
    "normal": {
        "precision": 0.975,
        "recall": 0.975,
        "f1-score": 0.975,
        "support": 40.0
    },
    "accuracy": 0.8205128205128205,
    "macro_avg": {
        "precision": 0.7061099439775911,
        "recall": 0.7096489266547407,
        "f1-score": 0.7026107594936709,
        "support": 117.0
    },
    "weighted_avg": {
        "precision": 0.8335547894371423,
        "recall": 0.8205128205128205,
        "f1-score": 0.821573082332576,
        "support": 117.0
    },
    "micro_avg": {
        "precision": 0.8205128205128205,
        "recall": 0.8205128205128205,
        "f1-score": 0.8205128205128205
    },
    "regression": {
        "mse": 0.37606837606837606,
        "rmse": 0.6132441406718666,
        "mae": 0.23931623931623933,
        "kendall": 0.7946438178081338
    }
}