{
    "high": {
        "precision": 0.75,
        "recall": 0.375,
        "f1-score": 0.5,
        "support": 8.0
    },
    "low": {
        "precision": 0.8043478260869565,
        "recall": 0.8604651162790697,
        "f1-score": 0.8314606741573034,
        "support": 43.0
    },
    "medium": {
        "precision": 0.7407407407407407,
        "recall": 0.7692307692307693,
        "f1-score": 0.7547169811320755,
        "support": 26.0
    },
    "normal": {
        "precision": 0.95,
        "recall": 0.95,
        "f1-score": 0.95,
        "support": 40.0
    },
    "accuracy": 0.8376068376068376,
    "macro_avg": {
        "precision": 0.8112721417069244,
        "recall": 0.7386739713774597,
        "f1-score": 0.7590444138223447,
        "support": 117.0
    },
    "weighted_avg": {
        "precision": 0.8362924425726358,
        "recall": 0.8376068376068376,
        "f1-score": 0.832268807676906,
        "support": 117.0
    },
    "micro_avg": {
        "precision": 0.8376068376068376,
        "recall": 0.8376068376068376,
        "f1-score": 0.8376068376068376
    },
    "regression": {
        "mse": 0.26495726495726496,
        "rmse": 0.5147399974329419,
        "mae": 0.19658119658119658,
        "kendall": 0.8264434268049036
    }
}