{
    "high": {
        "precision": 0.5,
        "recall": 0.5,
        "f1-score": 0.5,
        "support": 8.0
    },
    "low": {
        "precision": 0.8717948717948718,
        "recall": 0.7906976744186046,
        "f1-score": 0.8292682926829268,
        "support": 43.0
    },
    "medium": {
        "precision": 0.6666666666666666,
        "recall": 0.7692307692307693,
        "f1-score": 0.7142857142857143,
        "support": 26.0
    },
    "normal": {
        "precision": 0.95,
        "recall": 0.95,
        "f1-score": 0.95,
        "support": 40.0
    },
    "accuracy": 0.8205128205128205,
    "macro_avg": {
        "precision": 0.7471153846153846,
        "recall": 0.7524821109123434,
        "f1-score": 0.7483885017421603,
        "support": 117.0
    },
    "weighted_avg": {
        "precision": 0.8275257506026736,
        "recall": 0.8205128205128205,
        "f1-score": 0.8224783346734565,
        "support": 117.0
    },
    "micro_avg": {
        "precision": 0.8205128205128205,
        "recall": 0.8205128205128205,
        "f1-score": 0.8205128205128205
    },
    "regression": {
        "mse": 0.358974358974359,
        "rmse": 0.5991446895152781,
        "mae": 0.23931623931623933,
        "kendall": 0.7824655309678
    }
}