{
    "high": {
        "precision": 0.75,
        "recall": 0.375,
        "f1-score": 0.5,
        "support": 8.0
    },
    "low": {
        "precision": 0.8043478260869565,
        "recall": 0.8604651162790697,
        "f1-score": 0.8314606741573034,
        "support": 43.0
    },
    "medium": {
        "precision": 0.6896551724137931,
        "recall": 0.7692307692307693,
        "f1-score": 0.7272727272727273,
        "support": 26.0
    },
    "normal": {
        "precision": 0.9210526315789473,
        "recall": 0.875,
        "f1-score": 0.8974358974358975,
        "support": 40.0
    },
    "accuracy": 0.811965811965812,
    "macro_avg": {
        "precision": 0.7912639075199243,
        "recall": 0.7199239713774598,
        "f1-score": 0.739042324716482,
        "support": 117.0
    },
    "weighted_avg": {
        "precision": 0.8150435578432107,
        "recall": 0.811965811965812,
        "f1-score": 0.8081994512418021,
        "support": 117.0
    },
    "micro_avg": {
        "precision": 0.811965811965812,
        "recall": 0.811965811965812,
        "f1-score": 0.811965811965812
    },
    "regression": {
        "mse": 0.3162393162393162,
        "rmse": 0.5623515948579823,
        "mae": 0.23076923076923078,
        "kendall": 0.7784507721430474
    }
}