{
    "high": {
        "precision": 0.0,
        "recall": 0.0,
        "f1-score": 0.0,
        "support": 8.0
    },
    "low": {
        "precision": 0.7142857142857143,
        "recall": 0.9302325581395349,
        "f1-score": 0.8080808080808081,
        "support": 43.0
    },
    "medium": {
        "precision": 0.0,
        "recall": 0.0,
        "f1-score": 0.0,
        "support": 26.0
    },
    "normal": {
        "precision": 0.5901639344262295,
        "recall": 0.9,
        "f1-score": 0.7128712871287128,
        "support": 40.0
    },
    "accuracy": 0.6495726495726496,
    "macro_avg": {
        "precision": 0.3261124121779859,
        "recall": 0.4575581395348837,
        "f1-score": 0.38023802380238025,
        "support": 117.0
    },
    "weighted_avg": {
        "precision": 0.4642807101823495,
        "recall": 0.6495726495726496,
        "f1-score": 0.540703643013874,
        "support": 117.0
    },
    "micro_avg": {
        "precision": 0.6495726495726496,
        "recall": 0.6495726495726496,
        "f1-score": 0.6495726495726496
    },
    "regression": {
        "mse": 1.188034188034188,
        "rmse": 1.0899698106067837,
        "mae": 0.6068376068376068,
        "kendall": 0.24030877052076668
    }
}