{
    "high": {
        "precision": 0.3333333333333333,
        "recall": 0.25,
        "f1-score": 0.2857142857142857,
        "support": 8.0
    },
    "low": {
        "precision": 0.8604651162790697,
        "recall": 0.8604651162790697,
        "f1-score": 0.8604651162790697,
        "support": 43.0
    },
    "medium": {
        "precision": 0.6896551724137931,
        "recall": 0.7692307692307693,
        "f1-score": 0.7272727272727273,
        "support": 26.0
    },
    "normal": {
        "precision": 0.9743589743589743,
        "recall": 0.95,
        "f1-score": 0.9620253164556962,
        "support": 40.0
    },
    "accuracy": 0.8290598290598291,
    "macro_avg": {
        "precision": 0.7144531490962927,
        "recall": 0.7074239713774597,
        "f1-score": 0.7088693614304448,
        "support": 117.0
    },
    "weighted_avg": {
        "precision": 0.8254022232802074,
        "recall": 0.8290598290598291,
        "f1-score": 0.8262890414789149,
        "support": 117.0
    },
    "micro_avg": {
        "precision": 0.8290598290598291,
        "recall": 0.8290598290598291,
        "f1-score": 0.8290598290598291
    },
    "regression": {
        "mse": 0.39316239316239315,
        "rmse": 0.6270266287506402,
        "mae": 0.23931623931623933,
        "kendall": 0.7781685724576891
    }
}