{
    "high": {
        "precision": 0.0,
        "recall": 0.0,
        "f1-score": 0.0,
        "support": 8.0
    },
    "low": {
        "precision": 0.8085106382978723,
        "recall": 0.8837209302325582,
        "f1-score": 0.8444444444444444,
        "support": 43.0
    },
    "medium": {
        "precision": 1.0,
        "recall": 0.038461538461538464,
        "f1-score": 0.07407407407407407,
        "support": 26.0
    },
    "normal": {
        "precision": 0.5507246376811594,
        "recall": 0.95,
        "f1-score": 0.6972477064220184,
        "support": 40.0
    },
    "accuracy": 0.6581196581196581,
    "macro_avg": {
        "precision": 0.5898088189947579,
        "recall": 0.4680456171735241,
        "f1-score": 0.4039415562351342,
        "support": 117.0
    },
    "weighted_avg": {
        "precision": 0.7076490850773921,
        "recall": 0.6581196581196581,
        "f1-score": 0.5651875666146818,
        "support": 117.0
    },
    "micro_avg": {
        "precision": 0.6581196581196581,
        "recall": 0.6581196581196581,
        "f1-score": 0.6581196581196581
    },
    "regression": {
        "mse": 1.2991452991452992,
        "rmse": 1.1398005523534804,
        "mae": 0.6324786324786325,
        "kendall": 0.20353483003683237
    }
}