{
    "high": {
        "precision": 0.5714285714285714,
        "recall": 0.5,
        "f1-score": 0.5333333333333333,
        "support": 8.0
    },
    "low": {
        "precision": 0.8571428571428571,
        "recall": 0.8372093023255814,
        "f1-score": 0.8470588235294118,
        "support": 43.0
    },
    "medium": {
        "precision": 0.7307692307692307,
        "recall": 0.7307692307692307,
        "f1-score": 0.7307692307692307,
        "support": 26.0
    },
    "normal": {
        "precision": 0.9285714285714286,
        "recall": 0.975,
        "f1-score": 0.9512195121951219,
        "support": 40.0
    },
    "accuracy": 0.8376068376068376,
    "macro_avg": {
        "precision": 0.7719780219780219,
        "recall": 0.7607446332737031,
        "f1-score": 0.7655952249567745,
        "support": 117.0
    },
    "weighted_avg": {
        "precision": 0.833943833943834,
        "recall": 0.8376068376068376,
        "f1-score": 0.8353758680874893,
        "support": 117.0
    },
    "micro_avg": {
        "precision": 0.8376068376068376,
        "recall": 0.8376068376068376,
        "f1-score": 0.8376068376068376
    },
    "regression": {
        "mse": 0.2905982905982906,
        "rmse": 0.5390716933750933,
        "mae": 0.20512820512820512,
        "kendall": 0.8196075540720946
    }
}