{
    "high": {
        "precision": 0.6666666666666666,
        "recall": 0.5,
        "f1-score": 0.5714285714285714,
        "support": 8.0
    },
    "low": {
        "precision": 0.8,
        "recall": 0.9302325581395349,
        "f1-score": 0.8602150537634409,
        "support": 43.0
    },
    "medium": {
        "precision": 0.782608695652174,
        "recall": 0.6923076923076923,
        "f1-score": 0.7346938775510204,
        "support": 26.0
    },
    "normal": {
        "precision": 0.9736842105263158,
        "recall": 0.925,
        "f1-score": 0.9487179487179487,
        "support": 40.0
    },
    "accuracy": 0.8461538461538461,
    "macro_avg": {
        "precision": 0.8057398932112891,
        "recall": 0.7618850626118068,
        "f1-score": 0.7787638628652453,
        "support": 117.0
    },
    "weighted_avg": {
        "precision": 0.846397673857628,
        "recall": 0.8461538461538461,
        "f1-score": 0.8428327747718035,
        "support": 117.0
    },
    "micro_avg": {
        "precision": 0.8461538461538461,
        "recall": 0.8461538461538461,
        "f1-score": 0.8461538461538461
    },
    "regression": {
        "mse": 0.3504273504273504,
        "rmse": 0.5919690451597536,
        "mae": 0.21367521367521367,
        "kendall": 0.7876958861651667
    }
}