{
    "high": {
        "precision": 0.2857142857142857,
        "recall": 0.25,
        "f1-score": 0.26666666666666666,
        "support": 8.0
    },
    "low": {
        "precision": 0.7954545454545454,
        "recall": 0.813953488372093,
        "f1-score": 0.8045977011494253,
        "support": 43.0
    },
    "medium": {
        "precision": 0.7692307692307693,
        "recall": 0.7692307692307693,
        "f1-score": 0.7692307692307693,
        "support": 26.0
    },
    "normal": {
        "precision": 0.875,
        "recall": 0.875,
        "f1-score": 0.875,
        "support": 40.0
    },
    "accuracy": 0.7863247863247863,
    "macro_avg": {
        "precision": 0.6813499000999,
        "recall": 0.6770460644007156,
        "f1-score": 0.6788737842617153,
        "support": 117.0
    },
    "weighted_avg": {
        "precision": 0.781968031968032,
        "recall": 0.7863247863247863,
        "f1-score": 0.7840259357500736,
        "support": 117.0
    },
    "micro_avg": {
        "precision": 0.7863247863247863,
        "recall": 0.7863247863247863,
        "f1-score": 0.7863247863247863
    },
    "regression": {
        "mse": 0.5811965811965812,
        "rmse": 0.7623624998624875,
        "mae": 0.3247863247863248,
        "kendall": 0.6730817926956222
    }
}