{
    "high": {
        "precision": 0.0,
        "recall": 0.0,
        "f1-score": 0.0,
        "support": 8.0
    },
    "low": {
        "precision": 0.9,
        "recall": 0.8372093023255814,
        "f1-score": 0.8674698795180723,
        "support": 43.0
    },
    "medium": {
        "precision": 0.0,
        "recall": 0.0,
        "f1-score": 0.0,
        "support": 26.0
    },
    "normal": {
        "precision": 0.5064935064935064,
        "recall": 0.975,
        "f1-score": 0.6666666666666666,
        "support": 40.0
    },
    "accuracy": 0.6410256410256411,
    "macro_avg": {
        "precision": 0.3516233766233766,
        "recall": 0.45305232558139535,
        "f1-score": 0.38353413654618473,
        "support": 117.0
    },
    "weighted_avg": {
        "precision": 0.5039294039294039,
        "recall": 0.6410256410256411,
        "f1-score": 0.5467339443243058,
        "support": 117.0
    },
    "micro_avg": {
        "precision": 0.6410256410256411,
        "recall": 0.6410256410256411,
        "f1-score": 0.6410256410256411
    },
    "regression": {
        "mse": 1.4615384615384615,
        "rmse": 1.2089410496539776,
        "mae": 0.6923076923076923,
        "kendall": 0.11294358889305645
    }
}