{
    "high": {
        "precision": 0.0,
        "recall": 0.0,
        "f1-score": 0.0,
        "support": 8.0
    },
    "low": {
        "precision": 0.7755102040816326,
        "recall": 0.8837209302325582,
        "f1-score": 0.8260869565217391,
        "support": 43.0
    },
    "medium": {
        "precision": 0.3333333333333333,
        "recall": 0.038461538461538464,
        "f1-score": 0.06896551724137931,
        "support": 26.0
    },
    "normal": {
        "precision": 0.5384615384615384,
        "recall": 0.875,
        "f1-score": 0.6666666666666666,
        "support": 40.0
    },
    "accuracy": 0.6324786324786325,
    "macro_avg": {
        "precision": 0.4118262689691261,
        "recall": 0.4492956171735242,
        "f1-score": 0.3904297851074463,
        "support": 117.0
    },
    "weighted_avg": {
        "precision": 0.5431800596635761,
        "recall": 0.6324786324786325,
        "f1-score": 0.5468505063707463,
        "support": 117.0
    },
    "micro_avg": {
        "precision": 0.6324786324786325,
        "recall": 0.6324786324786325,
        "f1-score": 0.6324786324786325
    },
    "regression": {
        "mse": 1.2820512820512822,
        "rmse": 1.1322770341445958,
        "mae": 0.6495726495726496,
        "kendall": 0.16369117572049963
    }
}