{
    "high": {
        "precision": 0.0,
        "recall": 0.0,
        "f1-score": 0.0,
        "support": 8.0
    },
    "low": {
        "precision": 0.78,
        "recall": 0.9069767441860465,
        "f1-score": 0.8387096774193549,
        "support": 43.0
    },
    "medium": {
        "precision": 0.0,
        "recall": 0.0,
        "f1-score": 0.0,
        "support": 26.0
    },
    "normal": {
        "precision": 0.5522388059701493,
        "recall": 0.925,
        "f1-score": 0.6915887850467289,
        "support": 40.0
    },
    "accuracy": 0.6495726495726496,
    "macro_avg": {
        "precision": 0.33305970149253733,
        "recall": 0.45799418604651165,
        "f1-score": 0.38257461561652095,
        "support": 117.0
    },
    "weighted_avg": {
        "precision": 0.47546625845133306,
        "recall": 0.6495726495726496,
        "f1-score": 0.5446843378709523,
        "support": 117.0
    },
    "micro_avg": {
        "precision": 0.6495726495726496,
        "recall": 0.6495726495726496,
        "f1-score": 0.6495726495726496
    },
    "regression": {
        "mse": 1.2905982905982907,
        "rmse": 1.1360450213782423,
        "mae": 0.6410256410256411,
        "kendall": 0.18525725727945294
    }
}