{
    "high": {
        "precision": 0.75,
        "recall": 0.375,
        "f1-score": 0.5,
        "support": 8.0
    },
    "low": {
        "precision": 0.7959183673469388,
        "recall": 0.9069767441860465,
        "f1-score": 0.8478260869565217,
        "support": 43.0
    },
    "medium": {
        "precision": 0.6896551724137931,
        "recall": 0.7692307692307693,
        "f1-score": 0.7272727272727273,
        "support": 26.0
    },
    "normal": {
        "precision": 0.9428571428571428,
        "recall": 0.825,
        "f1-score": 0.88,
        "support": 40.0
    },
    "accuracy": 0.811965811965812,
    "macro_avg": {
        "precision": 0.7946076706544687,
        "recall": 0.7190518783542039,
        "f1-score": 0.7387747035573122,
        "support": 117.0
    },
    "weighted_avg": {
        "precision": 0.8194000854099376,
        "recall": 0.811965811965812,
        "f1-score": 0.8082530995574474,
        "support": 117.0
    },
    "micro_avg": {
        "precision": 0.811965811965812,
        "recall": 0.811965811965812,
        "f1-score": 0.811965811965812
    },
    "regression": {
        "mse": 0.46153846153846156,
        "rmse": 0.6793662204867574,
        "mae": 0.27350427350427353,
        "kendall": 0.696333202974974
    }
}