{
    "high": {
        "precision": 0.0,
        "recall": 0.0,
        "f1-score": 0.0,
        "support": 8.0
    },
    "low": {
        "precision": 0.8043478260869565,
        "recall": 0.8604651162790697,
        "f1-score": 0.8314606741573034,
        "support": 43.0
    },
    "medium": {
        "precision": 0.0,
        "recall": 0.0,
        "f1-score": 0.0,
        "support": 26.0
    },
    "normal": {
        "precision": 0.5070422535211268,
        "recall": 0.9,
        "f1-score": 0.6486486486486487,
        "support": 40.0
    },
    "accuracy": 0.6239316239316239,
    "macro_avg": {
        "precision": 0.3278475199020208,
        "recall": 0.44011627906976747,
        "f1-score": 0.370027330701488,
        "support": 117.0
    },
    "weighted_avg": {
        "precision": 0.4689627919878992,
        "recall": 0.6239316239316239,
        "f1-score": 0.5273397857667521,
        "support": 117.0
    },
    "micro_avg": {
        "precision": 0.6239316239316239,
        "recall": 0.6239316239316239,
        "f1-score": 0.6239316239316239
    },
    "regression": {
        "mse": 1.4102564102564104,
        "rmse": 1.1875421719907089,
        "mae": 0.6923076923076923,
        "kendall": 0.0992708778570608
    }
}