{
    "high": {
        "precision": 0.6666666666666666,
        "recall": 0.25,
        "f1-score": 0.36363636363636365,
        "support": 8.0
    },
    "low": {
        "precision": 0.8125,
        "recall": 0.9069767441860465,
        "f1-score": 0.8571428571428571,
        "support": 43.0
    },
    "medium": {
        "precision": 0.7037037037037037,
        "recall": 0.7307692307692307,
        "f1-score": 0.7169811320754716,
        "support": 26.0
    },
    "normal": {
        "precision": 0.9487179487179487,
        "recall": 0.925,
        "f1-score": 0.9367088607594937,
        "support": 40.0
    },
    "accuracy": 0.8290598290598291,
    "macro_avg": {
        "precision": 0.7828970797720798,
        "recall": 0.7031864937388193,
        "f1-score": 0.7186173034035466,
        "support": 117.0
    },
    "weighted_avg": {
        "precision": 0.8249217741739109,
        "recall": 0.8290598290598291,
        "f1-score": 0.819453825902357,
        "support": 117.0
    },
    "micro_avg": {
        "precision": 0.8290598290598291,
        "recall": 0.8290598290598291,
        "f1-score": 0.8290598290598291
    },
    "regression": {
        "mse": 0.3247863247863248,
        "rmse": 0.5699002761767402,
        "mae": 0.2222222222222222,
        "kendall": 0.7878749413404815
    }
}