{
    "high": {
        "precision": 0.3333333333333333,
        "recall": 0.125,
        "f1-score": 0.18181818181818182,
        "support": 8.0
    },
    "low": {
        "precision": 0.7872340425531915,
        "recall": 0.8604651162790697,
        "f1-score": 0.8222222222222222,
        "support": 43.0
    },
    "medium": {
        "precision": 0.7142857142857143,
        "recall": 0.7692307692307693,
        "f1-score": 0.7407407407407407,
        "support": 26.0
    },
    "normal": {
        "precision": 0.8974358974358975,
        "recall": 0.875,
        "f1-score": 0.8860759493670886,
        "support": 40.0
    },
    "accuracy": 0.7948717948717948,
    "macro_avg": {
        "precision": 0.6830722469020342,
        "recall": 0.6574239713774598,
        "f1-score": 0.6577142735370584,
        "support": 117.0
    },
    "weighted_avg": {
        "precision": 0.777663204831781,
        "recall": 0.7948717948717948,
        "f1-score": 0.7821572499490924,
        "support": 117.0
    },
    "micro_avg": {
        "precision": 0.7948717948717948,
        "recall": 0.7948717948717948,
        "f1-score": 0.7948717948717948
    },
    "regression": {
        "mse": 0.452991452991453,
        "rmse": 0.6730463973541891,
        "mae": 0.28205128205128205,
        "kendall": 0.7194980277566778
    }
}