{
    "high": {
        "precision": 0.0,
        "recall": 0.0,
        "f1-score": 0.0,
        "support": 8.0
    },
    "low": {
        "precision": 0.7090909090909091,
        "recall": 0.9069767441860465,
        "f1-score": 0.7959183673469388,
        "support": 43.0
    },
    "medium": {
        "precision": 0.0,
        "recall": 0.0,
        "f1-score": 0.0,
        "support": 26.0
    },
    "normal": {
        "precision": 0.5967741935483871,
        "recall": 0.925,
        "f1-score": 0.7254901960784313,
        "support": 40.0
    },
    "accuracy": 0.6495726495726496,
    "macro_avg": {
        "precision": 0.32646627565982406,
        "recall": 0.45799418604651165,
        "f1-score": 0.3803521408563425,
        "support": 117.0
    },
    "weighted_avg": {
        "precision": 0.4646314259217485,
        "recall": 0.6495726495726496,
        "f1-score": 0.5405478430688515,
        "support": 117.0
    },
    "micro_avg": {
        "precision": 0.6495726495726496,
        "recall": 0.6495726495726496,
        "f1-score": 0.6495726495726496
    },
    "regression": {
        "mse": 1.1452991452991452,
        "rmse": 1.0701865002414976,
        "mae": 0.5982905982905983,
        "kendall": 0.28524490361680066
    }
}