{
    "high": {
        "precision": 0.3333333333333333,
        "recall": 0.125,
        "f1-score": 0.18181818181818182,
        "support": 8.0
    },
    "low": {
        "precision": 0.8085106382978723,
        "recall": 0.8837209302325582,
        "f1-score": 0.8444444444444444,
        "support": 43.0
    },
    "medium": {
        "precision": 0.6551724137931034,
        "recall": 0.7307692307692307,
        "f1-score": 0.6909090909090909,
        "support": 26.0
    },
    "normal": {
        "precision": 0.9736842105263158,
        "recall": 0.925,
        "f1-score": 0.9487179487179487,
        "support": 40.0
    },
    "accuracy": 0.811965811965812,
    "macro_avg": {
        "precision": 0.6926751489876563,
        "recall": 0.6661225402504471,
        "f1-score": 0.6664724164724165,
        "support": 117.0
    },
    "weighted_avg": {
        "precision": 0.7984143187448588,
        "recall": 0.811965811965812,
        "f1-score": 0.8006667596411186,
        "support": 117.0
    },
    "micro_avg": {
        "precision": 0.811965811965812,
        "recall": 0.811965811965812,
        "f1-score": 0.811965811965812
    },
    "regression": {
        "mse": 0.36752136752136755,
        "rmse": 0.6062354060275328,
        "mae": 0.24786324786324787,
        "kendall": 0.7692405853732232
    }
}