{
    "high": {
        "precision": 0.6,
        "recall": 0.375,
        "f1-score": 0.46153846153846156,
        "support": 8.0
    },
    "low": {
        "precision": 0.8947368421052632,
        "recall": 0.7906976744186046,
        "f1-score": 0.8395061728395061,
        "support": 43.0
    },
    "medium": {
        "precision": 0.6666666666666666,
        "recall": 0.8461538461538461,
        "f1-score": 0.7457627118644068,
        "support": 26.0
    },
    "normal": {
        "precision": 0.926829268292683,
        "recall": 0.95,
        "f1-score": 0.9382716049382716,
        "support": 40.0
    },
    "accuracy": 0.8290598290598291,
    "macro_avg": {
        "precision": 0.7720581942661532,
        "recall": 0.7404628801431128,
        "f1-score": 0.7462697377951615,
        "support": 117.0
    },
    "weighted_avg": {
        "precision": 0.8348734040646749,
        "recall": 0.8290598290598291,
        "f1-score": 0.8265963062428368,
        "support": 117.0
    },
    "micro_avg": {
        "precision": 0.8290598290598291,
        "recall": 0.8290598290598291,
        "f1-score": 0.8290598290598291
    },
    "regression": {
        "mse": 0.3247863247863248,
        "rmse": 0.5699002761767402,
        "mae": 0.2222222222222222,
        "kendall": 0.7934592263372132
    }
}