{
    "high": {
        "precision": 0.0,
        "recall": 0.0,
        "f1-score": 0.0,
        "support": 8.0
    },
    "low": {
        "precision": 0.8292682926829268,
        "recall": 0.7906976744186046,
        "f1-score": 0.8095238095238095,
        "support": 43.0
    },
    "medium": {
        "precision": 0.0,
        "recall": 0.0,
        "f1-score": 0.0,
        "support": 26.0
    },
    "normal": {
        "precision": 0.5066666666666667,
        "recall": 0.95,
        "f1-score": 0.6608695652173913,
        "support": 40.0
    },
    "accuracy": 0.6153846153846154,
    "macro_avg": {
        "precision": 0.3339837398373984,
        "recall": 0.4351744186046511,
        "f1-score": 0.3675983436853002,
        "support": 117.0
    },
    "weighted_avg": {
        "precision": 0.4779931901883121,
        "recall": 0.6153846153846154,
        "f1-score": 0.5234556104121322,
        "support": 117.0
    },
    "micro_avg": {
        "precision": 0.6153846153846154,
        "recall": 0.6153846153846154,
        "f1-score": 0.6153846153846154
    },
    "regression": {
        "mse": 1.435897435897436,
        "rmse": 1.1982893790305562,
        "mae": 0.7008547008547008,
        "kendall": 0.127400598898047
    }
}