{
    "high": {
        "precision": 0.75,
        "recall": 0.375,
        "f1-score": 0.5,
        "support": 8.0
    },
    "low": {
        "precision": 0.8043478260869565,
        "recall": 0.8604651162790697,
        "f1-score": 0.8314606741573034,
        "support": 43.0
    },
    "medium": {
        "precision": 0.7037037037037037,
        "recall": 0.7307692307692307,
        "f1-score": 0.7169811320754716,
        "support": 26.0
    },
    "normal": {
        "precision": 0.95,
        "recall": 0.95,
        "f1-score": 0.95,
        "support": 40.0
    },
    "accuracy": 0.8290598290598291,
    "macro_avg": {
        "precision": 0.8020128824476651,
        "recall": 0.7290585867620751,
        "f1-score": 0.7496104515581938,
        "support": 117.0
    },
    "weighted_avg": {
        "precision": 0.8280619898977387,
        "recall": 0.8290598290598291,
        "f1-score": 0.8238830634421053,
        "support": 117.0
    },
    "micro_avg": {
        "precision": 0.8290598290598291,
        "recall": 0.8290598290598291,
        "f1-score": 0.8290598290598291
    },
    "regression": {
        "mse": 0.3504273504273504,
        "rmse": 0.5919690451597536,
        "mae": 0.23076923076923078,
        "kendall": 0.773469022605468
    }
}