{
    "high": {
        "precision": 0.3333333333333333,
        "recall": 0.125,
        "f1-score": 0.18181818181818182,
        "support": 8.0
    },
    "low": {
        "precision": 0.7755102040816326,
        "recall": 0.8837209302325582,
        "f1-score": 0.8260869565217391,
        "support": 43.0
    },
    "medium": {
        "precision": 0.7037037037037037,
        "recall": 0.7307692307692307,
        "f1-score": 0.7169811320754716,
        "support": 26.0
    },
    "normal": {
        "precision": 0.8947368421052632,
        "recall": 0.85,
        "f1-score": 0.8717948717948718,
        "support": 40.0
    },
    "accuracy": 0.7863247863247863,
    "macro_avg": {
        "precision": 0.6768210208059832,
        "recall": 0.6473725402504472,
        "f1-score": 0.6491702855525661,
        "support": 117.0
    },
    "weighted_avg": {
        "precision": 0.7700801318178093,
        "recall": 0.7863247863247863,
        "f1-score": 0.773415289664422,
        "support": 117.0
    },
    "micro_avg": {
        "precision": 0.7863247863247863,
        "recall": 0.7863247863247863,
        "f1-score": 0.7863247863247863
    },
    "regression": {
        "mse": 0.4700854700854701,
        "rmse": 0.6856277926728686,
        "mae": 0.29914529914529914,
        "kendall": 0.6939103023729062
    }
}