{
    "high": {
        "precision": 0.6666666666666666,
        "recall": 0.5,
        "f1-score": 0.5714285714285714,
        "support": 8.0
    },
    "low": {
        "precision": 0.9,
        "recall": 0.8372093023255814,
        "f1-score": 0.8674698795180723,
        "support": 43.0
    },
    "medium": {
        "precision": 0.7,
        "recall": 0.8076923076923077,
        "f1-score": 0.75,
        "support": 26.0
    },
    "normal": {
        "precision": 0.9024390243902439,
        "recall": 0.925,
        "f1-score": 0.9135802469135802,
        "support": 40.0
    },
    "accuracy": 0.8376068376068376,
    "macro_avg": {
        "precision": 0.7922764227642276,
        "recall": 0.7674754025044723,
        "f1-score": 0.775619674465056,
        "support": 117.0
    },
    "weighted_avg": {
        "precision": 0.8404349940935307,
        "recall": 0.8376068376068376,
        "f1-score": 0.8368875492927256,
        "support": 117.0
    },
    "micro_avg": {
        "precision": 0.8376068376068376,
        "recall": 0.8376068376068376,
        "f1-score": 0.8376068376068376
    },
    "regression": {
        "mse": 0.36752136752136755,
        "rmse": 0.6062354060275328,
        "mae": 0.23076923076923078,
        "kendall": 0.7636525289172843
    }
}