{
    "high": {
        "precision": 0.75,
        "recall": 0.375,
        "f1-score": 0.5,
        "support": 8.0
    },
    "low": {
        "precision": 0.9117647058823529,
        "recall": 0.7209302325581395,
        "f1-score": 0.8051948051948052,
        "support": 43.0
    },
    "medium": {
        "precision": 0.6,
        "recall": 0.9230769230769231,
        "f1-score": 0.7272727272727273,
        "support": 26.0
    },
    "normal": {
        "precision": 0.9487179487179487,
        "recall": 0.925,
        "f1-score": 0.9367088607594937,
        "support": 40.0
    },
    "accuracy": 0.811965811965812,
    "macro_avg": {
        "precision": 0.8026206636500754,
        "recall": 0.7360017889087656,
        "f1-score": 0.7422940983067566,
        "support": 117.0
    },
    "weighted_avg": {
        "precision": 0.8440564128346933,
        "recall": 0.811965811965812,
        "f1-score": 0.811972837289293,
        "support": 117.0
    },
    "micro_avg": {
        "precision": 0.811965811965812,
        "recall": 0.811965811965812,
        "f1-score": 0.811965811965812
    },
    "regression": {
        "mse": 0.36752136752136755,
        "rmse": 0.6062354060275328,
        "mae": 0.24786324786324787,
        "kendall": 0.7637710939627285
    }
}