{
    "high": {
        "precision": 0.6,
        "recall": 0.375,
        "f1-score": 0.46153846153846156,
        "support": 8.0
    },
    "low": {
        "precision": 0.8181818181818182,
        "recall": 0.8372093023255814,
        "f1-score": 0.8275862068965517,
        "support": 43.0
    },
    "medium": {
        "precision": 0.7916666666666666,
        "recall": 0.7307692307692307,
        "f1-score": 0.76,
        "support": 26.0
    },
    "normal": {
        "precision": 0.9090909090909091,
        "recall": 1.0,
        "f1-score": 0.9523809523809523,
        "support": 40.0
    },
    "accuracy": 0.8376068376068376,
    "macro_avg": {
        "precision": 0.7797348484848485,
        "recall": 0.7357446332737031,
        "f1-score": 0.7503764052039914,
        "support": 117.0
    },
    "weighted_avg": {
        "precision": 0.8284511784511784,
        "recall": 0.8376068376068376,
        "f1-score": 0.8302030143939959,
        "support": 117.0
    },
    "micro_avg": {
        "precision": 0.8376068376068376,
        "recall": 0.8376068376068376,
        "f1-score": 0.8376068376068376
    },
    "regression": {
        "mse": 0.358974358974359,
        "rmse": 0.5991446895152781,
        "mae": 0.2222222222222222,
        "kendall": 0.7951332228659944
    }
}