{
    "high": {
        "precision": 0.6666666666666666,
        "recall": 0.25,
        "f1-score": 0.36363636363636365,
        "support": 8.0
    },
    "low": {
        "precision": 0.7450980392156863,
        "recall": 0.8837209302325582,
        "f1-score": 0.8085106382978723,
        "support": 43.0
    },
    "medium": {
        "precision": 0.7407407407407407,
        "recall": 0.7692307692307693,
        "f1-score": 0.7547169811320755,
        "support": 26.0
    },
    "normal": {
        "precision": 0.9166666666666666,
        "recall": 0.825,
        "f1-score": 0.868421052631579,
        "support": 40.0
    },
    "accuracy": 0.7948717948717948,
    "macro_avg": {
        "precision": 0.7672930283224401,
        "recall": 0.6819879248658318,
        "f1-score": 0.6988212589244727,
        "support": 117.0
    },
    "weighted_avg": {
        "precision": 0.7974228627823399,
        "recall": 0.7948717948717948,
        "f1-score": 0.78661993137262,
        "support": 117.0
    },
    "micro_avg": {
        "precision": 0.7948717948717948,
        "recall": 0.7948717948717948,
        "f1-score": 0.7948717948717948
    },
    "regression": {
        "mse": 0.4358974358974359,
        "rmse": 0.6602252917735247,
        "mae": 0.28205128205128205,
        "kendall": 0.7071138840336813
    }
}