{
    "high": {
        "precision": 0.0,
        "recall": 0.0,
        "f1-score": 0.0,
        "support": 8.0
    },
    "low": {
        "precision": 0.671875,
        "recall": 1.0,
        "f1-score": 0.8037383177570093,
        "support": 43.0
    },
    "medium": {
        "precision": 0.0,
        "recall": 0.0,
        "f1-score": 0.0,
        "support": 26.0
    },
    "normal": {
        "precision": 0.7169811320754716,
        "recall": 0.95,
        "f1-score": 0.8172043010752689,
        "support": 40.0
    },
    "accuracy": 0.6923076923076923,
    "macro_avg": {
        "precision": 0.3472140330188679,
        "recall": 0.4875,
        "f1-score": 0.40523565470806955,
        "support": 117.0
    },
    "weighted_avg": {
        "precision": 0.4920501733591356,
        "recall": 0.6923076923076923,
        "f1-score": 0.5747770915090783,
        "support": 117.0
    },
    "micro_avg": {
        "precision": 0.6923076923076923,
        "recall": 0.6923076923076923,
        "f1-score": 0.6923076923076923
    },
    "regression": {
        "mse": 0.9829059829059829,
        "rmse": 0.9914161502144208,
        "mae": 0.5042735042735043,
        "kendall": 0.40633032396656854
    }
}