{
    "high": {
        "precision": 0.0,
        "recall": 0.0,
        "f1-score": 0.0,
        "support": 8.0
    },
    "low": {
        "precision": 0.8125,
        "recall": 0.9069767441860465,
        "f1-score": 0.8571428571428571,
        "support": 43.0
    },
    "medium": {
        "precision": 0.0,
        "recall": 0.0,
        "f1-score": 0.0,
        "support": 26.0
    },
    "normal": {
        "precision": 0.5217391304347826,
        "recall": 0.9,
        "f1-score": 0.6605504587155964,
        "support": 40.0
    },
    "accuracy": 0.6410256410256411,
    "macro_avg": {
        "precision": 0.3335597826086957,
        "recall": 0.4517441860465116,
        "f1-score": 0.3794233289646134,
        "support": 117.0
    },
    "weighted_avg": {
        "precision": 0.4769834633965069,
        "recall": 0.6410256410256411,
        "f1-score": 0.5408475316732198,
        "support": 117.0
    },
    "micro_avg": {
        "precision": 0.6410256410256411,
        "recall": 0.6410256410256411,
        "f1-score": 0.6410256410256411
    },
    "regression": {
        "mse": 1.393162393162393,
        "rmse": 1.180323003741939,
        "mae": 0.6752136752136753,
        "kendall": 0.10160453141202866
    }
}