{
    "high": {
        "precision": 0.6,
        "recall": 0.375,
        "f1-score": 0.46153846153846156,
        "support": 8.0
    },
    "low": {
        "precision": 0.8947368421052632,
        "recall": 0.7906976744186046,
        "f1-score": 0.8395061728395061,
        "support": 43.0
    },
    "medium": {
        "precision": 0.6285714285714286,
        "recall": 0.8461538461538461,
        "f1-score": 0.7213114754098361,
        "support": 26.0
    },
    "normal": {
        "precision": 0.9487179487179487,
        "recall": 0.925,
        "f1-score": 0.9367088607594937,
        "support": 40.0
    },
    "accuracy": 0.8205128205128205,
    "macro_avg": {
        "precision": 0.7680065548486601,
        "recall": 0.7342128801431127,
        "f1-score": 0.7397662426368243,
        "support": 117.0
    },
    "weighted_avg": {
        "precision": 0.8338911051461658,
        "recall": 0.8205128205128205,
        "f1-score": 0.820628426627709,
        "support": 117.0
    },
    "micro_avg": {
        "precision": 0.8205128205128205,
        "recall": 0.8205128205128205,
        "f1-score": 0.8205128205128205
    },
    "regression": {
        "mse": 0.3247863247863248,
        "rmse": 0.5699002761767402,
        "mae": 0.2222222222222222,
        "kendall": 0.7975131341196603
    }
}