{
    "high": {
        "precision": 0.75,
        "recall": 0.375,
        "f1-score": 0.5,
        "support": 8.0
    },
    "low": {
        "precision": 0.7872340425531915,
        "recall": 0.8604651162790697,
        "f1-score": 0.8222222222222222,
        "support": 43.0
    },
    "medium": {
        "precision": 0.7037037037037037,
        "recall": 0.7307692307692307,
        "f1-score": 0.7169811320754716,
        "support": 26.0
    },
    "normal": {
        "precision": 0.8717948717948718,
        "recall": 0.85,
        "f1-score": 0.8607594936708861,
        "support": 40.0
    },
    "accuracy": 0.7948717948717948,
    "macro_avg": {
        "precision": 0.7781831545129417,
        "recall": 0.7040585867620751,
        "f1-score": 0.724990711992145,
        "support": 117.0
    },
    "weighted_avg": {
        "precision": 0.7950355128023796,
        "recall": 0.7948717948717948,
        "f1-score": 0.7899781601397715,
        "support": 117.0
    },
    "micro_avg": {
        "precision": 0.7948717948717948,
        "recall": 0.7948717948717948,
        "f1-score": 0.7948717948717948
    },
    "regression": {
        "mse": 0.46153846153846156,
        "rmse": 0.6793662204867574,
        "mae": 0.2905982905982906,
        "kendall": 0.6859837155025779
    }
}