{
    "high": {
        "precision": 0.0,
        "recall": 0.0,
        "f1-score": 0.0,
        "support": 8.0
    },
    "low": {
        "precision": 0.6896551724137931,
        "recall": 0.9302325581395349,
        "f1-score": 0.7920792079207921,
        "support": 43.0
    },
    "medium": {
        "precision": 0.0,
        "recall": 0.0,
        "f1-score": 0.0,
        "support": 26.0
    },
    "normal": {
        "precision": 0.6610169491525424,
        "recall": 0.975,
        "f1-score": 0.7878787878787878,
        "support": 40.0
    },
    "accuracy": 0.6752136752136753,
    "macro_avg": {
        "precision": 0.3376680303915839,
        "recall": 0.4763081395348837,
        "f1-score": 0.394989498949895,
        "support": 117.0
    },
    "weighted_avg": {
        "precision": 0.4794517126486735,
        "recall": 0.6752136752136753,
        "f1-score": 0.5604663030405604,
        "support": 117.0
    },
    "micro_avg": {
        "precision": 0.6752136752136753,
        "recall": 0.6752136752136753,
        "f1-score": 0.6752136752136753
    },
    "regression": {
        "mse": 1.017094017094017,
        "rmse": 1.0085107917588274,
        "mae": 0.5384615384615384,
        "kendall": 0.3988404861942505
    }
}