{
    "high": {
        "precision": 0.75,
        "recall": 0.375,
        "f1-score": 0.5,
        "support": 8.0
    },
    "low": {
        "precision": 0.8163265306122449,
        "recall": 0.9302325581395349,
        "f1-score": 0.8695652173913043,
        "support": 43.0
    },
    "medium": {
        "precision": 0.7037037037037037,
        "recall": 0.7307692307692307,
        "f1-score": 0.7169811320754716,
        "support": 26.0
    },
    "normal": {
        "precision": 0.972972972972973,
        "recall": 0.9,
        "f1-score": 0.935064935064935,
        "support": 40.0
    },
    "accuracy": 0.8376068376068376,
    "macro_avg": {
        "precision": 0.8107508018222305,
        "recall": 0.7340004472271914,
        "f1-score": 0.7554028211329277,
        "support": 117.0
    },
    "weighted_avg": {
        "precision": 0.840318427620015,
        "recall": 0.8376068376068376,
        "f1-score": 0.8327812921742371,
        "support": 117.0
    },
    "micro_avg": {
        "precision": 0.8376068376068376,
        "recall": 0.8376068376068376,
        "f1-score": 0.8376068376068376
    },
    "regression": {
        "mse": 0.2905982905982906,
        "rmse": 0.5390716933750933,
        "mae": 0.20512820512820512,
        "kendall": 0.8020928873246123
    }
}