{
    "high": {
        "precision": 1.0,
        "recall": 0.25,
        "f1-score": 0.4,
        "support": 8.0
    },
    "low": {
        "precision": 0.8260869565217391,
        "recall": 0.8837209302325582,
        "f1-score": 0.8539325842696629,
        "support": 43.0
    },
    "medium": {
        "precision": 0.6875,
        "recall": 0.8461538461538461,
        "f1-score": 0.7586206896551724,
        "support": 26.0
    },
    "normal": {
        "precision": 0.9459459459459459,
        "recall": 0.875,
        "f1-score": 0.9090909090909091,
        "support": 40.0
    },
    "accuracy": 0.8290598290598291,
    "macro_avg": {
        "precision": 0.8648832256169213,
        "recall": 0.713718694096601,
        "f1-score": 0.7304110457539361,
        "support": 117.0
    },
    "weighted_avg": {
        "precision": 0.8481587775066036,
        "recall": 0.8290598290598291,
        "f1-score": 0.8205715847715073,
        "support": 117.0
    },
    "micro_avg": {
        "precision": 0.8290598290598291,
        "recall": 0.8290598290598291,
        "f1-score": 0.8290598290598291
    },
    "regression": {
        "mse": 0.29914529914529914,
        "rmse": 0.5469417694282447,
        "mae": 0.21367521367521367,
        "kendall": 0.7921517708288912
    }
}