{
    "high": {
        "precision": 0.0,
        "recall": 0.0,
        "f1-score": 0.0,
        "support": 8.0
    },
    "low": {
        "precision": 0.5970149253731343,
        "recall": 0.9302325581395349,
        "f1-score": 0.7272727272727273,
        "support": 43.0
    },
    "medium": {
        "precision": 0.0,
        "recall": 0.0,
        "f1-score": 0.0,
        "support": 26.0
    },
    "normal": {
        "precision": 0.76,
        "recall": 0.95,
        "f1-score": 0.8444444444444444,
        "support": 40.0
    },
    "accuracy": 0.6666666666666666,
    "macro_avg": {
        "precision": 0.33925373134328357,
        "recall": 0.47005813953488373,
        "f1-score": 0.3929292929292929,
        "support": 117.0
    },
    "weighted_avg": {
        "precision": 0.47924480163286126,
        "recall": 0.6666666666666666,
        "f1-score": 0.5559872226538893,
        "support": 117.0
    },
    "micro_avg": {
        "precision": 0.6666666666666666,
        "recall": 0.6666666666666666,
        "f1-score": 0.6666666666666666
    },
    "regression": {
        "mse": 0.7863247863247863,
        "rmse": 0.886749562348235,
        "mae": 0.47863247863247865,
        "kendall": 0.5512594164513085
    }
}