{
    "high": {
        "precision": 0.0,
        "recall": 0.0,
        "f1-score": 0.0,
        "support": 8.0
    },
    "low": {
        "precision": 0.8043478260869565,
        "recall": 0.8604651162790697,
        "f1-score": 0.8314606741573034,
        "support": 43.0
    },
    "medium": {
        "precision": 0.0,
        "recall": 0.0,
        "f1-score": 0.0,
        "support": 26.0
    },
    "normal": {
        "precision": 0.5492957746478874,
        "recall": 0.975,
        "f1-score": 0.7027027027027027,
        "support": 40.0
    },
    "accuracy": 0.6495726495726496,
    "macro_avg": {
        "precision": 0.338410900183711,
        "recall": 0.4588662790697674,
        "f1-score": 0.38354084421500156,
        "support": 117.0
    },
    "weighted_avg": {
        "precision": 0.48340844023636437,
        "recall": 0.6495726495726496,
        "f1-score": 0.5458198042467706,
        "support": 117.0
    },
    "micro_avg": {
        "precision": 0.6495726495726496,
        "recall": 0.6495726495726496,
        "f1-score": 0.6495726495726496
    },
    "regression": {
        "mse": 1.3076923076923077,
        "rmse": 1.1435437497937313,
        "mae": 0.6410256410256411,
        "kendall": 0.21504458707143354
    }
}