{
    "high": {
        "precision": 0.0,
        "recall": 0.0,
        "f1-score": 0.0,
        "support": 8.0
    },
    "low": {
        "precision": 0.7068965517241379,
        "recall": 0.9534883720930233,
        "f1-score": 0.8118811881188119,
        "support": 43.0
    },
    "medium": {
        "precision": 0.0,
        "recall": 0.0,
        "f1-score": 0.0,
        "support": 26.0
    },
    "normal": {
        "precision": 0.6271186440677966,
        "recall": 0.925,
        "f1-score": 0.7474747474747475,
        "support": 40.0
    },
    "accuracy": 0.6666666666666666,
    "macro_avg": {
        "precision": 0.33350379894798365,
        "recall": 0.46962209302325586,
        "f1-score": 0.3898389838983899,
        "support": 117.0
    },
    "weighted_avg": {
        "precision": 0.474199123819229,
        "recall": 0.6666666666666666,
        "f1-score": 0.5539306067358872,
        "support": 117.0
    },
    "micro_avg": {
        "precision": 0.6666666666666666,
        "recall": 0.6666666666666666,
        "f1-score": 0.6666666666666666
    },
    "regression": {
        "mse": 1.1196581196581197,
        "rmse": 1.0581389888186332,
        "mae": 0.5726495726495726,
        "kendall": 0.2978901890045366
    }
}