{
    "high": {
        "precision": 1.0,
        "recall": 0.375,
        "f1-score": 0.5454545454545454,
        "support": 8.0
    },
    "low": {
        "precision": 0.8095238095238095,
        "recall": 0.7906976744186046,
        "f1-score": 0.8,
        "support": 43.0
    },
    "medium": {
        "precision": 0.6,
        "recall": 0.8076923076923077,
        "f1-score": 0.6885245901639344,
        "support": 26.0
    },
    "normal": {
        "precision": 0.8918918918918919,
        "recall": 0.825,
        "f1-score": 0.8571428571428571,
        "support": 40.0
    },
    "accuracy": 0.7777777777777778,
    "macro_avg": {
        "precision": 0.8253539253539253,
        "recall": 0.6995974955277281,
        "f1-score": 0.7227804981903343,
        "support": 117.0
    },
    "weighted_avg": {
        "precision": 0.8041470041470042,
        "recall": 0.7777777777777778,
        "f1-score": 0.7773588888342987,
        "support": 117.0
    },
    "micro_avg": {
        "precision": 0.7777777777777778,
        "recall": 0.7777777777777778,
        "f1-score": 0.7777777777777778
    },
    "regression": {
        "mse": 0.42735042735042733,
        "rmse": 0.6537204504606134,
        "mae": 0.2905982905982906,
        "kendall": 0.698788022808721
    }
}