{
    "high": {
        "precision": 0.5,
        "recall": 0.25,
        "f1-score": 0.3333333333333333,
        "support": 8.0
    },
    "low": {
        "precision": 0.9117647058823529,
        "recall": 0.7209302325581395,
        "f1-score": 0.8051948051948052,
        "support": 43.0
    },
    "medium": {
        "precision": 0.6923076923076923,
        "recall": 0.6923076923076923,
        "f1-score": 0.6923076923076923,
        "support": 26.0
    },
    "normal": {
        "precision": 0.7358490566037735,
        "recall": 0.975,
        "f1-score": 0.8387096774193549,
        "support": 40.0
    },
    "accuracy": 0.7692307692307693,
    "macro_avg": {
        "precision": 0.7099803636984546,
        "recall": 0.6595594812164579,
        "f1-score": 0.6673863770637964,
        "support": 117.0
    },
    "weighted_avg": {
        "precision": 0.7746995266418129,
        "recall": 0.7692307692307693,
        "f1-score": 0.759302823818953,
        "support": 117.0
    },
    "micro_avg": {
        "precision": 0.7692307692307693,
        "recall": 0.7692307692307693,
        "f1-score": 0.7692307692307693
    },
    "regression": {
        "mse": 0.6410256410256411,
        "rmse": 0.8006407690254357,
        "mae": 0.3504273504273504,
        "kendall": 0.6371555025261327
    }
}