{
    "high": {
        "precision": 0.0,
        "recall": 0.0,
        "f1-score": 0.0,
        "support": 8.0
    },
    "low": {
        "precision": 0.7755102040816326,
        "recall": 0.8837209302325582,
        "f1-score": 0.8260869565217391,
        "support": 43.0
    },
    "medium": {
        "precision": 1.0,
        "recall": 0.07692307692307693,
        "f1-score": 0.14285714285714285,
        "support": 26.0
    },
    "normal": {
        "precision": 0.5606060606060606,
        "recall": 0.925,
        "f1-score": 0.6981132075471698,
        "support": 40.0
    },
    "accuracy": 0.6581196581196581,
    "macro_avg": {
        "precision": 0.5840290661719233,
        "recall": 0.47141100178890877,
        "f1-score": 0.416764326731513,
        "support": 117.0
    },
    "weighted_avg": {
        "precision": 0.6988989846132703,
        "recall": 0.6581196581196581,
        "f1-score": 0.5740218217658742,
        "support": 117.0
    },
    "micro_avg": {
        "precision": 0.6581196581196581,
        "recall": 0.6581196581196581,
        "f1-score": 0.6581196581196581
    },
    "regression": {
        "mse": 1.2307692307692308,
        "rmse": 1.1094003924504583,
        "mae": 0.6153846153846154,
        "kendall": 0.2359262101030519
    }
}