{
    "high": {
        "precision": 0.0,
        "recall": 0.0,
        "f1-score": 0.0,
        "support": 8.0
    },
    "low": {
        "precision": 0.7959183673469388,
        "recall": 0.9069767441860465,
        "f1-score": 0.8478260869565217,
        "support": 43.0
    },
    "medium": {
        "precision": 0.0,
        "recall": 0.0,
        "f1-score": 0.0,
        "support": 26.0
    },
    "normal": {
        "precision": 0.5735294117647058,
        "recall": 0.975,
        "f1-score": 0.7222222222222222,
        "support": 40.0
    },
    "accuracy": 0.6666666666666666,
    "macro_avg": {
        "precision": 0.34236194477791115,
        "recall": 0.4704941860465116,
        "f1-score": 0.39251207729468596,
        "support": 117.0
    },
    "weighted_avg": {
        "precision": 0.48859543817527007,
        "recall": 0.6666666666666666,
        "f1-score": 0.5585077831454643,
        "support": 117.0
    },
    "micro_avg": {
        "precision": 0.6666666666666666,
        "recall": 0.6666666666666666,
        "f1-score": 0.6666666666666666
    },
    "regression": {
        "mse": 1.2307692307692308,
        "rmse": 1.1094003924504583,
        "mae": 0.6153846153846154,
        "kendall": 0.2518653477728366
    }
}