{
    "high": {
        "precision": 0.6666666666666666,
        "recall": 0.25,
        "f1-score": 0.36363636363636365,
        "support": 8.0
    },
    "low": {
        "precision": 0.9444444444444444,
        "recall": 0.9444444444444444,
        "f1-score": 0.9444444444444444,
        "support": 108.0
    },
    "medium": {
        "precision": 0.9337349397590361,
        "recall": 0.9810126582278481,
        "f1-score": 0.9567901234567902,
        "support": 158.0
    },
    "normal": {
        "precision": 1.0,
        "recall": 0.9827586206896551,
        "f1-score": 0.991304347826087,
        "support": 174.0
    },
    "accuracy": 0.9598214285714286,
    "macro_avg": {
        "precision": 0.8862115127175368,
        "recall": 0.789553930840487,
        "f1-score": 0.8140438198409213,
        "support": 448.0
    },
    "weighted_avg": {
        "precision": 0.9572844951233506,
        "recall": 0.9598214285714286,
        "f1-score": 0.9566269797700956,
        "support": 448.0
    },
    "micro_avg": {
        "precision": 0.9598214285714286,
        "recall": 0.9598214285714286,
        "f1-score": 0.9598214285714286
    },
    "regression": {
        "mse": 0.060267857142857144,
        "rmse": 0.24549512651549144,
        "mae": 0.046875,
        "kendall": 0.9566795405265169
    }
}