{
    "high": {
        "precision": 0.0,
        "recall": 0.0,
        "f1-score": 0.0,
        "support": 8.0
    },
    "low": {
        "precision": 0.7948717948717948,
        "recall": 0.7209302325581395,
        "f1-score": 0.7560975609756098,
        "support": 43.0
    },
    "medium": {
        "precision": 0.525,
        "recall": 0.8076923076923077,
        "f1-score": 0.6363636363636364,
        "support": 26.0
    },
    "normal": {
        "precision": 0.9210526315789473,
        "recall": 0.875,
        "f1-score": 0.8974358974358975,
        "support": 40.0
    },
    "accuracy": 0.7435897435897436,
    "macro_avg": {
        "precision": 0.5602311066126855,
        "recall": 0.6009056350626119,
        "f1-score": 0.5724742736937859,
        "support": 117.0
    },
    "weighted_avg": {
        "precision": 0.7236888242961117,
        "recall": 0.7435897435897436,
        "f1-score": 0.7261118424345442,
        "support": 117.0
    },
    "micro_avg": {
        "precision": 0.7435897435897436,
        "recall": 0.7435897435897436,
        "f1-score": 0.7435897435897436
    },
    "regression": {
        "mse": 0.41025641025641024,
        "rmse": 0.6405126152203485,
        "mae": 0.3076923076923077,
        "kendall": 0.7172853714303181
    }
}