{
    "high": {
        "precision": 0.0,
        "recall": 0.0,
        "f1-score": 0.0,
        "support": 8.0
    },
    "low": {
        "precision": 0.8780487804878049,
        "recall": 0.8372093023255814,
        "f1-score": 0.8571428571428571,
        "support": 43.0
    },
    "medium": {
        "precision": 0.0,
        "recall": 0.0,
        "f1-score": 0.0,
        "support": 26.0
    },
    "normal": {
        "precision": 0.5263157894736842,
        "recall": 1.0,
        "f1-score": 0.6896551724137931,
        "support": 40.0
    },
    "accuracy": 0.6495726495726496,
    "macro_avg": {
        "precision": 0.35109114249037227,
        "recall": 0.4593023255813954,
        "f1-score": 0.3866995073891626,
        "support": 117.0
    },
    "weighted_avg": {
        "precision": 0.5026387105976322,
        "recall": 0.6495726495726496,
        "f1-score": 0.5507978611426887,
        "support": 117.0
    },
    "micro_avg": {
        "precision": 0.6495726495726496,
        "recall": 0.6495726495726496,
        "f1-score": 0.6495726495726496
    },
    "regression": {
        "mse": 1.4017094017094016,
        "rmse": 1.1839380903195071,
        "mae": 0.6666666666666666,
        "kendall": 0.1712931063663367
    }
}