{
    "high": {
        "precision": 0.0,
        "recall": 0.0,
        "f1-score": 0.0,
        "support": 8.0
    },
    "low": {
        "precision": 0.7307692307692307,
        "recall": 0.8837209302325582,
        "f1-score": 0.8,
        "support": 43.0
    },
    "medium": {
        "precision": 0.6666666666666666,
        "recall": 0.6153846153846154,
        "f1-score": 0.64,
        "support": 26.0
    },
    "normal": {
        "precision": 0.8536585365853658,
        "recall": 0.875,
        "f1-score": 0.8641975308641975,
        "support": 40.0
    },
    "accuracy": 0.7606837606837606,
    "macro_avg": {
        "precision": 0.5627736085053158,
        "recall": 0.5935263864042934,
        "f1-score": 0.5760493827160493,
        "support": 117.0
    },
    "weighted_avg": {
        "precision": 0.7085705275198708,
        "recall": 0.7606837606837606,
        "f1-score": 0.7316914635433153,
        "support": 117.0
    },
    "micro_avg": {
        "precision": 0.7606837606837606,
        "recall": 0.7606837606837606,
        "f1-score": 0.7606837606837606
    },
    "regression": {
        "mse": 0.48717948717948717,
        "rmse": 0.6979824404521128,
        "mae": 0.3162393162393162,
        "kendall": 0.681541961453343
    }
}