{
    "high": {
        "precision": 0.3333333333333333,
        "recall": 0.375,
        "f1-score": 0.35294117647058826,
        "support": 8.0
    },
    "low": {
        "precision": 0.8536585365853658,
        "recall": 0.813953488372093,
        "f1-score": 0.8333333333333334,
        "support": 43.0
    },
    "medium": {
        "precision": 0.7692307692307693,
        "recall": 0.7692307692307693,
        "f1-score": 0.7692307692307693,
        "support": 26.0
    },
    "normal": {
        "precision": 0.926829268292683,
        "recall": 0.95,
        "f1-score": 0.9382716049382716,
        "support": 40.0
    },
    "accuracy": 0.8205128205128205,
    "macro_avg": {
        "precision": 0.7207629768605378,
        "recall": 0.7270460644007155,
        "f1-score": 0.7234442209932406,
        "support": 117.0
    },
    "weighted_avg": {
        "precision": 0.8243346536029462,
        "recall": 0.8205128205128205,
        "f1-score": 0.8221173242959735,
        "support": 117.0
    },
    "micro_avg": {
        "precision": 0.8205128205128205,
        "recall": 0.8205128205128205,
        "f1-score": 0.8205128205128205
    },
    "regression": {
        "mse": 0.452991452991453,
        "rmse": 0.6730463973541891,
        "mae": 0.26495726495726496,
        "kendall": 0.7557470946099523
    }
}