{
    "high": {
        "precision": 0.5,
        "recall": 0.375,
        "f1-score": 0.42857142857142855,
        "support": 8.0
    },
    "low": {
        "precision": 0.782608695652174,
        "recall": 0.8372093023255814,
        "f1-score": 0.8089887640449438,
        "support": 43.0
    },
    "medium": {
        "precision": 0.6923076923076923,
        "recall": 0.6923076923076923,
        "f1-score": 0.6923076923076923,
        "support": 26.0
    },
    "normal": {
        "precision": 0.9230769230769231,
        "recall": 0.9,
        "f1-score": 0.9113924050632911,
        "support": 40.0
    },
    "accuracy": 0.7948717948717948,
    "macro_avg": {
        "precision": 0.7244983277591973,
        "recall": 0.7011292486583185,
        "f1-score": 0.710315072496839,
        "support": 117.0
    },
    "weighted_avg": {
        "precision": 0.7912414601377812,
        "recall": 0.7948717948717948,
        "f1-score": 0.7920579870515868,
        "support": 117.0
    },
    "micro_avg": {
        "precision": 0.7948717948717948,
        "recall": 0.7948717948717948,
        "f1-score": 0.7948717948717948
    },
    "regression": {
        "mse": 0.452991452991453,
        "rmse": 0.6730463973541891,
        "mae": 0.28205128205128205,
        "kendall": 0.7223190422714223
    }
}