{
    "high": {
        "precision": 0.5714285714285714,
        "recall": 0.5,
        "f1-score": 0.5333333333333333,
        "support": 8.0
    },
    "low": {
        "precision": 0.8717948717948718,
        "recall": 0.7906976744186046,
        "f1-score": 0.8292682926829268,
        "support": 43.0
    },
    "medium": {
        "precision": 0.7,
        "recall": 0.8076923076923077,
        "f1-score": 0.75,
        "support": 26.0
    },
    "normal": {
        "precision": 0.926829268292683,
        "recall": 0.95,
        "f1-score": 0.9382716049382716,
        "support": 40.0
    },
    "accuracy": 0.8290598290598291,
    "macro_avg": {
        "precision": 0.7675131778790315,
        "recall": 0.7620974955277282,
        "f1-score": 0.7627183077386328,
        "support": 117.0
    },
    "weighted_avg": {
        "precision": 0.8318955452163708,
        "recall": 0.8290598290598291,
        "f1-score": 0.8286843371757554,
        "support": 117.0
    },
    "micro_avg": {
        "precision": 0.8290598290598291,
        "recall": 0.8290598290598291,
        "f1-score": 0.8290598290598291
    },
    "regression": {
        "mse": 0.3504273504273504,
        "rmse": 0.5919690451597536,
        "mae": 0.23076923076923078,
        "kendall": 0.7830670079410429
    }
}