{
    "high": {
        "precision": 0.0,
        "recall": 0.0,
        "f1-score": 0.0,
        "support": 8.0
    },
    "low": {
        "precision": 0.8780487804878049,
        "recall": 0.8372093023255814,
        "f1-score": 0.8571428571428571,
        "support": 43.0
    },
    "medium": {
        "precision": 1.0,
        "recall": 0.038461538461538464,
        "f1-score": 0.07407407407407407,
        "support": 26.0
    },
    "normal": {
        "precision": 0.5333333333333333,
        "recall": 1.0,
        "f1-score": 0.6956521739130435,
        "support": 40.0
    },
    "accuracy": 0.6581196581196581,
    "macro_avg": {
        "precision": 0.6028455284552845,
        "recall": 0.46891771019677997,
        "f1-score": 0.40671727628249366,
        "support": 117.0
    },
    "weighted_avg": {
        "precision": 0.7272600931137517,
        "recall": 0.6581196581196581,
        "f1-score": 0.5693090234153035,
        "support": 117.0
    },
    "micro_avg": {
        "precision": 0.6581196581196581,
        "recall": 0.6581196581196581,
        "f1-score": 0.6581196581196581
    },
    "regression": {
        "mse": 1.3675213675213675,
        "rmse": 1.1694106924093723,
        "mae": 0.6495726495726496,
        "kendall": 0.19726544345504055
    }
}