{
    "high": {
        "precision": 0.5,
        "recall": 0.25,
        "f1-score": 0.3333333333333333,
        "support": 8.0
    },
    "low": {
        "precision": 0.7708333333333334,
        "recall": 0.8604651162790697,
        "f1-score": 0.8131868131868132,
        "support": 43.0
    },
    "medium": {
        "precision": 0.8,
        "recall": 0.7692307692307693,
        "f1-score": 0.7843137254901961,
        "support": 26.0
    },
    "normal": {
        "precision": 0.875,
        "recall": 0.875,
        "f1-score": 0.875,
        "support": 40.0
    },
    "accuracy": 0.8034188034188035,
    "macro_avg": {
        "precision": 0.7364583333333334,
        "recall": 0.6886739713774598,
        "f1-score": 0.7014584680025856,
        "support": 117.0
    },
    "weighted_avg": {
        "precision": 0.7944088319088319,
        "recall": 0.8034188034188035,
        "f1-score": 0.7950927905679037,
        "support": 117.0
    },
    "micro_avg": {
        "precision": 0.8034188034188035,
        "recall": 0.8034188034188035,
        "f1-score": 0.8034188034188035
    },
    "regression": {
        "mse": 0.4700854700854701,
        "rmse": 0.6856277926728686,
        "mae": 0.28205128205128205,
        "kendall": 0.7107067045499503
    }
}