{
    "high": {
        "precision": 0.0,
        "recall": 0.0,
        "f1-score": 0.0,
        "support": 8.0
    },
    "low": {
        "precision": 0.782608695652174,
        "recall": 0.8372093023255814,
        "f1-score": 0.8089887640449438,
        "support": 43.0
    },
    "medium": {
        "precision": 0.0,
        "recall": 0.0,
        "f1-score": 0.0,
        "support": 26.0
    },
    "normal": {
        "precision": 0.5633802816901409,
        "recall": 1.0,
        "f1-score": 0.7207207207207207,
        "support": 40.0
    },
    "accuracy": 0.6495726495726496,
    "macro_avg": {
        "precision": 0.3364972443355787,
        "recall": 0.4593023255813954,
        "f1-score": 0.3824273711914161,
        "support": 117.0
    },
    "weighted_avg": {
        "precision": 0.48023406137306934,
        "recall": 0.6495726495726496,
        "f1-score": 0.543720903271465,
        "support": 117.0
    },
    "micro_avg": {
        "precision": 0.6495726495726496,
        "recall": 0.6495726495726496,
        "f1-score": 0.6495726495726496
    },
    "regression": {
        "mse": 1.2393162393162394,
        "rmse": 1.1132458126201237,
        "mae": 0.6239316239316239,
        "kendall": 0.27978646393473405
    }
}