{
    "high": {
        "precision": 0.6,
        "recall": 0.375,
        "f1-score": 0.46153846153846156,
        "support": 8.0
    },
    "low": {
        "precision": 0.7959183673469388,
        "recall": 0.9069767441860465,
        "f1-score": 0.8478260869565217,
        "support": 43.0
    },
    "medium": {
        "precision": 0.76,
        "recall": 0.7307692307692307,
        "f1-score": 0.7450980392156863,
        "support": 26.0
    },
    "normal": {
        "precision": 0.9210526315789473,
        "recall": 0.875,
        "f1-score": 0.8974358974358975,
        "support": 40.0
    },
    "accuracy": 0.8205128205128205,
    "macro_avg": {
        "precision": 0.7692427497314714,
        "recall": 0.7219364937388193,
        "f1-score": 0.7379746212866417,
        "support": 117.0
    },
    "weighted_avg": {
        "precision": 0.81732132529125,
        "recall": 0.8205128205128205,
        "f1-score": 0.8155454217818964,
        "support": 117.0
    },
    "micro_avg": {
        "precision": 0.8205128205128205,
        "recall": 0.8205128205128205,
        "f1-score": 0.8205128205128205
    },
    "regression": {
        "mse": 0.38461538461538464,
        "rmse": 0.6201736729460423,
        "mae": 0.24786324786324787,
        "kendall": 0.7475057349217353
    }
}