{
    "high": {
        "precision": 0.0,
        "recall": 0.0,
        "f1-score": 0.0,
        "support": 8.0
    },
    "low": {
        "precision": 0.7872340425531915,
        "recall": 0.8604651162790697,
        "f1-score": 0.8222222222222222,
        "support": 43.0
    },
    "medium": {
        "precision": 0.0,
        "recall": 0.0,
        "f1-score": 0.0,
        "support": 26.0
    },
    "normal": {
        "precision": 0.5142857142857142,
        "recall": 0.9,
        "f1-score": 0.6545454545454545,
        "support": 40.0
    },
    "accuracy": 0.6239316239316239,
    "macro_avg": {
        "precision": 0.3253799392097264,
        "recall": 0.44011627906976747,
        "f1-score": 0.3691919191919192,
        "support": 117.0
    },
    "weighted_avg": {
        "precision": 0.4651495077026992,
        "recall": 0.6239316239316239,
        "f1-score": 0.5259604592937926,
        "support": 117.0
    },
    "micro_avg": {
        "precision": 0.6239316239316239,
        "recall": 0.6239316239316239,
        "f1-score": 0.6239316239316239
    },
    "regression": {
        "mse": 1.3846153846153846,
        "rmse": 1.1766968108291043,
        "mae": 0.6837606837606838,
        "kendall": 0.11788028112577384
    }
}