{
    "high": {
        "precision": 1.0,
        "recall": 0.25,
        "f1-score": 0.4,
        "support": 8.0
    },
    "low": {
        "precision": 0.782608695652174,
        "recall": 0.8372093023255814,
        "f1-score": 0.8089887640449438,
        "support": 43.0
    },
    "medium": {
        "precision": 0.6129032258064516,
        "recall": 0.7307692307692307,
        "f1-score": 0.6666666666666666,
        "support": 26.0
    },
    "normal": {
        "precision": 0.9736842105263158,
        "recall": 0.925,
        "f1-score": 0.9487179487179487,
        "support": 40.0
    },
    "accuracy": 0.8034188034188035,
    "macro_avg": {
        "precision": 0.8422990329962353,
        "recall": 0.6857446332737032,
        "f1-score": 0.7060933448573898,
        "support": 117.0
    },
    "weighted_avg": {
        "precision": 0.8250856940603747,
        "recall": 0.8034188034188035,
        "f1-score": 0.7971672490255031,
        "support": 117.0
    },
    "micro_avg": {
        "precision": 0.8034188034188035,
        "recall": 0.8034188034188035,
        "f1-score": 0.8034188034188035
    },
    "regression": {
        "mse": 0.3504273504273504,
        "rmse": 0.5919690451597536,
        "mae": 0.24786324786324787,
        "kendall": 0.7598745378885532
    }
}