{
    "high": {
        "precision": 0.75,
        "recall": 0.375,
        "f1-score": 0.5,
        "support": 8.0
    },
    "low": {
        "precision": 0.7547169811320755,
        "recall": 0.9302325581395349,
        "f1-score": 0.8333333333333334,
        "support": 43.0
    },
    "medium": {
        "precision": 0.7037037037037037,
        "recall": 0.7307692307692307,
        "f1-score": 0.7169811320754716,
        "support": 26.0
    },
    "normal": {
        "precision": 0.9696969696969697,
        "recall": 0.8,
        "f1-score": 0.8767123287671232,
        "support": 40.0
    },
    "accuracy": 0.8034188034188035,
    "macro_avg": {
        "precision": 0.7945294136331873,
        "recall": 0.7090004472271914,
        "f1-score": 0.7317566985439821,
        "support": 117.0
    },
    "weighted_avg": {
        "precision": 0.8165556006226867,
        "recall": 0.8034188034188035,
        "f1-score": 0.7995156916066711,
        "support": 117.0
    },
    "micro_avg": {
        "precision": 0.8034188034188035,
        "recall": 0.8034188034188035,
        "f1-score": 0.8034188034188035
    }
}