{
    "high": {
        "precision": 0.3333333333333333,
        "recall": 0.125,
        "f1-score": 0.18181818181818182,
        "support": 8.0
    },
    "low": {
        "precision": 0.7916666666666666,
        "recall": 0.8837209302325582,
        "f1-score": 0.8351648351648352,
        "support": 43.0
    },
    "medium": {
        "precision": 0.6206896551724138,
        "recall": 0.6923076923076923,
        "f1-score": 0.6545454545454545,
        "support": 26.0
    },
    "normal": {
        "precision": 0.918918918918919,
        "recall": 0.85,
        "f1-score": 0.8831168831168831,
        "support": 40.0
    },
    "accuracy": 0.7777777777777778,
    "macro_avg": {
        "precision": 0.6661521435228331,
        "recall": 0.6377571556350626,
        "f1-score": 0.6386613386613387,
        "support": 117.0
    },
    "weighted_avg": {
        "precision": 0.7658377873895115,
        "recall": 0.7777777777777778,
        "f1-score": 0.7667477821323975,
        "support": 117.0
    },
    "micro_avg": {
        "precision": 0.7777777777777778,
        "recall": 0.7777777777777778,
        "f1-score": 0.7777777777777778
    },
    "regression": {
        "mse": 0.49572649572649574,
        "rmse": 0.7040784727049221,
        "mae": 0.3076923076923077,
        "kendall": 0.6815620280804991
    }
}