{
    "high": {
        "precision": 0.0,
        "recall": 0.0,
        "f1-score": 0.0,
        "support": 8.0
    },
    "low": {
        "precision": 0.8297872340425532,
        "recall": 0.9069767441860465,
        "f1-score": 0.8666666666666667,
        "support": 43.0
    },
    "medium": {
        "precision": 0.7,
        "recall": 0.8076923076923077,
        "f1-score": 0.75,
        "support": 26.0
    },
    "normal": {
        "precision": 0.95,
        "recall": 0.95,
        "f1-score": 0.95,
        "support": 40.0
    },
    "accuracy": 0.8376068376068376,
    "macro_avg": {
        "precision": 0.6199468085106383,
        "recall": 0.6661672629695885,
        "f1-score": 0.6416666666666666,
        "support": 117.0
    },
    "weighted_avg": {
        "precision": 0.7853064193489725,
        "recall": 0.8376068376068376,
        "f1-score": 0.80997150997151,
        "support": 117.0
    },
    "micro_avg": {
        "precision": 0.8376068376068376,
        "recall": 0.8376068376068376,
        "f1-score": 0.8376068376068376
    },
    "regression": {
        "mse": 0.3418803418803419,
        "rmse": 0.5847053462046862,
        "mae": 0.2222222222222222,
        "kendall": 0.7868916695389089
    }
}