{
    "high": {
        "precision": 0.6666666666666666,
        "recall": 0.5,
        "f1-score": 0.5714285714285714,
        "support": 8.0
    },
    "low": {
        "precision": 0.9,
        "recall": 0.8372093023255814,
        "f1-score": 0.8674698795180723,
        "support": 43.0
    },
    "medium": {
        "precision": 0.7,
        "recall": 0.8076923076923077,
        "f1-score": 0.75,
        "support": 26.0
    },
    "normal": {
        "precision": 0.926829268292683,
        "recall": 0.95,
        "f1-score": 0.9382716049382716,
        "support": 40.0
    },
    "accuracy": 0.8461538461538461,
    "macro_avg": {
        "precision": 0.7983739837398374,
        "recall": 0.7737254025044724,
        "f1-score": 0.7817925139712287,
        "support": 117.0
    },
    "weighted_avg": {
        "precision": 0.8487735390174415,
        "recall": 0.8461538461538461,
        "f1-score": 0.845329039215697,
        "support": 117.0
    },
    "micro_avg": {
        "precision": 0.8461538461538461,
        "recall": 0.8461538461538461,
        "f1-score": 0.8461538461538461
    },
    "regression": {
        "mse": 0.28205128205128205,
        "rmse": 0.5310850045437944,
        "mae": 0.19658119658119658,
        "kendall": 0.8161510048146902
    }
}