{
    "high": {
        "precision": 0.5,
        "recall": 0.5,
        "f1-score": 0.5,
        "support": 8.0
    },
    "low": {
        "precision": 0.7777777777777778,
        "recall": 0.813953488372093,
        "f1-score": 0.7954545454545454,
        "support": 43.0
    },
    "medium": {
        "precision": 0.7727272727272727,
        "recall": 0.6538461538461539,
        "f1-score": 0.7083333333333334,
        "support": 26.0
    },
    "normal": {
        "precision": 0.8333333333333334,
        "recall": 0.875,
        "f1-score": 0.8536585365853658,
        "support": 40.0
    },
    "accuracy": 0.7777777777777778,
    "macro_avg": {
        "precision": 0.7209595959595959,
        "recall": 0.7106999105545617,
        "f1-score": 0.7143616038433112,
        "support": 117.0
    },
    "weighted_avg": {
        "precision": 0.77665544332211,
        "recall": 0.7777777777777778,
        "f1-score": 0.7757910562788612,
        "support": 117.0
    },
    "micro_avg": {
        "precision": 0.7777777777777778,
        "recall": 0.7777777777777778,
        "f1-score": 0.7777777777777778
    },
    "regression": {
        "mse": 0.49572649572649574,
        "rmse": 0.7040784727049221,
        "mae": 0.3076923076923077,
        "kendall": 0.6944835276822352
    }
}