{
    "high": {
        "precision": 0.6,
        "recall": 0.375,
        "f1-score": 0.46153846153846156,
        "support": 8.0
    },
    "low": {
        "precision": 0.7777777777777778,
        "recall": 0.813953488372093,
        "f1-score": 0.7954545454545454,
        "support": 43.0
    },
    "medium": {
        "precision": 0.7037037037037037,
        "recall": 0.7307692307692307,
        "f1-score": 0.7169811320754716,
        "support": 26.0
    },
    "normal": {
        "precision": 0.875,
        "recall": 0.875,
        "f1-score": 0.875,
        "support": 40.0
    },
    "accuracy": 0.7863247863247863,
    "macro_avg": {
        "precision": 0.7391203703703704,
        "recall": 0.698680679785331,
        "f1-score": 0.7122435347671197,
        "support": 117.0
    },
    "weighted_avg": {
        "precision": 0.7823994935106047,
        "recall": 0.7863247863247863,
        "f1-score": 0.7823791673573967,
        "support": 117.0
    },
    "micro_avg": {
        "precision": 0.7863247863247863,
        "recall": 0.7863247863247863,
        "f1-score": 0.7863247863247863
    },
    "regression": {
        "mse": 0.4700854700854701,
        "rmse": 0.6856277926728686,
        "mae": 0.29914529914529914,
        "kendall": 0.6932836411032015
    }
}