{
    "high": {
        "precision": 0.0,
        "recall": 0.0,
        "f1-score": 0.0,
        "support": 8.0
    },
    "low": {
        "precision": 0.6666666666666666,
        "recall": 0.8837209302325582,
        "f1-score": 0.76,
        "support": 43.0
    },
    "medium": {
        "precision": 0.7,
        "recall": 0.5384615384615384,
        "f1-score": 0.6086956521739131,
        "support": 26.0
    },
    "normal": {
        "precision": 0.925,
        "recall": 0.925,
        "f1-score": 0.925,
        "support": 40.0
    },
    "accuracy": 0.7606837606837606,
    "macro_avg": {
        "precision": 0.5729166666666667,
        "recall": 0.5867956171735242,
        "f1-score": 0.5734239130434783,
        "support": 117.0
    },
    "weighted_avg": {
        "precision": 0.7168091168091167,
        "recall": 0.7606837606837606,
        "f1-score": 0.7308212560386473,
        "support": 117.0
    },
    "micro_avg": {
        "precision": 0.7606837606837606,
        "recall": 0.7606837606837606,
        "f1-score": 0.7606837606837606
    },
    "regression": {
        "mse": 0.39316239316239315,
        "rmse": 0.6270266287506402,
        "mae": 0.2905982905982906,
        "kendall": 0.7556122106748461
    }
}