{
    "high": {
        "precision": 1.0,
        "recall": 0.625,
        "f1-score": 0.7692307692307693,
        "support": 8.0
    },
    "low": {
        "precision": 0.9907407407407407,
        "recall": 0.9907407407407407,
        "f1-score": 0.9907407407407407,
        "support": 108.0
    },
    "medium": {
        "precision": 0.9813664596273292,
        "recall": 1.0,
        "f1-score": 0.9905956112852664,
        "support": 158.0
    },
    "normal": {
        "precision": 1.0,
        "recall": 1.0,
        "f1-score": 1.0,
        "support": 174.0
    },
    "accuracy": 0.9910714285714286,
    "macro_avg": {
        "precision": 0.9930268000920175,
        "recall": 0.9039351851851851,
        "f1-score": 0.9376417803141941,
        "support": 448.0
    },
    "weighted_avg": {
        "precision": 0.9911962067435669,
        "recall": 0.9910714285714286,
        "f1-score": 0.9903302516449068,
        "support": 448.0
    },
    "micro_avg": {
        "precision": 0.9910714285714286,
        "recall": 0.9910714285714286,
        "f1-score": 0.9910714285714286
    },
    "regression": {
        "mse": 0.015625,
        "rmse": 0.125,
        "mae": 0.011160714285714286,
        "kendall": 0.9899291132761391
    }
}