{
    "high": {
        "precision": 0.0,
        "recall": 0.0,
        "f1-score": 0.0,
        "support": 8.0
    },
    "low": {
        "precision": 0.5454545454545454,
        "recall": 0.9767441860465116,
        "f1-score": 0.7,
        "support": 43.0
    },
    "medium": {
        "precision": 0.0,
        "recall": 0.0,
        "f1-score": 0.0,
        "support": 26.0
    },
    "normal": {
        "precision": 0.9487179487179487,
        "recall": 0.925,
        "f1-score": 0.9367088607594937,
        "support": 40.0
    },
    "accuracy": 0.6752136752136753,
    "macro_avg": {
        "precision": 0.3735431235431235,
        "recall": 0.4754360465116279,
        "f1-score": 0.4091772151898734,
        "support": 117.0
    },
    "weighted_avg": {
        "precision": 0.5248142171219095,
        "recall": 0.6752136752136753,
        "f1-score": 0.5775073028237585,
        "support": 117.0
    },
    "micro_avg": {
        "precision": 0.6752136752136753,
        "recall": 0.6752136752136753,
        "f1-score": 0.6752136752136753
    },
    "regression": {
        "mse": 0.5811965811965812,
        "rmse": 0.7623624998624875,
        "mae": 0.41025641025641024,
        "kendall": 0.6996516476593372
    }
}