{
    "high": {
        "precision": 0.6,
        "recall": 0.375,
        "f1-score": 0.46153846153846156,
        "support": 8.0
    },
    "low": {
        "precision": 0.7872340425531915,
        "recall": 0.8604651162790697,
        "f1-score": 0.8222222222222222,
        "support": 43.0
    },
    "medium": {
        "precision": 0.7916666666666666,
        "recall": 0.7307692307692307,
        "f1-score": 0.76,
        "support": 26.0
    },
    "normal": {
        "precision": 0.926829268292683,
        "recall": 0.95,
        "f1-score": 0.9382716049382716,
        "support": 40.0
    },
    "accuracy": 0.8290598290598291,
    "macro_avg": {
        "precision": 0.7764324943781352,
        "recall": 0.7290585867620751,
        "f1-score": 0.7455080721747387,
        "support": 117.0
    },
    "weighted_avg": {
        "precision": 0.8231416059386999,
        "recall": 0.8290598290598291,
        "f1-score": 0.8234079268837103,
        "support": 117.0
    },
    "micro_avg": {
        "precision": 0.8290598290598291,
        "recall": 0.8290598290598291,
        "f1-score": 0.8290598290598291
    },
    "regression": {
        "mse": 0.36752136752136755,
        "rmse": 0.6062354060275328,
        "mae": 0.23076923076923078,
        "kendall": 0.7832875420610398
    }
}