{
    "high": {
        "precision": 0.6,
        "recall": 0.375,
        "f1-score": 0.46153846153846156,
        "support": 8.0
    },
    "low": {
        "precision": 0.7755102040816326,
        "recall": 0.8837209302325582,
        "f1-score": 0.8260869565217391,
        "support": 43.0
    },
    "medium": {
        "precision": 0.7777777777777778,
        "recall": 0.8076923076923077,
        "f1-score": 0.7924528301886793,
        "support": 26.0
    },
    "normal": {
        "precision": 0.9444444444444444,
        "recall": 0.85,
        "f1-score": 0.8947368421052632,
        "support": 40.0
    },
    "accuracy": 0.8205128205128205,
    "macro_avg": {
        "precision": 0.7744331065759638,
        "recall": 0.7291033094812165,
        "f1-score": 0.7437037725885358,
        "support": 117.0
    },
    "weighted_avg": {
        "precision": 0.8217687074829931,
        "recall": 0.8205128205128205,
        "f1-score": 0.8171563597594758,
        "support": 117.0
    },
    "micro_avg": {
        "precision": 0.8205128205128205,
        "recall": 0.8205128205128205,
        "f1-score": 0.8205128205128205
    },
    "regression": {
        "mse": 0.38461538461538464,
        "rmse": 0.6201736729460423,
        "mae": 0.24786324786324787,
        "kendall": 0.7499932657712047
    }
}