{
    "high": {
        "precision": 0.42857142857142855,
        "recall": 0.375,
        "f1-score": 0.4,
        "support": 8.0
    },
    "low": {
        "precision": 0.9117647058823529,
        "recall": 0.7209302325581395,
        "f1-score": 0.8051948051948052,
        "support": 43.0
    },
    "medium": {
        "precision": 0.6571428571428571,
        "recall": 0.8846153846153846,
        "f1-score": 0.7540983606557377,
        "support": 26.0
    },
    "normal": {
        "precision": 0.926829268292683,
        "recall": 0.95,
        "f1-score": 0.9382716049382716,
        "support": 40.0
    },
    "accuracy": 0.811965811965812,
    "macro_avg": {
        "precision": 0.7310770649723304,
        "recall": 0.7326364042933811,
        "f1-score": 0.7243911926972035,
        "support": 117.0
    },
    "weighted_avg": {
        "precision": 0.8272934940079848,
        "recall": 0.811965811965812,
        "f1-score": 0.8116307538286895,
        "support": 117.0
    },
    "micro_avg": {
        "precision": 0.811965811965812,
        "recall": 0.811965811965812,
        "f1-score": 0.811965811965812
    },
    "regression": {
        "mse": 0.39316239316239315,
        "rmse": 0.6270266287506402,
        "mae": 0.2564102564102564,
        "kendall": 0.7671727815667237
    }
}