{
    "high": {
        "precision": 0.5,
        "recall": 0.375,
        "f1-score": 0.42857142857142855,
        "support": 8.0
    },
    "low": {
        "precision": 0.8292682926829268,
        "recall": 0.7906976744186046,
        "f1-score": 0.8095238095238095,
        "support": 43.0
    },
    "medium": {
        "precision": 0.7096774193548387,
        "recall": 0.8461538461538461,
        "f1-score": 0.7719298245614035,
        "support": 26.0
    },
    "normal": {
        "precision": 0.9743589743589743,
        "recall": 0.95,
        "f1-score": 0.9620253164556962,
        "support": 40.0
    },
    "accuracy": 0.8290598290598291,
    "macro_avg": {
        "precision": 0.753326171599185,
        "recall": 0.7404628801431128,
        "f1-score": 0.7430125947780843,
        "support": 117.0
    },
    "weighted_avg": {
        "precision": 0.8297821236149626,
        "recall": 0.8290598290598291,
        "f1-score": 0.8272588319223897,
        "support": 117.0
    },
    "micro_avg": {
        "precision": 0.8290598290598291,
        "recall": 0.8290598290598291,
        "f1-score": 0.8290598290598291
    },
    "regression": {
        "mse": 0.42735042735042733,
        "rmse": 0.6537204504606134,
        "mae": 0.2564102564102564,
        "kendall": 0.7458663488067359
    }
}