{
    "high": {
        "precision": 1.0,
        "recall": 0.25,
        "f1-score": 0.4,
        "support": 8.0
    },
    "low": {
        "precision": 0.8809523809523809,
        "recall": 0.8604651162790697,
        "f1-score": 0.8705882352941177,
        "support": 43.0
    },
    "medium": {
        "precision": 0.6875,
        "recall": 0.8461538461538461,
        "f1-score": 0.7586206896551724,
        "support": 26.0
    },
    "normal": {
        "precision": 0.9512195121951219,
        "recall": 0.975,
        "f1-score": 0.9629629629629629,
        "support": 40.0
    },
    "accuracy": 0.8547008547008547,
    "macro_avg": {
        "precision": 0.8799179732868757,
        "recall": 0.732904740608229,
        "f1-score": 0.7480429719780632,
        "support": 117.0
    },
    "weighted_avg": {
        "precision": 0.8701259219551902,
        "recall": 0.8547008547008547,
        "f1-score": 0.8451106886085475,
        "support": 117.0
    },
    "micro_avg": {
        "precision": 0.8547008547008547,
        "recall": 0.8547008547008547,
        "f1-score": 0.8547008547008547
    },
    "regression": {
        "mse": 0.29914529914529914,
        "rmse": 0.5469417694282447,
        "mae": 0.19658119658119658,
        "kendall": 0.8083854432470944
    }
}