{
    "high": {
        "precision": 0.5714285714285714,
        "recall": 0.5,
        "f1-score": 0.5333333333333333,
        "support": 8.0
    },
    "low": {
        "precision": 0.8292682926829268,
        "recall": 0.7906976744186046,
        "f1-score": 0.8095238095238095,
        "support": 43.0
    },
    "medium": {
        "precision": 0.7777777777777778,
        "recall": 0.8076923076923077,
        "f1-score": 0.7924528301886793,
        "support": 26.0
    },
    "normal": {
        "precision": 0.9285714285714286,
        "recall": 0.975,
        "f1-score": 0.9512195121951219,
        "support": 40.0
    },
    "accuracy": 0.8376068376068376,
    "macro_avg": {
        "precision": 0.7767615176151761,
        "recall": 0.7683474955277282,
        "f1-score": 0.771632371310236,
        "support": 117.0
    },
    "weighted_avg": {
        "precision": 0.8341456796741349,
        "recall": 0.8376068376068376,
        "f1-score": 0.8352884149478719,
        "support": 117.0
    },
    "micro_avg": {
        "precision": 0.8376068376068376,
        "recall": 0.8376068376068376,
        "f1-score": 0.8376068376068376
    },
    "regression": {
        "mse": 0.3162393162393162,
        "rmse": 0.5623515948579823,
        "mae": 0.21367521367521367,
        "kendall": 0.8096606914955916
    }
}