{
    "high": {
        "precision": 0.0,
        "recall": 0.0,
        "f1-score": 0.0,
        "support": 8.0
    },
    "low": {
        "precision": 0.7291666666666666,
        "recall": 0.813953488372093,
        "f1-score": 0.7692307692307693,
        "support": 43.0
    },
    "medium": {
        "precision": 1.0,
        "recall": 0.038461538461538464,
        "f1-score": 0.07407407407407407,
        "support": 26.0
    },
    "normal": {
        "precision": 0.5441176470588235,
        "recall": 0.925,
        "f1-score": 0.6851851851851852,
        "support": 40.0
    },
    "accuracy": 0.6239316239316239,
    "macro_avg": {
        "precision": 0.5683210784313725,
        "recall": 0.4443537567084079,
        "f1-score": 0.38212250712250717,
        "support": 117.0
    },
    "weighted_avg": {
        "precision": 0.6762296799061505,
        "recall": 0.6239316239316239,
        "f1-score": 0.5334209949594565,
        "support": 117.0
    },
    "micro_avg": {
        "precision": 0.6239316239316239,
        "recall": 0.6239316239316239,
        "f1-score": 0.6239316239316239
    },
    "regression": {
        "mse": 1.2393162393162394,
        "rmse": 1.1132458126201237,
        "mae": 0.6410256410256411,
        "kendall": 0.24308256027901953
    }
}