{
    "high": {
        "precision": 0.5,
        "recall": 0.375,
        "f1-score": 0.42857142857142855,
        "support": 8.0
    },
    "low": {
        "precision": 0.8780487804878049,
        "recall": 0.8372093023255814,
        "f1-score": 0.8571428571428571,
        "support": 43.0
    },
    "medium": {
        "precision": 0.625,
        "recall": 0.7692307692307693,
        "f1-score": 0.6896551724137931,
        "support": 26.0
    },
    "normal": {
        "precision": 0.9736842105263158,
        "recall": 0.925,
        "f1-score": 0.9487179487179487,
        "support": 40.0
    },
    "accuracy": 0.8205128205128205,
    "macro_avg": {
        "precision": 0.7441832477535302,
        "recall": 0.7266100178890877,
        "f1-score": 0.7310218517115068,
        "support": 117.0
    },
    "weighted_avg": {
        "precision": 0.8286621024104978,
        "recall": 0.8205128205128205,
        "f1-score": 0.8219270659588963,
        "support": 117.0
    },
    "micro_avg": {
        "precision": 0.8205128205128205,
        "recall": 0.8205128205128205,
        "f1-score": 0.8205128205128205
    },
    "regression": {
        "mse": 0.3076923076923077,
        "rmse": 0.5547001962252291,
        "mae": 0.2222222222222222,
        "kendall": 0.8029888622410762
    }
}