{
    "high": {
        "precision": 0.6,
        "recall": 0.375,
        "f1-score": 0.46153846153846156,
        "support": 8.0
    },
    "low": {
        "precision": 0.918918918918919,
        "recall": 0.7906976744186046,
        "f1-score": 0.85,
        "support": 43.0
    },
    "medium": {
        "precision": 0.6571428571428571,
        "recall": 0.8846153846153846,
        "f1-score": 0.7540983606557377,
        "support": 26.0
    },
    "normal": {
        "precision": 0.95,
        "recall": 0.95,
        "f1-score": 0.95,
        "support": 40.0
    },
    "accuracy": 0.8376068376068376,
    "macro_avg": {
        "precision": 0.7815154440154439,
        "recall": 0.7500782647584974,
        "f1-score": 0.7539092055485499,
        "support": 117.0
    },
    "weighted_avg": {
        "precision": 0.8495660495660496,
        "recall": 0.8376068376068376,
        "f1-score": 0.8363150860628792,
        "support": 117.0
    },
    "micro_avg": {
        "precision": 0.8376068376068376,
        "recall": 0.8376068376068376,
        "f1-score": 0.8376068376068376
    },
    "regression": {
        "mse": 0.3162393162393162,
        "rmse": 0.5623515948579823,
        "mae": 0.21367521367521367,
        "kendall": 0.8018987360245495
    }
}