{
    "high": {
        "precision": 0.0,
        "recall": 0.0,
        "f1-score": 0.0,
        "support": 8.0
    },
    "low": {
        "precision": 0.7254901960784313,
        "recall": 0.8604651162790697,
        "f1-score": 0.7872340425531915,
        "support": 43.0
    },
    "medium": {
        "precision": 0.3333333333333333,
        "recall": 0.038461538461538464,
        "f1-score": 0.06896551724137931,
        "support": 26.0
    },
    "normal": {
        "precision": 0.5714285714285714,
        "recall": 0.9,
        "f1-score": 0.6990291262135923,
        "support": 40.0
    },
    "accuracy": 0.6324786324786325,
    "macro_avg": {
        "precision": 0.40756302521008403,
        "recall": 0.44973166368515205,
        "f1-score": 0.3888071715020408,
        "support": 117.0
    },
    "weighted_avg": {
        "precision": 0.5360674184203595,
        "recall": 0.6324786324786325,
        "f1-score": 0.5436353190308273,
        "support": 117.0
    },
    "micro_avg": {
        "precision": 0.6324786324786325,
        "recall": 0.6324786324786325,
        "f1-score": 0.6324786324786325
    },
    "regression": {
        "mse": 1.2307692307692308,
        "rmse": 1.1094003924504583,
        "mae": 0.6324786324786325,
        "kendall": 0.22193624355325933
    }
}