{
    "high": {
        "precision": 0.4,
        "recall": 0.25,
        "f1-score": 0.3076923076923077,
        "support": 8.0
    },
    "low": {
        "precision": 0.8085106382978723,
        "recall": 0.8837209302325582,
        "f1-score": 0.8444444444444444,
        "support": 43.0
    },
    "medium": {
        "precision": 0.7307692307692307,
        "recall": 0.7307692307692307,
        "f1-score": 0.7307692307692307,
        "support": 26.0
    },
    "normal": {
        "precision": 0.8717948717948718,
        "recall": 0.85,
        "f1-score": 0.8607594936708861,
        "support": 40.0
    },
    "accuracy": 0.7948717948717948,
    "macro_avg": {
        "precision": 0.7027686852154937,
        "recall": 0.6786225402504472,
        "f1-score": 0.6859163691442173,
        "support": 117.0
    },
    "weighted_avg": {
        "precision": 0.784938054005157,
        "recall": 0.7948717948717948,
        "f1-score": 0.788060079653718,
        "support": 117.0
    },
    "micro_avg": {
        "precision": 0.7948717948717948,
        "recall": 0.7948717948717948,
        "f1-score": 0.7948717948717948
    },
    "regression": {
        "mse": 0.5897435897435898,
        "rmse": 0.7679476477883045,
        "mae": 0.3162393162393162,
        "kendall": 0.6549217614894054
    }
}