{
    "high": {
        "precision": 0.4,
        "recall": 0.25,
        "f1-score": 0.3076923076923077,
        "support": 8.0
    },
    "low": {
        "precision": 0.8444444444444444,
        "recall": 0.8837209302325582,
        "f1-score": 0.8636363636363636,
        "support": 43.0
    },
    "medium": {
        "precision": 0.7241379310344828,
        "recall": 0.8076923076923077,
        "f1-score": 0.7636363636363637,
        "support": 26.0
    },
    "normal": {
        "precision": 0.9736842105263158,
        "recall": 0.925,
        "f1-score": 0.9487179487179487,
        "support": 40.0
    },
    "accuracy": 0.8376068376068376,
    "macro_avg": {
        "precision": 0.7355666465013108,
        "recall": 0.7166033094812165,
        "f1-score": 0.7209207459207458,
        "support": 117.0
    },
    "weighted_avg": {
        "precision": 0.8315048353765837,
        "recall": 0.8376068376068376,
        "f1-score": 0.8324885940270557,
        "support": 117.0
    },
    "micro_avg": {
        "precision": 0.8376068376068376,
        "recall": 0.8376068376068376,
        "f1-score": 0.8376068376068376
    },
    "regression": {
        "mse": 0.36752136752136755,
        "rmse": 0.6062354060275328,
        "mae": 0.23076923076923078,
        "kendall": 0.7792744522956724
    }
}