{
    "high": {
        "precision": 0.42857142857142855,
        "recall": 0.375,
        "f1-score": 0.4,
        "support": 8.0
    },
    "low": {
        "precision": 0.813953488372093,
        "recall": 0.813953488372093,
        "f1-score": 0.813953488372093,
        "support": 43.0
    },
    "medium": {
        "precision": 0.75,
        "recall": 0.6923076923076923,
        "f1-score": 0.72,
        "support": 26.0
    },
    "normal": {
        "precision": 0.8372093023255814,
        "recall": 0.9,
        "f1-score": 0.8674698795180723,
        "support": 40.0
    },
    "accuracy": 0.7863247863247863,
    "macro_avg": {
        "precision": 0.7074335548172758,
        "recall": 0.6953152951699464,
        "f1-score": 0.7003558419725413,
        "support": 117.0
    },
    "weighted_avg": {
        "precision": 0.7813413976204674,
        "recall": 0.7863247863247863,
        "f1-score": 0.7830666254762639,
        "support": 117.0
    },
    "micro_avg": {
        "precision": 0.7863247863247863,
        "recall": 0.7863247863247863,
        "f1-score": 0.7863247863247863
    },
    "regression": {
        "mse": 0.5042735042735043,
        "rmse": 0.7101221755962168,
        "mae": 0.29914529914529914,
        "kendall": 0.7054137442127795
    }
}