{
    "high": {
        "precision": 0.6,
        "recall": 0.375,
        "f1-score": 0.46153846153846156,
        "support": 8.0
    },
    "low": {
        "precision": 0.8,
        "recall": 0.8372093023255814,
        "f1-score": 0.8181818181818182,
        "support": 43.0
    },
    "medium": {
        "precision": 0.7407407407407407,
        "recall": 0.7692307692307693,
        "f1-score": 0.7547169811320755,
        "support": 26.0
    },
    "normal": {
        "precision": 0.95,
        "recall": 0.95,
        "f1-score": 0.95,
        "support": 40.0
    },
    "accuracy": 0.8290598290598291,
    "macro_avg": {
        "precision": 0.7726851851851853,
        "recall": 0.7328600178890876,
        "f1-score": 0.7461093152130889,
        "support": 117.0
    },
    "weighted_avg": {
        "precision": 0.8244381133270022,
        "recall": 0.8290598290598291,
        "f1-score": 0.8247586955859816,
        "support": 117.0
    },
    "micro_avg": {
        "precision": 0.8290598290598291,
        "recall": 0.8290598290598291,
        "f1-score": 0.8290598290598291
    },
    "regression": {
        "mse": 0.3504273504273504,
        "rmse": 0.5919690451597536,
        "mae": 0.23076923076923078,
        "kendall": 0.782389728717386
    }
}