{
    "high": {
        "precision": 0.75,
        "recall": 0.375,
        "f1-score": 0.5,
        "support": 8.0
    },
    "low": {
        "precision": 0.8333333333333334,
        "recall": 0.9302325581395349,
        "f1-score": 0.8791208791208791,
        "support": 43.0
    },
    "medium": {
        "precision": 0.7407407407407407,
        "recall": 0.7692307692307693,
        "f1-score": 0.7547169811320755,
        "support": 26.0
    },
    "normal": {
        "precision": 0.9736842105263158,
        "recall": 0.925,
        "f1-score": 0.9487179487179487,
        "support": 40.0
    },
    "accuracy": 0.8547008547008547,
    "macro_avg": {
        "precision": 0.8244395711500976,
        "recall": 0.7498658318425759,
        "f1-score": 0.7706389522427259,
        "support": 117.0
    },
    "weighted_avg": {
        "precision": 0.8550424018260275,
        "recall": 0.8547008547008547,
        "f1-score": 0.8493466432508523,
        "support": 117.0
    },
    "micro_avg": {
        "precision": 0.8547008547008547,
        "recall": 0.8547008547008547,
        "f1-score": 0.8547008547008547
    },
    "regression": {
        "mse": 0.29914529914529914,
        "rmse": 0.5469417694282447,
        "mae": 0.19658119658119658,
        "kendall": 0.8051984496968141
    }
}