{
    "high": {
        "precision": 0.5,
        "recall": 0.375,
        "f1-score": 0.42857142857142855,
        "support": 8.0
    },
    "low": {
        "precision": 0.9166666666666666,
        "recall": 0.7674418604651163,
        "f1-score": 0.8354430379746836,
        "support": 43.0
    },
    "medium": {
        "precision": 0.6111111111111112,
        "recall": 0.8461538461538461,
        "f1-score": 0.7096774193548387,
        "support": 26.0
    },
    "normal": {
        "precision": 0.9487179487179487,
        "recall": 0.925,
        "f1-score": 0.9367088607594937,
        "support": 40.0
    },
    "accuracy": 0.811965811965812,
    "macro_avg": {
        "precision": 0.7441239316239316,
        "recall": 0.7283989266547406,
        "f1-score": 0.7276001866651112,
        "support": 117.0
    },
    "weighted_avg": {
        "precision": 0.8312331068741324,
        "recall": 0.811965811965812,
        "f1-score": 0.8142956358554562,
        "support": 117.0
    },
    "micro_avg": {
        "precision": 0.811965811965812,
        "recall": 0.811965811965812,
        "f1-score": 0.811965811965812
    },
    "regression": {
        "mse": 0.36752136752136755,
        "rmse": 0.6062354060275328,
        "mae": 0.24786324786324787,
        "kendall": 0.7710101048013812
    }
}