{
    "high": {
        "precision": 1.0,
        "recall": 0.25,
        "f1-score": 0.4,
        "support": 8.0
    },
    "low": {
        "precision": 0.7608695652173914,
        "recall": 0.813953488372093,
        "f1-score": 0.7865168539325843,
        "support": 43.0
    },
    "medium": {
        "precision": 0.625,
        "recall": 0.7692307692307693,
        "f1-score": 0.6896551724137931,
        "support": 26.0
    },
    "normal": {
        "precision": 0.918918918918919,
        "recall": 0.85,
        "f1-score": 0.8831168831168831,
        "support": 40.0
    },
    "accuracy": 0.7777777777777778,
    "macro_avg": {
        "precision": 0.8261971210340776,
        "recall": 0.6707960644007156,
        "f1-score": 0.6898222273658151,
        "support": 117.0
    },
    "weighted_avg": {
        "precision": 0.8010610945393555,
        "recall": 0.7777777777777778,
        "f1-score": 0.7715891839874793,
        "support": 117.0
    },
    "micro_avg": {
        "precision": 0.7777777777777778,
        "recall": 0.7777777777777778,
        "f1-score": 0.7777777777777778
    },
    "regression": {
        "mse": 0.4017094017094017,
        "rmse": 0.633805492015809,
        "mae": 0.28205128205128205,
        "kendall": 0.7176063905561886
    }
}