{
    "high": {
        "precision": 0.6,
        "recall": 0.375,
        "f1-score": 0.46153846153846156,
        "support": 8.0
    },
    "low": {
        "precision": 0.8372093023255814,
        "recall": 0.8372093023255814,
        "f1-score": 0.8372093023255814,
        "support": 43.0
    },
    "medium": {
        "precision": 0.7241379310344828,
        "recall": 0.8076923076923077,
        "f1-score": 0.7636363636363637,
        "support": 26.0
    },
    "normal": {
        "precision": 0.95,
        "recall": 0.95,
        "f1-score": 0.95,
        "support": 40.0
    },
    "accuracy": 0.8376068376068376,
    "macro_avg": {
        "precision": 0.777836808340016,
        "recall": 0.7424754025044724,
        "f1-score": 0.7530960318751017,
        "support": 117.0
    },
    "weighted_avg": {
        "precision": 0.8344238137341585,
        "recall": 0.8376068376068376,
        "f1-score": 0.8337337875799414,
        "support": 117.0
    },
    "micro_avg": {
        "precision": 0.8376068376068376,
        "recall": 0.8376068376068376,
        "f1-score": 0.8376068376068376
    },
    "regression": {
        "mse": 0.38461538461538464,
        "rmse": 0.6201736729460423,
        "mae": 0.23076923076923078,
        "kendall": 0.7712368533066561
    }
}