{
    "high": {
        "precision": 0.75,
        "recall": 0.375,
        "f1-score": 0.5,
        "support": 8.0
    },
    "low": {
        "precision": 0.75,
        "recall": 0.8372093023255814,
        "f1-score": 0.7912087912087912,
        "support": 43.0
    },
    "medium": {
        "precision": 0.7037037037037037,
        "recall": 0.7307692307692307,
        "f1-score": 0.7169811320754716,
        "support": 26.0
    },
    "normal": {
        "precision": 0.8947368421052632,
        "recall": 0.85,
        "f1-score": 0.8717948717948718,
        "support": 40.0
    },
    "accuracy": 0.7863247863247863,
    "macro_avg": {
        "precision": 0.7746101364522417,
        "recall": 0.6982446332737031,
        "f1-score": 0.7199961987697836,
        "support": 117.0
    },
    "weighted_avg": {
        "precision": 0.789194615218007,
        "recall": 0.7863247863247863,
        "f1-score": 0.7823528404079928,
        "support": 117.0
    },
    "micro_avg": {
        "precision": 0.7863247863247863,
        "recall": 0.7863247863247863,
        "f1-score": 0.7863247863247863
    },
    "regression": {
        "mse": 0.4188034188034188,
        "rmse": 0.647150228929434,
        "mae": 0.28205128205128205,
        "kendall": 0.7121181080496937
    }
}