{
    "high": {
        "precision": 0.6666666666666666,
        "recall": 0.25,
        "f1-score": 0.36363636363636365,
        "support": 8.0
    },
    "low": {
        "precision": 0.7872340425531915,
        "recall": 0.8604651162790697,
        "f1-score": 0.8222222222222222,
        "support": 43.0
    },
    "medium": {
        "precision": 0.7241379310344828,
        "recall": 0.8076923076923077,
        "f1-score": 0.7636363636363637,
        "support": 26.0
    },
    "normal": {
        "precision": 0.868421052631579,
        "recall": 0.825,
        "f1-score": 0.8461538461538461,
        "support": 40.0
    },
    "accuracy": 0.7948717948717948,
    "macro_avg": {
        "precision": 0.76161492322148,
        "recall": 0.6857893559928443,
        "f1-score": 0.6989121989121989,
        "support": 117.0
    },
    "weighted_avg": {
        "precision": 0.7927250040622247,
        "recall": 0.7948717948717948,
        "f1-score": 0.7860285962850067,
        "support": 117.0
    },
    "micro_avg": {
        "precision": 0.7948717948717948,
        "recall": 0.7948717948717948,
        "f1-score": 0.7948717948717948
    },
    "regression": {
        "mse": 0.38461538461538464,
        "rmse": 0.6201736729460423,
        "mae": 0.26495726495726496,
        "kendall": 0.7324163770002218
    }
}