{
    "high": {
        "precision": 0.6666666666666666,
        "recall": 0.25,
        "f1-score": 0.36363636363636365,
        "support": 8.0
    },
    "low": {
        "precision": 0.6666666666666666,
        "recall": 0.13953488372093023,
        "f1-score": 0.23076923076923078,
        "support": 43.0
    },
    "medium": {
        "precision": 0.6666666666666666,
        "recall": 0.7692307692307693,
        "f1-score": 0.7142857142857143,
        "support": 26.0
    },
    "normal": {
        "precision": 0.5066666666666667,
        "recall": 0.95,
        "f1-score": 0.6608695652173913,
        "support": 40.0
    },
    "accuracy": 0.5641025641025641,
    "macro_avg": {
        "precision": 0.6266666666666667,
        "recall": 0.527191413237925,
        "f1-score": 0.49239021847717496,
        "support": 117.0
    },
    "weighted_avg": {
        "precision": 0.6119658119658119,
        "recall": 0.5641025641025641,
        "f1-score": 0.4943451197631799,
        "support": 117.0
    },
    "micro_avg": {
        "precision": 0.5641025641025641,
        "recall": 0.5641025641025641,
        "f1-score": 0.5641025641025641
    },
    "regression": {
        "mse": 0.7264957264957265,
        "rmse": 0.852347186594598,
        "mae": 0.5213675213675214,
        "kendall": 0.6004091180419154
    }
}