{
    "high": {
        "precision": 0.5454545454545454,
        "recall": 0.75,
        "f1-score": 0.631578947368421,
        "support": 8.0
    },
    "low": {
        "precision": 0.9433962264150944,
        "recall": 0.9259259259259259,
        "f1-score": 0.9345794392523364,
        "support": 108.0
    },
    "medium": {
        "precision": 0.9620253164556962,
        "recall": 0.9620253164556962,
        "f1-score": 0.9620253164556962,
        "support": 158.0
    },
    "normal": {
        "precision": 0.9884393063583815,
        "recall": 0.9827586206896551,
        "f1-score": 0.9855907780979827,
        "support": 174.0
    },
    "accuracy": 0.9575892857142857,
    "macro_avg": {
        "precision": 0.8598288486709293,
        "recall": 0.9051774657678194,
        "f1-score": 0.878443620293609,
        "support": 448.0
    },
    "weighted_avg": {
        "precision": 0.9603546163455913,
        "recall": 0.9575892857142857,
        "f1-score": 0.9586607285876086,
        "support": 448.0
    },
    "micro_avg": {
        "precision": 0.9575892857142857,
        "recall": 0.9575892857142857,
        "f1-score": 0.9575892857142857
    },
    "regression": {
        "mse": 0.05580357142857143,
        "rmse": 0.236227795630767,
        "mae": 0.046875,
        "kendall": 0.9588013032626012
    }
}