{
    "high": {
        "precision": 0.6666666666666666,
        "recall": 0.25,
        "f1-score": 0.36363636363636365,
        "support": 8.0
    },
    "low": {
        "precision": 0.911504424778761,
        "recall": 0.9537037037037037,
        "f1-score": 0.9321266968325792,
        "support": 108.0
    },
    "medium": {
        "precision": 0.949685534591195,
        "recall": 0.9556962025316456,
        "f1-score": 0.9526813880126183,
        "support": 158.0
    },
    "normal": {
        "precision": 0.9884393063583815,
        "recall": 0.9827586206896551,
        "f1-score": 0.9855907780979827,
        "support": 174.0
    },
    "accuracy": 0.953125,
    "macro_avg": {
        "precision": 0.879073983098751,
        "recall": 0.7855396317312512,
        "f1-score": 0.8085088066448859,
        "support": 448.0
    },
    "weighted_avg": {
        "precision": 0.9504789396901935,
        "recall": 0.953125,
        "f1-score": 0.9499893501385092,
        "support": 448.0
    },
    "micro_avg": {
        "precision": 0.953125,
        "recall": 0.953125,
        "f1-score": 0.953125
    },
    "regression": {
        "mse": 0.06696428571428571,
        "rmse": 0.25877458475338283,
        "mae": 0.05357142857142857,
        "kendall": 0.9508724138515435
    }
}