{
    "high": {
        "precision": 1.0,
        "recall": 0.125,
        "f1-score": 0.2222222222222222,
        "support": 8.0
    },
    "low": {
        "precision": 0.8222222222222222,
        "recall": 0.8604651162790697,
        "f1-score": 0.8409090909090909,
        "support": 43.0
    },
    "medium": {
        "precision": 0.6551724137931034,
        "recall": 0.7307692307692307,
        "f1-score": 0.6909090909090909,
        "support": 26.0
    },
    "normal": {
        "precision": 0.9285714285714286,
        "recall": 0.975,
        "f1-score": 0.9512195121951219,
        "support": 40.0
    },
    "accuracy": 0.8205128205128205,
    "macro_avg": {
        "precision": 0.8514915161466885,
        "recall": 0.6728085867620751,
        "f1-score": 0.6763149790588815,
        "support": 117.0
    },
    "weighted_avg": {
        "precision": 0.8336144910857555,
        "recall": 0.8205128205128205,
        "f1-score": 0.8029853464812815,
        "support": 117.0
    },
    "micro_avg": {
        "precision": 0.8205128205128205,
        "recall": 0.8205128205128205,
        "f1-score": 0.8205128205128205
    },
    "regression": {
        "mse": 0.28205128205128205,
        "rmse": 0.5310850045437944,
        "mae": 0.21367521367521367,
        "kendall": 0.8162677616857565
    }
}