{
    "high": {
        "precision": 0.42857142857142855,
        "recall": 0.375,
        "f1-score": 0.4,
        "support": 8.0
    },
    "low": {
        "precision": 0.8372093023255814,
        "recall": 0.8372093023255814,
        "f1-score": 0.8372093023255814,
        "support": 43.0
    },
    "medium": {
        "precision": 0.6896551724137931,
        "recall": 0.7692307692307693,
        "f1-score": 0.7272727272727273,
        "support": 26.0
    },
    "normal": {
        "precision": 0.8947368421052632,
        "recall": 0.85,
        "f1-score": 0.8717948717948718,
        "support": 40.0
    },
    "accuracy": 0.7948717948717948,
    "macro_avg": {
        "precision": 0.7125431863540166,
        "recall": 0.7078600178890877,
        "f1-score": 0.7090692253482951,
        "support": 117.0
    },
    "weighted_avg": {
        "precision": 0.7961459794490647,
        "recall": 0.7948717948717948,
        "f1-score": 0.7947084254776563,
        "support": 117.0
    },
    "micro_avg": {
        "precision": 0.7948717948717948,
        "recall": 0.7948717948717948,
        "f1-score": 0.7948717948717948
    },
    "regression": {
        "mse": 0.4017094017094017,
        "rmse": 0.633805492015809,
        "mae": 0.26495726495726496,
        "kendall": 0.7494475802261836
    }
}