{
    "high": {
        "precision": 1.0,
        "recall": 0.5,
        "f1-score": 0.6666666666666666,
        "support": 8.0
    },
    "low": {
        "precision": 0.8095238095238095,
        "recall": 0.7906976744186046,
        "f1-score": 0.8,
        "support": 43.0
    },
    "medium": {
        "precision": 0.7142857142857143,
        "recall": 0.7692307692307693,
        "f1-score": 0.7407407407407407,
        "support": 26.0
    },
    "normal": {
        "precision": 0.9302325581395349,
        "recall": 1.0,
        "f1-score": 0.963855421686747,
        "support": 40.0
    },
    "accuracy": 0.8376068376068376,
    "macro_avg": {
        "precision": 0.8635105204872646,
        "recall": 0.7649821109123435,
        "f1-score": 0.7928157072735386,
        "support": 117.0
    },
    "weighted_avg": {
        "precision": 0.8426517496284939,
        "recall": 0.8376068376068376,
        "f1-score": 0.8337334141885681,
        "support": 117.0
    },
    "micro_avg": {
        "precision": 0.8376068376068376,
        "recall": 0.8376068376068376,
        "f1-score": 0.8376068376068376
    },
    "regression": {
        "mse": 0.26495726495726496,
        "rmse": 0.5147399974329419,
        "mae": 0.19658119658119658,
        "kendall": 0.8223849003137693
    }
}