{
    "high": {
        "precision": 0.0,
        "recall": 0.0,
        "f1-score": 0.0,
        "support": 8.0
    },
    "low": {
        "precision": 0.7090909090909091,
        "recall": 0.9069767441860465,
        "f1-score": 0.7959183673469388,
        "support": 43.0
    },
    "medium": {
        "precision": 0.0,
        "recall": 0.0,
        "f1-score": 0.0,
        "support": 26.0
    },
    "normal": {
        "precision": 0.5645161290322581,
        "recall": 0.875,
        "f1-score": 0.6862745098039216,
        "support": 40.0
    },
    "accuracy": 0.6324786324786325,
    "macro_avg": {
        "precision": 0.3184017595307918,
        "recall": 0.4454941860465116,
        "f1-score": 0.3705482192877151,
        "support": 117.0
    },
    "weighted_avg": {
        "precision": 0.45360302779657624,
        "recall": 0.6324786324786325,
        "f1-score": 0.5271407708382498,
        "support": 117.0
    },
    "micro_avg": {
        "precision": 0.6324786324786325,
        "recall": 0.6324786324786325,
        "f1-score": 0.6324786324786325
    },
    "regression": {
        "mse": 1.2136752136752136,
        "rmse": 1.101669285073889,
        "mae": 0.6324786324786325,
        "kendall": 0.20970966781583603
    }
}