{
    "high": {
        "precision": 1.0,
        "recall": 0.375,
        "f1-score": 0.5454545454545454,
        "support": 8.0
    },
    "low": {
        "precision": 0.8974358974358975,
        "recall": 0.813953488372093,
        "f1-score": 0.8536585365853658,
        "support": 43.0
    },
    "medium": {
        "precision": 0.6875,
        "recall": 0.8461538461538461,
        "f1-score": 0.7586206896551724,
        "support": 26.0
    },
    "normal": {
        "precision": 0.9069767441860465,
        "recall": 0.975,
        "f1-score": 0.9397590361445783,
        "support": 40.0
    },
    "accuracy": 0.8461538461538461,
    "macro_avg": {
        "precision": 0.8729781604054859,
        "recall": 0.7525268336314849,
        "f1-score": 0.7743732019599154,
        "support": 117.0
    },
    "weighted_avg": {
        "precision": 0.8610582338220978,
        "recall": 0.8461538461538461,
        "f1-score": 0.8409013060993564,
        "support": 117.0
    },
    "micro_avg": {
        "precision": 0.8461538461538461,
        "recall": 0.8461538461538461,
        "f1-score": 0.8461538461538461
    },
    "regression": {
        "mse": 0.29914529914529914,
        "rmse": 0.5469417694282447,
        "mae": 0.19658119658119658,
        "kendall": 0.8110821169509024
    }
}