{
    "high": {
        "precision": 0.42857142857142855,
        "recall": 0.375,
        "f1-score": 0.4,
        "support": 8.0
    },
    "low": {
        "precision": 0.8571428571428571,
        "recall": 0.8372093023255814,
        "f1-score": 0.8470588235294118,
        "support": 43.0
    },
    "medium": {
        "precision": 0.7037037037037037,
        "recall": 0.7307692307692307,
        "f1-score": 0.7169811320754716,
        "support": 26.0
    },
    "normal": {
        "precision": 0.926829268292683,
        "recall": 0.95,
        "f1-score": 0.9382716049382716,
        "support": 40.0
    },
    "accuracy": 0.8205128205128205,
    "macro_avg": {
        "precision": 0.729061814427668,
        "recall": 0.723244633273703,
        "f1-score": 0.7255778901357888,
        "support": 117.0
    },
    "weighted_avg": {
        "precision": 0.8175656522539991,
        "recall": 0.8205128205128205,
        "f1-score": 0.8187684020791267,
        "support": 117.0
    },
    "micro_avg": {
        "precision": 0.8205128205128205,
        "recall": 0.8205128205128205,
        "f1-score": 0.8205128205128205
    },
    "regression": {
        "mse": 0.37606837606837606,
        "rmse": 0.6132441406718666,
        "mae": 0.23931623931623933,
        "kendall": 0.781821355398322
    }
}