{
    "high": {
        "precision": 0.75,
        "recall": 0.375,
        "f1-score": 0.5,
        "support": 8.0
    },
    "low": {
        "precision": 0.8181818181818182,
        "recall": 0.8372093023255814,
        "f1-score": 0.8275862068965517,
        "support": 43.0
    },
    "medium": {
        "precision": 0.7241379310344828,
        "recall": 0.8076923076923077,
        "f1-score": 0.7636363636363637,
        "support": 26.0
    },
    "normal": {
        "precision": 0.85,
        "recall": 0.85,
        "f1-score": 0.85,
        "support": 40.0
    },
    "accuracy": 0.8034188034188035,
    "macro_avg": {
        "precision": 0.7855799373040753,
        "recall": 0.7174754025044724,
        "f1-score": 0.7353056426332288,
        "support": 117.0
    },
    "weighted_avg": {
        "precision": 0.8034991828095277,
        "recall": 0.8034188034188035,
        "f1-score": 0.7986389089837366,
        "support": 117.0
    },
    "micro_avg": {
        "precision": 0.8034188034188035,
        "recall": 0.8034188034188035,
        "f1-score": 0.8034188034188035
    },
    "regression": {
        "mse": 0.5213675213675214,
        "rmse": 0.7220578379655755,
        "mae": 0.29914529914529914,
        "kendall": 0.6646486389121082
    }
}