{
    "high": {
        "precision": 0.75,
        "recall": 0.375,
        "f1-score": 0.5,
        "support": 8.0
    },
    "low": {
        "precision": 0.8461538461538461,
        "recall": 0.7674418604651163,
        "f1-score": 0.8048780487804879,
        "support": 43.0
    },
    "medium": {
        "precision": 0.6666666666666666,
        "recall": 0.8461538461538461,
        "f1-score": 0.7457627118644068,
        "support": 26.0
    },
    "normal": {
        "precision": 0.9024390243902439,
        "recall": 0.925,
        "f1-score": 0.9135802469135802,
        "support": 40.0
    },
    "accuracy": 0.811965811965812,
    "macro_avg": {
        "precision": 0.7913148843026891,
        "recall": 0.7283989266547406,
        "f1-score": 0.7410552518896187,
        "support": 117.0
    },
    "weighted_avg": {
        "precision": 0.8189359802868247,
        "recall": 0.811965811965812,
        "f1-score": 0.8080580895946902,
        "support": 117.0
    },
    "micro_avg": {
        "precision": 0.811965811965812,
        "recall": 0.811965811965812,
        "f1-score": 0.811965811965812
    }
}