{
    "high": {
        "precision": 0.42857142857142855,
        "recall": 0.375,
        "f1-score": 0.4,
        "support": 8.0
    },
    "low": {
        "precision": 0.7857142857142857,
        "recall": 0.7674418604651163,
        "f1-score": 0.7764705882352941,
        "support": 43.0
    },
    "medium": {
        "precision": 0.6785714285714286,
        "recall": 0.7307692307692307,
        "f1-score": 0.7037037037037037,
        "support": 26.0
    },
    "normal": {
        "precision": 0.875,
        "recall": 0.875,
        "f1-score": 0.875,
        "support": 40.0
    },
    "accuracy": 0.7692307692307693,
    "macro_avg": {
        "precision": 0.6919642857142857,
        "recall": 0.6870527728085868,
        "f1-score": 0.6887935729847494,
        "support": 117.0
    },
    "weighted_avg": {
        "precision": 0.7680097680097681,
        "recall": 0.7692307692307693,
        "f1-score": 0.7682438597471278,
        "support": 117.0
    },
    "micro_avg": {
        "precision": 0.7692307692307693,
        "recall": 0.7692307692307693,
        "f1-score": 0.7692307692307693
    },
    "regression": {
        "mse": 0.47863247863247865,
        "rmse": 0.6918326955503611,
        "mae": 0.3076923076923077,
        "kendall": 0.7070346035855504
    }
}