{
    "high": {
        "precision": 0.375,
        "recall": 0.375,
        "f1-score": 0.375,
        "support": 8.0
    },
    "low": {
        "precision": 0.9428571428571428,
        "recall": 0.7674418604651163,
        "f1-score": 0.8461538461538461,
        "support": 43.0
    },
    "medium": {
        "precision": 0.65625,
        "recall": 0.8076923076923077,
        "f1-score": 0.7241379310344828,
        "support": 26.0
    },
    "normal": {
        "precision": 0.9047619047619048,
        "recall": 0.95,
        "f1-score": 0.926829268292683,
        "support": 40.0
    },
    "accuracy": 0.811965811965812,
    "macro_avg": {
        "precision": 0.7197172619047619,
        "recall": 0.725033542039356,
        "f1-score": 0.7180302613702529,
        "support": 117.0
    },
    "weighted_avg": {
        "precision": 0.8273148148148148,
        "recall": 0.811965811965812,
        "f1-score": 0.8144048916514467,
        "support": 117.0
    },
    "micro_avg": {
        "precision": 0.811965811965812,
        "recall": 0.811965811965812,
        "f1-score": 0.811965811965812
    },
    "regression": {
        "mse": 0.41025641025641024,
        "rmse": 0.6405126152203485,
        "mae": 0.2564102564102564,
        "kendall": 0.7689541832598779
    }
}