{
    "high": {
        "precision": 1.0,
        "recall": 0.375,
        "f1-score": 0.5454545454545454,
        "support": 8.0
    },
    "low": {
        "precision": 0.813953488372093,
        "recall": 0.813953488372093,
        "f1-score": 0.813953488372093,
        "support": 43.0
    },
    "medium": {
        "precision": 0.6666666666666666,
        "recall": 0.8461538461538461,
        "f1-score": 0.7457627118644068,
        "support": 26.0
    },
    "normal": {
        "precision": 0.9736842105263158,
        "recall": 0.925,
        "f1-score": 0.9487179487179487,
        "support": 40.0
    },
    "accuracy": 0.8290598290598291,
    "macro_avg": {
        "precision": 0.8635760913912689,
        "recall": 0.7400268336314848,
        "f1-score": 0.7634721736022485,
        "support": 117.0
    },
    "weighted_avg": {
        "precision": 0.8485530064477432,
        "recall": 0.8290598290598291,
        "f1-score": 0.8265144001780246,
        "support": 117.0
    },
    "micro_avg": {
        "precision": 0.8290598290598291,
        "recall": 0.8290598290598291,
        "f1-score": 0.8290598290598291
    },
    "regression": {
        "mse": 0.29914529914529914,
        "rmse": 0.5469417694282447,
        "mae": 0.21367521367521367,
        "kendall": 0.7963008975844009
    }
}