{
    "high": {
        "precision": 0.5,
        "recall": 0.375,
        "f1-score": 0.42857142857142855,
        "support": 8.0
    },
    "low": {
        "precision": 0.8636363636363636,
        "recall": 0.8837209302325582,
        "f1-score": 0.8735632183908046,
        "support": 43.0
    },
    "medium": {
        "precision": 0.7142857142857143,
        "recall": 0.7692307692307693,
        "f1-score": 0.7407407407407407,
        "support": 26.0
    },
    "normal": {
        "precision": 0.9743589743589743,
        "recall": 0.95,
        "f1-score": 0.9620253164556962,
        "support": 40.0
    },
    "accuracy": 0.8461538461538461,
    "macro_avg": {
        "precision": 0.7630702630702632,
        "recall": 0.7444879248658318,
        "f1-score": 0.7512251760396675,
        "support": 117.0
    },
    "weighted_avg": {
        "precision": 0.8434371895910358,
        "recall": 0.8461538461538461,
        "f1-score": 0.8438637755287447,
        "support": 117.0
    },
    "micro_avg": {
        "precision": 0.8461538461538461,
        "recall": 0.8461538461538461,
        "f1-score": 0.8461538461538461
    },
    "regression": {
        "mse": 0.3333333333333333,
        "rmse": 0.5773502691896257,
        "mae": 0.21367521367521367,
        "kendall": 0.7982319918090507
    }
}