{
    "high": {
        "precision": 1.0,
        "recall": 0.375,
        "f1-score": 0.5454545454545454,
        "support": 8.0
    },
    "low": {
        "precision": 0.7916666666666666,
        "recall": 0.8837209302325582,
        "f1-score": 0.8351648351648352,
        "support": 43.0
    },
    "medium": {
        "precision": 0.6666666666666666,
        "recall": 0.6923076923076923,
        "f1-score": 0.6792452830188679,
        "support": 26.0
    },
    "normal": {
        "precision": 0.9743589743589743,
        "recall": 0.95,
        "f1-score": 0.9620253164556962,
        "support": 40.0
    },
    "accuracy": 0.8290598290598291,
    "macro_avg": {
        "precision": 0.8581730769230769,
        "recall": 0.7252571556350627,
        "f1-score": 0.7554724950234861,
        "support": 117.0
    },
    "weighted_avg": {
        "precision": 0.8405928117466579,
        "recall": 0.8290598290598291,
        "f1-score": 0.8240778999354075,
        "support": 117.0
    },
    "micro_avg": {
        "precision": 0.8290598290598291,
        "recall": 0.8290598290598291,
        "f1-score": 0.8290598290598291
    },
    "regression": {
        "mse": 0.27350427350427353,
        "rmse": 0.5229763603684908,
        "mae": 0.20512820512820512,
        "kendall": 0.8115025977056541
    }
}