{
    "high": {
        "precision": 0.375,
        "recall": 0.375,
        "f1-score": 0.375,
        "support": 8.0
    },
    "low": {
        "precision": 0.7441860465116279,
        "recall": 0.7441860465116279,
        "f1-score": 0.7441860465116279,
        "support": 43.0
    },
    "medium": {
        "precision": 0.7037037037037037,
        "recall": 0.7307692307692307,
        "f1-score": 0.7169811320754716,
        "support": 26.0
    },
    "normal": {
        "precision": 0.8974358974358975,
        "recall": 0.875,
        "f1-score": 0.8860759493670886,
        "support": 40.0
    },
    "accuracy": 0.7606837606837606,
    "macro_avg": {
        "precision": 0.6800814119128072,
        "recall": 0.6812388193202147,
        "f1-score": 0.680560781988547,
        "support": 117.0
    },
    "weighted_avg": {
        "precision": 0.7623395913994204,
        "recall": 0.7606837606837606,
        "f1-score": 0.7614063881080838,
        "support": 117.0
    },
    "micro_avg": {
        "precision": 0.7606837606837606,
        "recall": 0.7606837606837606,
        "f1-score": 0.7606837606837606
    },
    "regression": {
        "mse": 0.5128205128205128,
        "rmse": 0.7161148740394329,
        "mae": 0.3247863247863248,
        "kendall": 0.6975723952745407
    }
}