{
    "high": {
        "precision": 0.7142857142857143,
        "recall": 0.625,
        "f1-score": 0.6666666666666666,
        "support": 8.0
    },
    "low": {
        "precision": 0.9519230769230769,
        "recall": 0.9166666666666666,
        "f1-score": 0.9339622641509434,
        "support": 108.0
    },
    "medium": {
        "precision": 0.9554140127388535,
        "recall": 0.9493670886075949,
        "f1-score": 0.9523809523809523,
        "support": 158.0
    },
    "normal": {
        "precision": 0.9555555555555556,
        "recall": 0.9885057471264368,
        "f1-score": 0.9717514124293786,
        "support": 174.0
    },
    "accuracy": 0.9508928571428571,
    "macro_avg": {
        "precision": 0.8942945898758001,
        "recall": 0.8698848756001746,
        "f1-score": 0.8811903239069853,
        "support": 448.0
    },
    "weighted_avg": {
        "precision": 0.9503215596013026,
        "recall": 0.9508928571428571,
        "f1-score": 0.9503620404029857,
        "support": 448.0
    },
    "micro_avg": {
        "precision": 0.9508928571428571,
        "recall": 0.9508928571428571,
        "f1-score": 0.9508928571428571
    },
    "regression": {
        "mse": 0.10491071428571429,
        "rmse": 0.3238992347717331,
        "mae": 0.06473214285714286,
        "kendall": 0.932927992968721
    }
}