{
    "high": {
        "precision": 1.0,
        "recall": 0.25,
        "f1-score": 0.4,
        "support": 8.0
    },
    "low": {
        "precision": 0.7346938775510204,
        "recall": 0.8372093023255814,
        "f1-score": 0.782608695652174,
        "support": 43.0
    },
    "medium": {
        "precision": 0.6451612903225806,
        "recall": 0.7692307692307693,
        "f1-score": 0.7017543859649122,
        "support": 26.0
    },
    "normal": {
        "precision": 0.9714285714285714,
        "recall": 0.85,
        "f1-score": 0.9066666666666666,
        "support": 40.0
    },
    "accuracy": 0.7863247863247863,
    "macro_avg": {
        "precision": 0.8378209348255431,
        "recall": 0.6766100178890877,
        "f1-score": 0.6977574370709382,
        "support": 117.0
    },
    "weighted_avg": {
        "precision": 0.8138732747027677,
        "recall": 0.7863247863247863,
        "f1-score": 0.7808927744854518,
        "support": 117.0
    },
    "micro_avg": {
        "precision": 0.7863247863247863,
        "recall": 0.7863247863247863,
        "f1-score": 0.7863247863247863
    },
    "regression": {
        "mse": 0.39316239316239315,
        "rmse": 0.6270266287506402,
        "mae": 0.27350427350427353,
        "kendall": 0.7262692634793396
    }
}