{
    "high": {
        "precision": 0.0,
        "recall": 0.0,
        "f1-score": 0.0,
        "support": 8.0
    },
    "low": {
        "precision": 0.639344262295082,
        "recall": 0.9069767441860465,
        "f1-score": 0.75,
        "support": 43.0
    },
    "medium": {
        "precision": 1.0,
        "recall": 0.11538461538461539,
        "f1-score": 0.20689655172413793,
        "support": 26.0
    },
    "normal": {
        "precision": 0.6981132075471698,
        "recall": 0.925,
        "f1-score": 0.7956989247311828,
        "support": 40.0
    },
    "accuracy": 0.6752136752136753,
    "macro_avg": {
        "precision": 0.584364367460563,
        "recall": 0.48684033989266545,
        "f1-score": 0.43814886911383016,
        "support": 117.0
    },
    "weighted_avg": {
        "precision": 0.6958660818852591,
        "recall": 0.6752136752136753,
        "f1-score": 0.5936518575561958,
        "support": 117.0
    },
    "micro_avg": {
        "precision": 0.6752136752136753,
        "recall": 0.6752136752136753,
        "f1-score": 0.6752136752136753
    },
    "regression": {
        "mse": 0.8717948717948718,
        "rmse": 0.9336995618478525,
        "mae": 0.49572649572649574,
        "kendall": 0.47684554203706075
    }
}