{
    "high": {
        "precision": 0.6,
        "recall": 0.375,
        "f1-score": 0.46153846153846156,
        "support": 8.0
    },
    "low": {
        "precision": 0.76,
        "recall": 0.8837209302325582,
        "f1-score": 0.8172043010752689,
        "support": 43.0
    },
    "medium": {
        "precision": 0.68,
        "recall": 0.6538461538461539,
        "f1-score": 0.6666666666666666,
        "support": 26.0
    },
    "normal": {
        "precision": 0.918918918918919,
        "recall": 0.85,
        "f1-score": 0.8831168831168831,
        "support": 40.0
    },
    "accuracy": 0.7863247863247863,
    "macro_avg": {
        "precision": 0.7397297297297297,
        "recall": 0.690641771019678,
        "f1-score": 0.70713157809932,
        "support": 117.0
    },
    "weighted_avg": {
        "precision": 0.7856133056133056,
        "recall": 0.7863247863247863,
        "f1-score": 0.7819666777483154,
        "support": 117.0
    },
    "micro_avg": {
        "precision": 0.7863247863247863,
        "recall": 0.7863247863247863,
        "f1-score": 0.7863247863247863
    },
    "regression": {
        "mse": 0.39316239316239315,
        "rmse": 0.6270266287506402,
        "mae": 0.27350427350427353,
        "kendall": 0.7300551328797963
    }
}