{
    "high": {
        "precision": 0.6,
        "recall": 0.375,
        "f1-score": 0.46153846153846156,
        "support": 8.0
    },
    "low": {
        "precision": 0.7906976744186046,
        "recall": 0.7906976744186046,
        "f1-score": 0.7906976744186046,
        "support": 43.0
    },
    "medium": {
        "precision": 0.6333333333333333,
        "recall": 0.7307692307692307,
        "f1-score": 0.6785714285714286,
        "support": 26.0
    },
    "normal": {
        "precision": 0.8717948717948718,
        "recall": 0.85,
        "f1-score": 0.8607594936708861,
        "support": 40.0
    },
    "accuracy": 0.7692307692307693,
    "macro_avg": {
        "precision": 0.7239564698867024,
        "recall": 0.6866167262969589,
        "f1-score": 0.6978917645498453,
        "support": 117.0
    },
    "weighted_avg": {
        "precision": 0.770414201183432,
        "recall": 0.7692307692307693,
        "f1-score": 0.7672268767692331,
        "support": 117.0
    },
    "micro_avg": {
        "precision": 0.7692307692307693,
        "recall": 0.7692307692307693,
        "f1-score": 0.7692307692307693
    },
    "regression": {
        "mse": 0.4358974358974359,
        "rmse": 0.6602252917735247,
        "mae": 0.29914529914529914,
        "kendall": 0.7045733831725752
    }
}