{
    "high": {
        "precision": 0.6666666666666666,
        "recall": 0.25,
        "f1-score": 0.36363636363636365,
        "support": 8.0
    },
    "low": {
        "precision": 0.7407407407407407,
        "recall": 0.9302325581395349,
        "f1-score": 0.8247422680412371,
        "support": 43.0
    },
    "medium": {
        "precision": 0.85,
        "recall": 0.6538461538461539,
        "f1-score": 0.7391304347826086,
        "support": 26.0
    },
    "normal": {
        "precision": 0.875,
        "recall": 0.875,
        "f1-score": 0.875,
        "support": 40.0
    },
    "accuracy": 0.8034188034188035,
    "macro_avg": {
        "precision": 0.7831018518518519,
        "recall": 0.6772696779964221,
        "f1-score": 0.7006272666150524,
        "support": 117.0
    },
    "weighted_avg": {
        "precision": 0.8058562836340614,
        "recall": 0.8034188034188035,
        "f1-score": 0.7913709379419822,
        "support": 117.0
    },
    "micro_avg": {
        "precision": 0.8034188034188035,
        "recall": 0.8034188034188035,
        "f1-score": 0.8034188034188035
    },
    "regression": {
        "mse": 0.5128205128205128,
        "rmse": 0.7161148740394329,
        "mae": 0.2905982905982906,
        "kendall": 0.6895658205877915
    }
}